Leave_ID,Employee_ID,Leave_Date,Leave_Type,Leave_Days,Approval_Status
1,1006,2025-03-19,Casual Leave,3,Approved
2,1266,2025-03-18,Sick Leave,2,Approved
3,1157,2025-05-06,Earned Leave,3,Approved
4,1378,2025-10-03,Casual Leave,1,Pending
5,1044,2025-01-28,Sick Leave,1,Pending
6,1372,2025-11-05,Earned Leave,1,Approved
7,1186,2025-12-19,Emergency Leave,2,Approved
8,1200,2025-10-29,Casual Leave,1,Approved
9,1149,2025-09-21,Sick Leave,1,Approved
10,1094,2025-04-04,Sick Leave,1,Rejected
11,1444,2025-01-16,Emergency Leave,1,Approved
12,1286,2025-06-28,Emergency Leave,1,Approved
13,1431,2025-11-26,Casual Leave,1,Approved
14,1148,2025-03-04,Emergency Leave,3,Approved
15,1301,2025-07-01,Sick Leave,1,Approved
16,1115,2025-09-03,Sick Leave,1,Approved
17,1491,2025-09-17,Emergency Leave,1,Approved
18,1131,2025-06-24,Earned Leave,1,Approved
19,1099,2025-05-06,Earned Leave,2,Approved
20,1458,2025-03-20,Earned Leave,1,Approved
21,1380,2025-10-30,Sick Leave,1,Approved
22,1486,2025-06-27,Earned Leave,2,Approved
23,1062,2025-11-24,Sick Leave,1,Approved
24,1426,2025-08-19,Casual Leave,1,Approved
25,1300,2025-07-07,Casual Leave,1,Approved
26,1337,2025-10-07,Emergency Leave,2,Approved
27,1445,2025-05-12,Casual Leave,3,Approved
28,1274,2025-10-04,Emergency Leave,1,Approved
29,1484,2025-07-04,Earned Leave,2,Approved
30,1459,2025-10-17,Casual Leave,1,Approved
31,1251,2025-04-05,Emergency Leave,1,Approved
32,1272,2025-04-27,Sick Leave,3,Approved
33,1218,2025-03-04,Earned Leave,1,Rejected
34,1485,2025-06-14,Emergency Leave,1,Approved
35,1427,2025-02-02,Casual Leave,1,Pending
36,1376,2025-12-22,Earned Leave,1,Approved
37,1117,2025-07-16,Sick Leave,2,Approved
38,1071,2025-09-09,Sick Leave,3,Rejected
39,1398,2025-05-21,Earned Leave,2,Approved
40,1173,2025-05-15,Earned Leave,1,Approved
41,1274,2025-10-04,Emergency Leave,2,Rejected
42,1454,2025-11-01,Casual Leave,1,Approved
43,1458,2025-02-04,Sick Leave,1,Approved
44,1080,2025-10-04,Emergency Leave,1,Rejected
45,1427,2025-05-01,Earned Leave,1,Approved
46,1088,2025-03-26,Casual Leave,1,Approved
47,1032,2025-09-23,Earned Leave,2,Approved
48,1347,2025-11-17,Emergency Leave,1,Approved
49,1345,2025-09-07,Emergency Leave,1,Approved
50,1063,2025-08-09,Emergency Leave,1,Approved
51,1092,2025-08-21,Earned Leave,1,Approved
52,1340,2025-11-06,Casual Leave,1,Approved
53,1401,2025-12-08,Emergency Leave,1,Approved
54,1200,2025-02-06,Emergency Leave,1,Approved
55,1228,2025-09-29,Emergency Leave,1,Approved
56,1339,2025-04-15,Earned Leave,1,Approved
57,1026,2025-09-23,Sick Leave,1,Approved
58,1244,2025-02-20,Sick Leave,2,Approved
59,1023,2025-04-01,Casual Leave,1,Approved
60,1433,2025-08-02,Emergency Leave,1,Rejected
61,1432,2025-02-04,Earned Leave,2,Approved
62,1436,2025-04-02,Sick Leave,1,Approved
63,1359,2025-08-21,Earned Leave,1,Pending
64,1004,2025-09-18,Sick Leave,1,Approved
65,1447,2025-03-04,Casual Leave,1,Rejected
66,1084,2025-04-25,Sick Leave,1,Approved
67,1362,2025-08-23,Emergency Leave,1,Approved
68,1393,2025-10-03,Casual Leave,2,Rejected
69,1481,2025-04-16,Earned Leave,1,Approved
70,1320,2025-12-26,Emergency Leave,1,Approved
71,1481,2025-07-17,Earned Leave,2,Approved
72,1009,2025-07-02,Sick Leave,2,Pending
73,1005,2025-06-24,Earned Leave,1,Approved
74,1497,2025-10-22,Casual Leave,2,Approved
75,1286,2025-02-24,Emergency Leave,3,Approved
76,1436,2025-08-02,Sick Leave,1,Approved
77,1113,2025-09-02,Sick Leave,1,Approved
78,1491,2025-11-13,Earned Leave,1,Pending
79,1352,2025-05-12,Earned Leave,1,Approved
80,1399,2025-10-23,Emergency Leave,1,Approved
81,1415,2025-04-30,Casual Leave,1,Rejected
82,1072,2025-07-29,Sick Leave,1,Approved
83,1442,2025-06-21,Sick Leave,1,Approved
84,1043,2025-04-30,Earned Leave,1,Rejected
85,1440,2025-10-02,Sick Leave,1,Approved
86,1382,2025-12-23,Emergency Leave,1,Approved
87,1272,2025-12-03,Casual Leave,3,Approved
88,1178,2025-09-19,Sick Leave,1,Rejected
89,1486,2025-01-30,Earned Leave,2,Approved
90,1147,2025-06-21,Earned Leave,1,Approved
91,1077,2025-04-13,Casual Leave,1,Approved
92,1241,2025-11-01,,2,Approved
93,1461,2025-02-11,Casual Leave,2,Approved
94,1440,2025-11-20,Earned Leave,1,Approved
95,1281,2025-12-20,Earned Leave,1,Approved
96,1471,2025-12-23,Earned Leave,1,Approved
97,1277,2025-01-18,Emergency Leave,3,Approved
98,1062,2025-01-19,Emergency Leave,1,Approved
99,1116,2025-03-27,Earned Leave,1,Rejected
100,1395,2025-07-18,Earned Leave,1,Rejected
101,1087,2025-07-13,Casual Leave,1,Approved
102,1009,2025-01-12,Earned Leave,1,Approved
103,1216,2025-12-29,Earned Leave,1,Approved
104,1072,2025-03-30,Emergency Leave,2,Pending
105,1314,2025-11-01,Emergency Leave,1,Approved
106,1134,2025-03-25,Sick Leave,2,Rejected
107,1241,2025-11-02,Sick Leave,1,Approved
108,1345,2025-07-21,Casual Leave,1,Approved
109,1397,2025-05-07,Casual Leave,3,Approved
110,1106,2025-01-10,Sick Leave,3,Approved
111,1198,2025-01-24,Earned Leave,1,Pending
112,1050,2025-10-06,Emergency Leave,1,Approved
113,1376,2025-07-09,Sick Leave,3,Approved
114,1067,2025-07-24,Earned Leave,1,Approved
115,1028,2025-02-23,Sick Leave,1,Approved
116,1285,2025-10-01,Earned Leave,2,Pending
117,1170,2025-05-27,Emergency Leave,1,Pending
118,1356,2025-08-30,Sick Leave,1,Approved
119,1093,2025-12-09,Earned Leave,1,Pending
120,1437,2025-12-03,Emergency Leave,1,Approved
121,1257,2025-09-28,Sick Leave,1,Approved
122,1264,2025-07-10,Sick Leave,1,Approved
123,1126,2025-12-25,Sick Leave,1,Pending
124,1180,2025-08-11,Earned Leave,1,Pending
125,1226,2025-10-07,Sick Leave,2,Approved
126,1355,2025-01-17,Sick Leave,1,Approved
127,1426,2025-01-21,Casual Leave,1,Approved
128,1240,2025-07-25,Emergency Leave,2,Approved
129,1312,2025-06-03,Emergency Leave,1,Approved
130,1495,2025-11-30,Emergency Leave,1,Approved
131,1441,2025-07-19,Emergency Leave,1,Approved
132,1332,2025-06-14,Emergency Leave,1,Approved
133,1405,2025-01-10,Earned Leave,1,Approved
134,1292,2025-06-24,Earned Leave,2,Approved
135,1491,2025-03-12,Emergency Leave,1,Approved
136,1081,2025-05-09,Casual Leave,1,Approved
137,1292,2025-03-06,Emergency Leave,1,Approved
138,1361,2025-07-24,Emergency Leave,2,Approved
139,1080,2025-04-14,Earned Leave,1,Approved
140,1178,2025-04-06,Emergency Leave,2,Approved
141,1470,2025-10-06,Earned Leave,1,Approved
142,1060,2025-12-17,Earned Leave,1,Approved
143,1135,2025-11-25,Earned Leave,1,Approved
144,1464,2025-11-06,Earned Leave,2,Approved
145,1165,2025-06-08,Emergency Leave,2,Approved
146,1463,2025-11-23,Emergency Leave,1,Approved
147,1338,2025-04-12,Sick Leave,1,Approved
148,1452,2025-07-03,Emergency Leave,1,Approved
149,1173,2025-04-18,Earned Leave,1,Rejected
150,1101,2025-03-06,Sick Leave,1,Approved
151,1258,2025-02-15,Casual Leave,1,Approved
152,1224,2025-01-06,Emergency Leave,2,Approved
153,1366,2025-09-24,Earned Leave,1,Approved
154,1151,2025-12-30,Sick Leave,1,Approved
155,1411,2025-10-29,Sick Leave,2,Approved
156,1335,2025-04-25,Earned Leave,1,Rejected
157,1072,2025-06-28,Casual Leave,2,Approved
158,1310,2025-04-15,Earned Leave,1,Approved
159,1092,2025-04-28,Sick Leave,1,Approved
160,1046,2025-03-08,Casual Leave,2,Approved
161,1364,2025-06-23,Earned Leave,1,Approved
162,1463,2025-05-14,Casual Leave,1,Pending
163,1332,2025-11-09,Casual Leave,1,Approved
164,1109,2025-09-20,Casual Leave,1,Approved
165,1226,2025-06-03,Casual Leave,1,Pending
166,1364,2025-11-15,Sick Leave,1,Approved
167,1024,2025-12-28,Casual Leave,1,Approved
168,1246,2025-04-16,Emergency Leave,1,Approved
169,1344,2025-08-19,Earned Leave,2,Approved
170,1084,2025-08-09,Earned Leave,2,Approved
171,1164,2025-08-05,Sick Leave,2,Approved
172,1215,2025-08-31,Casual Leave,1,Approved
173,1026,2025-01-28,Emergency Leave,1,Pending
174,1060,2025-11-17,Sick Leave,1,Approved
175,1332,2025-06-02,Sick Leave,1,Approved
176,1275,2025-03-15,Emergency Leave,1,Pending
177,1063,2025-12-12,Earned Leave,1,Pending
178,1160,2025-08-28,Emergency Leave,1,Approved
179,1207,2025-09-04,Emergency Leave,1,Approved
180,1280,2025-09-02,Casual Leave,1,Approved
181,1442,2025-02-14,Emergency Leave,2,Approved
182,1174,2025-06-14,Earned Leave,1,Approved
183,1342,2025-05-20,Casual Leave,1,Rejected
184,1057,2025-04-14,Casual Leave,2,Approved
185,1424,2025-07-08,Earned Leave,2,Approved
186,1341,2025-12-29,Earned Leave,2,Rejected
187,1346,2025-10-20,Emergency Leave,1,Approved
188,1289,2025-12-12,Sick Leave,1,Approved
189,1336,2025-02-09,Sick Leave,1,Approved
190,1389,2025-08-29,Earned Leave,1,Approved
191,1175,2025-08-21,Earned Leave,1,Approved
192,1247,2025-04-28,Earned Leave,2,Pending
193,1373,2025-06-06,Earned Leave,1,Approved
194,1207,2025-07-20,Earned Leave,2,Rejected
195,1352,2025-10-08,Casual Leave,1,Approved
196,1184,2025-03-18,Casual Leave,2,Approved
197,1216,2025-09-27,Earned Leave,2,Approved
198,1112,2025-01-10,Sick Leave,1,Approved
199,1300,2025-03-16,Earned Leave,1,Rejected
200,1160,2025-07-30,Sick Leave,1,Approved
201,1186,2025-11-14,Emergency Leave,2,Approved
202,1081,2025-01-25,Casual Leave,1,Approved
203,1019,2025-03-03,Sick Leave,1,Approved
204,1010,2025-08-27,Earned Leave,1,Approved
205,1247,2025-02-09,Earned Leave,2,Pending
206,1388,2025-01-25,Sick Leave,1,Pending
207,1108,2025-01-19,Earned Leave,1,Approved
208,1298,2025-10-09,Emergency Leave,1,Approved
209,1454,2025-03-22,Sick Leave,1,Approved
210,1104,2025-04-02,Casual Leave,1,Approved
211,1095,2025-05-20,Emergency Leave,1,Approved
212,1421,2025-05-27,Sick Leave,1,Approved
213,1274,2025-06-05,Sick Leave,1,Approved
214,1028,2025-07-11,Sick Leave,1,Approved
215,1171,2025-09-03,Earned Leave,1,Approved
216,1137,2025-04-05,Casual Leave,2,Rejected
217,1227,2025-12-15,Emergency Leave,1,Approved
218,1007,2025-09-16,Sick Leave,1,Approved
219,1278,2025-04-06,Earned Leave,1,Approved
220,1293,2025-12-27,Earned Leave,1,Approved
221,1088,2025-03-17,Casual Leave,3,Approved
222,1047,2025-09-14,Casual Leave,1,Pending
223,1235,2025-12-03,Earned Leave,1,Pending
224,1267,2025-09-13,Casual Leave,1,Approved
225,1099,2025-01-26,Earned Leave,1,Approved
226,1282,2025-09-01,Emergency Leave,1,Approved
227,1160,2025-04-01,Earned Leave,1,Approved
228,1405,2025-04-01,Emergency Leave,1,Approved
229,1447,2025-07-02,Earned Leave,3,Pending
230,1425,2025-01-18,Casual Leave,3,Approved
231,1022,2025-12-24,Casual Leave,1,Approved
232,1088,2025-08-05,Earned Leave,1,Approved
233,1139,2025-10-02,Earned Leave,1,Approved
234,1195,2025-01-31,Earned Leave,1,Approved
235,1487,2025-06-30,Emergency Leave,3,Approved
236,1121,2025-10-18,Casual Leave,2,Approved
237,1089,2025-01-05,Casual Leave,1,Approved
238,1318,2025-03-05,Emergency Leave,1,Pending
239,1166,2025-01-11,Sick Leave,1,Approved
240,1230,2025-04-23,Casual Leave,1,Approved
241,1010,2025-03-04,Casual Leave,2,Rejected
242,1439,2025-02-17,Emergency Leave,1,Pending
243,1173,2025-11-27,Earned Leave,1,Pending
244,1232,2025-09-13,Casual Leave,1,Approved
245,1222,2025-06-29,Emergency Leave,1,Rejected
246,1198,2025-08-12,Sick Leave,2,Approved
247,1424,2025-02-07,Emergency Leave,2,Pending
248,1186,2025-11-22,Earned Leave,1,Rejected
249,1141,2025-05-25,Emergency Leave,1,Approved
250,1094,2025-11-30,Casual Leave,1,Pending
251,1222,2025-09-21,Emergency Leave,1,Approved
252,1436,2025-06-21,Sick Leave,1,Approved
253,1385,2025-12-28,Casual Leave,2,Approved
254,1449,2025-09-10,Emergency Leave,1,Approved
255,1139,2025-09-21,Emergency Leave,1,Approved
256,1296,2025-12-11,Earned Leave,1,Approved
257,1335,2025-11-26,Emergency Leave,1,Approved
258,1180,2025-07-30,Earned Leave,1,Approved
259,1301,2025-07-03,Emergency Leave,1,Approved
260,1429,2025-12-13,Emergency Leave,1,Approved
261,1104,2025-09-10,Sick Leave,1,Approved
262,1382,2025-04-23,Casual Leave,1,Approved
263,1335,2025-07-16,Earned Leave,1,Pending
264,1225,2025-12-14,Casual Leave,1,Rejected
265,1415,2025-08-10,Emergency Leave,1,Approved
266,1028,2025-07-07,Earned Leave,1,Approved
267,1328,2025-01-26,Emergency Leave,1,Approved
268,1210,2025-07-11,Earned Leave,1,Approved
269,1332,2025-02-17,Casual Leave,1,Approved
270,1131,2025-05-14,Earned Leave,1,Rejected
271,1419,2025-09-21,Casual Leave,2,Approved
272,1063,2025-02-21,Sick Leave,1,Rejected
273,1049,2025-08-27,Sick Leave,1,Rejected
274,1308,2025-01-10,Sick Leave,1,Approved
275,1102,2025-07-16,Sick Leave,2,Approved
276,1333,2025-01-19,Casual Leave,2,Approved
277,1152,2025-10-16,Casual Leave,1,Rejected
278,1466,2025-05-03,Earned Leave,1,Approved
279,1061,2025-10-10,Emergency Leave,1,Approved
280,1030,2025-09-21,Emergency Leave,1,Approved
281,1294,2025-11-19,Sick Leave,2,Rejected
282,1467,2025-05-07,Sick Leave,2,Approved
283,1427,2025-12-25,Emergency Leave,1,Approved
284,1117,2025-01-27,Earned Leave,1,Rejected
285,1108,2025-12-07,Sick Leave,1,Rejected
286,1320,2025-07-06,Emergency Leave,1,Approved
287,1484,2025-12-29,Sick Leave,1,Approved
288,1474,2025-09-15,Sick Leave,1,Approved
289,1440,2025-11-10,Earned Leave,2,Approved
290,1339,2025-01-02,Emergency Leave,1,Approved
291,1333,2025-08-02,Casual Leave,1,Approved
292,1257,2025-11-08,Sick Leave,1,Rejected
293,1278,2025-09-20,Sick Leave,1,Rejected
294,1065,2025-05-28,Earned Leave,2,Rejected
295,1030,2025-12-03,Earned Leave,1,Approved
296,1285,2025-01-07,Casual Leave,1,Rejected
297,1331,2025-01-14,Earned Leave,1,Approved
298,1302,2025-07-25,Casual Leave,1,Approved
299,1434,2025-02-07,Sick Leave,1,Approved
300,1093,2025-01-29,Sick Leave,2,Approved
301,1107,2025-01-18,Sick Leave,1,Pending
302,1358,2025-08-15,Earned Leave,2,Approved
303,1163,2025-06-12,Casual Leave,1,Approved
304,1149,2025-03-17,Emergency Leave,1,Rejected
305,1146,2025-08-02,Earned Leave,1,Approved
306,1486,2025-06-27,Sick Leave,2,Approved
307,1389,2025-12-23,Casual Leave,1,Approved
308,1350,2025-08-16,Earned Leave,1,Approved
309,1417,2025-06-14,Casual Leave,1,Pending
310,1481,2025-03-14,Sick Leave,2,Rejected
311,1128,2025-07-23,Earned Leave,1,Approved
312,1449,2025-09-08,Earned Leave,2,Approved
313,1118,2025-08-02,Emergency Leave,1,Rejected
314,1277,2025-04-20,Casual Leave,1,Approved
315,1057,2025-01-16,Emergency Leave,1,Rejected
316,1044,2025-11-23,Emergency Leave,1,Approved
317,1328,2025-10-04,Casual Leave,1,Rejected
318,1031,2025-08-18,Sick Leave,1,Approved
319,1116,2025-11-01,Casual Leave,1,Rejected
320,1227,2025-12-19,Earned Leave,2,Approved
321,1034,2025-10-05,Earned Leave,1,Approved
322,1223,2025-02-24,Casual Leave,1,Approved
323,1363,2025-06-19,Earned Leave,1,Approved
324,1482,2025-07-18,Sick Leave,1,Approved
325,1135,2025-08-20,Casual Leave,2,Approved
326,1005,2025-12-15,Emergency Leave,1,Approved
327,1393,2025-10-11,Emergency Leave,1,Approved
328,1440,2025-07-29,Emergency Leave,1,Approved
329,1200,2025-01-30,Earned Leave,1,Rejected
330,1298,2025-08-14,Sick Leave,2,Approved
331,1036,2025-11-01,Emergency Leave,1,Approved
332,1163,2025-11-18,Casual Leave,2,Approved
333,1120,2025-05-01,Sick Leave,2,Approved
334,1440,2025-08-05,Casual Leave,2,Approved
335,1214,2025-06-13,Casual Leave,2,Approved
336,1175,2025-08-15,Emergency Leave,1,Approved
337,1197,2025-06-06,Earned Leave,1,Approved
338,1353,2025-07-12,Casual Leave,2,Approved
339,1441,2025-02-27,Sick Leave,1,Approved
340,1173,2025-10-12,Emergency Leave,1,Approved
341,1492,2025-03-11,Earned Leave,1,Rejected
342,1015,2025-12-27,Sick Leave,1,Approved
343,1297,2025-02-18,Emergency Leave,1,Approved
344,1237,2025-12-27,Earned Leave,1,Approved
345,1256,2025-05-02,Emergency Leave,1,Approved
346,1489,2025-04-24,Emergency Leave,1,Approved
347,1342,2025-09-17,Emergency Leave,2,Approved
348,1115,2025-09-28,Earned Leave,1,Approved
349,1460,2025-04-23,Sick Leave,1,Approved
350,1118,2025-09-10,Earned Leave,2,Approved
351,1081,2025-01-09,Earned Leave,1,Pending
352,1215,2025-06-11,Casual Leave,1,Approved
353,1074,2025-05-15,Sick Leave,1,Approved
354,1302,2025-05-21,Sick Leave,1,Approved
355,1472,2025-08-04,Emergency Leave,1,Approved
356,1403,2025-02-12,Emergency Leave,1,Pending
357,1443,2025-03-07,Emergency Leave,1,Approved
358,1189,2025-05-18,Sick Leave,2,Approved
359,1358,2025-10-21,Emergency Leave,1,Approved
360,1082,2025-12-19,Earned Leave,1,Approved
361,1327,2025-05-13,Emergency Leave,1,Approved
362,1266,2025-11-27,Sick Leave,1,Approved
363,1479,2025-11-08,Emergency Leave,2,Approved
364,1297,2025-12-23,Casual Leave,1,Approved
365,1480,2025-02-23,Casual Leave,2,Approved
366,1427,2025-10-27,Casual Leave,2,Approved
367,1120,2025-09-03,Sick Leave,1,Pending
368,1081,2025-01-15,Casual Leave,2,Pending
369,1404,2025-06-01,Sick Leave,1,Approved
370,1268,2025-08-09,Emergency Leave,1,Rejected
371,1500,2025-05-19,Casual Leave,1,Rejected
372,1254,2025-11-27,Sick Leave,1,Approved
373,1343,2025-11-27,Sick Leave,2,Rejected
374,1348,2025-05-18,Sick Leave,1,Approved
375,1311,2025-05-23,Earned Leave,1,Approved
376,1030,2025-07-16,Sick Leave,1,Approved
377,1349,2025-04-01,Earned Leave,1,Approved
378,1294,2025-04-10,Emergency Leave,2,Pending
379,1289,2025-05-25,Earned Leave,1,Approved
380,1069,2025-08-10,Sick Leave,3,Rejected
381,1041,2025-11-07,Casual Leave,2,Approved
382,1127,2025-12-27,Emergency Leave,1,Approved
383,1286,2025-04-29,Earned Leave,1,Approved
384,1040,2025-07-01,Earned Leave,1,Rejected
385,1302,2025-02-01,Sick Leave,1,Approved
386,1358,2025-12-17,Earned Leave,1,Pending
387,1134,2025-05-15,Casual Leave,2,Approved
388,1445,2025-10-08,Casual Leave,2,Pending
389,1367,2025-04-01,Earned Leave,1,Approved
390,1096,2025-04-12,Earned Leave,1,Approved
391,1141,2025-03-04,Earned Leave,1,Approved
392,1427,2025-11-03,Emergency Leave,1,Approved
393,1192,2025-09-20,Emergency Leave,3,Approved
394,1214,2025-08-12,Earned Leave,1,Approved
395,1110,2025-10-10,Sick Leave,1,Approved
396,1447,2025-07-13,Casual Leave,3,Approved
397,1386,2025-06-09,Earned Leave,1,Approved
398,1445,2025-10-22,Earned Leave,1,Approved
399,1111,2025-01-07,Sick Leave,1,Pending
400,1307,2025-06-02,Emergency Leave,2,Approved
401,1491,2025-09-10,Earned Leave,1,Approved
402,1308,2025-09-01,Emergency Leave,2,Approved
403,1052,2025-05-03,Emergency Leave,3,Approved
404,1372,2025-07-02,Casual Leave,1,Approved
405,1049,2025-03-17,Casual Leave,1,Approved
406,1134,2025-06-13,Sick Leave,1,Rejected
407,1308,2025-02-11,Casual Leave,2,Pending
408,1342,2025-01-01,Casual Leave,1,Approved
409,1040,2025-03-23,Emergency Leave,2,Approved
410,1025,2025-03-18,Casual Leave,1,Approved
411,1024,2025-04-11,Sick Leave,2,Approved
412,1010,2025-06-09,Earned Leave,1,Approved
413,1074,2025-02-08,Sick Leave,1,Approved
414,1312,2025-06-15,Casual Leave,2,Approved
415,1236,2025-05-10,Sick Leave,2,Approved
416,1430,2025-01-03,Emergency Leave,1,Rejected
417,1388,2025-06-28,Emergency Leave,2,Approved
418,1416,2025-09-07,Earned Leave,2,Approved
419,1198,2025-04-22,Earned Leave,1,Approved
420,1198,2025-04-13,Casual Leave,1,Pending
421,1141,2025-11-28,Sick Leave,2,Approved
422,1467,2025-06-14,Casual Leave,1,Approved
423,1309,2025-09-04,Emergency Leave,1,Approved
424,1263,2025-02-11,Earned Leave,1,Approved
425,1017,2025-06-01,Sick Leave,2,Approved
426,1350,2025-02-21,Emergency Leave,2,Approved
427,1216,2025-11-11,Sick Leave,2,Approved
428,1339,2025-07-03,Casual Leave,1,Approved
429,1215,2025-09-26,Casual Leave,1,Rejected
430,1457,2025-03-23,Earned Leave,1,Rejected
431,1418,2025-09-07,Sick Leave,1,Pending
432,1061,2025-10-09,Emergency Leave,1,Approved
433,1230,2025-02-15,Sick Leave,2,Approved
434,1257,2025-08-06,Casual Leave,1,Pending
435,1231,2025-12-27,Emergency Leave,1,Rejected
436,1343,2025-08-04,Earned Leave,3,Approved
437,1152,2025-06-09,Sick Leave,2,Approved
438,1229,2025-10-11,Casual Leave,1,Approved
439,1319,2025-05-08,Sick Leave,1,Approved
440,1115,2025-05-09,Earned Leave,1,Approved
441,1489,2025-09-18,Sick Leave,1,Approved
442,1171,2025-12-07,Emergency Leave,2,Approved
443,1323,2025-06-27,Earned Leave,2,Approved
444,1470,2025-01-31,Emergency Leave,2,Rejected
445,1260,2025-10-08,Earned Leave,1,Approved
446,1202,2025-06-09,Casual Leave,1,Pending
447,1168,2025-09-27,Earned Leave,1,Approved
448,1160,2025-06-24,Earned Leave,1,Approved
449,1472,2025-09-23,Sick Leave,1,Approved
450,1305,2025-12-26,Earned Leave,1,Pending
451,1027,2025-04-18,Earned Leave,1,Approved
452,1242,2025-01-20,Emergency Leave,1,Approved
453,1124,2025-12-27,Earned Leave,1,Approved
454,1312,2025-05-02,Earned Leave,1,Approved
455,1316,2025-03-14,Earned Leave,2,Approved
456,1188,2025-10-18,Casual Leave,1,Approved
457,1475,2025-12-07,Earned Leave,2,Rejected
458,1472,2025-05-02,Earned Leave,2,Rejected
459,1276,2025-01-21,Casual Leave,1,Approved
460,1205,2025-03-03,Earned Leave,2,Approved
461,1458,2025-04-08,Casual Leave,1,Approved
462,1112,2025-05-18,Sick Leave,2,Approved
463,1168,2025-12-08,Earned Leave,2,Approved
464,1132,2025-04-15,Casual Leave,1,Approved
465,1205,2025-10-01,Sick Leave,1,Approved
466,1278,2025-12-12,Sick Leave,1,Approved
467,1085,2025-11-09,Sick Leave,1,Approved
468,1257,2025-01-30,Casual Leave,1,Approved
469,1480,2025-05-26,Emergency Leave,1,Approved
470,1222,2025-04-24,Casual Leave,1,Approved
471,1162,2025-12-31,Emergency Leave,1,Approved
472,1204,2025-04-04,Sick Leave,1,Approved
473,1197,2025-03-06,Emergency Leave,1,Approved
474,1336,2025-11-28,Casual Leave,3,Approved
475,1351,2025-08-12,Emergency Leave,1,Approved
476,1171,2025-08-24,Sick Leave,2,Approved
477,1410,2025-10-07,Emergency Leave,1,Approved
478,1481,2025-06-14,Emergency Leave,1,Rejected
479,1058,2025-10-29,Emergency Leave,1,Rejected
480,1047,2025-09-17,Emergency Leave,1,Approved
481,1168,2025-05-20,Earned Leave,1,Approved
482,1072,2025-09-05,Emergency Leave,2,Rejected
483,1169,2025-07-08,Casual Leave,1,Rejected
484,1415,2025-11-29,Emergency Leave,2,Approved
485,1153,2025-11-16,Sick Leave,3,Approved
486,1089,2025-08-26,Sick Leave,1,Approved
487,1429,2025-10-22,Sick Leave,1,Approved
488,1490,2025-05-09,Emergency Leave,1,Approved
489,1017,2025-03-01,Sick Leave,1,Approved
490,1087,2025-10-07,Emergency Leave,2,Pending
491,1022,2025-12-19,Casual Leave,1,Approved
492,1210,2025-05-21,Earned Leave,1,Approved
493,1052,2025-11-27,Casual Leave,1,Approved
494,1300,2025-05-20,Earned Leave,1,Approved
495,1482,2025-08-31,Sick Leave,1,Approved
496,1263,2025-03-20,Emergency Leave,1,Approved
497,1147,2025-05-20,Casual Leave,2,Approved
498,1102,2025-06-05,Emergency Leave,3,Approved
499,1105,2025-08-24,Earned Leave,1,Approved
500,1032,2025-10-26,Earned Leave,2,Approved
501,1017,2025-10-15,Emergency Leave,1,Approved
502,1030,2025-02-20,Earned Leave,1,Approved
503,1028,2025-09-11,Sick Leave,1,Approved
504,1125,2025-01-02,Emergency Leave,2,Approved
505,1011,2025-03-03,Sick Leave,1,Approved
506,1088,2025-06-04,Earned Leave,2,Approved
507,1382,2025-12-08,Emergency Leave,1,Approved
508,1142,2025-10-01,Sick Leave,1,Approved
509,1056,2025-02-28,Earned Leave,1,Approved
510,1113,2025-04-30,Emergency Leave,1,Approved
511,1459,2025-06-12,Emergency Leave,3,Approved
512,1116,2025-04-04,Emergency Leave,1,Approved
513,1451,2025-10-20,Sick Leave,1,Rejected
514,1354,2025-04-24,Casual Leave,1,Approved
515,1496,2025-07-21,Sick Leave,1,Pending
516,1257,2025-05-26,Earned Leave,1,Approved
517,1051,2025-06-03,Earned Leave,1,Approved
518,1421,2025-04-28,Earned Leave,1,Approved
519,1089,2025-02-27,Emergency Leave,2,Approved
520,1402,2025-01-26,Casual Leave,2,Approved
521,1171,2025-01-04,Sick Leave,1,Approved
522,1388,2025-06-11,Sick Leave,1,Approved
523,1274,2025-10-07,Emergency Leave,1,Approved
524,1059,2025-08-31,Emergency Leave,1,Approved
525,1209,2025-04-03,Earned Leave,2,Approved
526,1357,2025-09-03,Casual Leave,1,Approved
527,1246,2025-10-29,Sick Leave,1,Approved
528,1120,2025-07-25,Sick Leave,1,Pending
529,1094,2025-09-13,Earned Leave,1,Rejected
530,1431,2025-04-24,Casual Leave,1,Pending
531,1354,2025-03-16,Casual Leave,1,Approved
532,1439,2025-02-03,Casual Leave,1,Approved
533,1286,2025-08-30,Earned Leave,1,Pending
534,1061,2025-08-18,Emergency Leave,1,Approved
535,1451,2025-05-19,Emergency Leave,2,Pending
536,1005,2025-11-10,Emergency Leave,1,Approved
537,1171,2025-12-09,Earned Leave,2,Rejected
538,1186,2025-05-30,Earned Leave,1,Approved
539,1399,2025-01-05,Emergency Leave,1,Approved
540,1466,2025-11-22,Earned Leave,1,Approved
541,1474,2025-08-17,Emergency Leave,1,Approved
542,1261,2025-03-23,Emergency Leave,1,Pending
543,1440,2025-02-20,Casual Leave,2,Approved
544,1262,2025-05-11,Sick Leave,1,Approved
545,1431,2025-04-24,Sick Leave,1,Rejected
546,1474,2025-04-10,Emergency Leave,3,Approved
547,1100,2025-04-29,Sick Leave,2,Pending
548,1389,2025-02-09,Earned Leave,2,Approved
549,1187,2025-06-24,Sick Leave,3,Pending
550,1049,2025-07-09,Earned Leave,1,Approved
551,1498,2025-06-18,Earned Leave,1,Approved
552,1432,2025-06-23,Casual Leave,1,Approved
553,1144,2025-11-23,Casual Leave,1,Approved
554,1241,2025-04-19,,1,Approved
555,1462,2025-05-14,Casual Leave,1,Approved
556,1212,2025-06-15,Sick Leave,3,Approved
557,1141,2025-10-06,Earned Leave,1,Approved
558,1339,2025-05-22,Emergency Leave,1,Approved
559,1173,2025-02-25,Sick Leave,1,Approved
560,1276,2025-08-18,Emergency Leave,1,Rejected
561,1273,2025-07-18,Earned Leave,1,Approved
562,1346,2025-06-22,Casual Leave,1,Approved
563,1257,2025-08-19,Earned Leave,2,Rejected
564,1404,2025-08-07,Sick Leave,1,Approved
565,1486,2025-01-26,Sick Leave,1,Approved
566,1247,2025-01-04,Casual Leave,2,Approved
567,1259,2025-12-14,Emergency Leave,1,Approved
568,1045,2025-11-10,Emergency Leave,1,Approved
569,1493,2025-02-06,Emergency Leave,1,Approved
570,1077,2025-01-05,Casual Leave,1,Approved
571,1302,2025-08-04,Sick Leave,2,Rejected
572,1419,2025-01-05,Sick Leave,1,Approved
573,1404,2025-03-15,Sick Leave,1,Approved
574,1423,2025-06-07,Emergency Leave,1,Rejected
575,1085,2025-05-18,Emergency Leave,1,Rejected
576,1039,2025-10-28,Casual Leave,1,Approved
577,1118,2025-11-26,Earned Leave,2,Approved
578,1262,2025-06-26,Earned Leave,1,Approved
579,1457,2025-10-25,Earned Leave,1,Approved
580,1019,2025-12-16,Casual Leave,1,Pending
581,1079,2025-07-29,Earned Leave,2,Approved
582,1170,2025-02-26,Casual Leave,2,Approved
583,1448,2025-04-14,Casual Leave,1,Approved
584,1024,2025-11-04,Earned Leave,1,Approved
585,1258,2025-02-28,Earned Leave,1,Rejected
586,1276,2025-02-18,Casual Leave,1,Approved
587,1378,2025-02-10,Emergency Leave,1,Approved
588,1189,2025-03-24,Emergency Leave,1,Rejected
589,1222,2025-11-06,Sick Leave,1,Rejected
590,1055,2025-11-27,Earned Leave,1,Approved
591,1254,2025-02-11,Sick Leave,1,Approved
592,1278,2025-07-14,Sick Leave,1,Approved
593,1289,2025-02-26,Emergency Leave,1,Approved
594,1463,2025-08-17,Emergency Leave,1,Approved
595,1459,2025-03-17,Emergency Leave,1,Approved
596,1061,2025-03-29,Earned Leave,1,Approved
597,1091,2025-01-03,Earned Leave,1,Approved
598,1299,2025-08-24,Sick Leave,1,Approved
599,1200,2025-04-24,Earned Leave,1,Approved
600,1348,2025-07-17,Sick Leave,2,Approved
601,1077,2025-11-03,Sick Leave,1,Pending
602,1160,2025-02-12,Earned Leave,1,Approved
603,1260,2025-12-10,Sick Leave,1,Approved
604,1060,2025-03-04,Casual Leave,1,Approved
605,1061,2025-12-01,Casual Leave,1,Approved
606,1417,2025-05-16,Sick Leave,1,Approved
607,1178,2025-11-04,Sick Leave,1,Approved
608,1120,2025-08-20,Sick Leave,1,Approved
609,1260,2025-10-17,Casual Leave,1,Approved
610,1273,2025-08-29,Sick Leave,1,Approved
611,1061,2025-10-16,Sick Leave,3,Approved
612,1145,2025-02-18,Casual Leave,1,Approved
613,1201,2025-04-18,Sick Leave,1,Rejected
614,1311,2025-08-06,Casual Leave,1,Approved
615,1477,2025-11-06,Casual Leave,1,Approved
616,1391,2025-10-24,Earned Leave,1,Pending
617,1093,2025-03-05,Emergency Leave,1,Approved
618,1248,2025-08-30,Earned Leave,1,Approved
619,1068,2025-06-28,,1,Approved
620,1288,2025-02-28,Emergency Leave,1,Approved
621,1379,2025-12-20,Earned Leave,3,Approved
622,1299,2025-03-06,Emergency Leave,2,Rejected
623,1313,2025-06-21,Earned Leave,1,Approved
624,1058,2025-01-27,Earned Leave,1,Approved
625,1324,2025-02-01,Emergency Leave,1,Approved
626,1268,2025-01-04,Sick Leave,1,Approved
627,1068,2025-08-13,Earned Leave,1,Approved
628,1363,2025-10-16,Emergency Leave,1,Approved
629,1296,2025-08-31,Earned Leave,1,Approved
630,1266,2025-10-07,Emergency Leave,1,Approved
631,1366,2025-07-21,Earned Leave,1,Approved
632,1161,2025-07-14,Casual Leave,1,Approved
633,1191,2025-04-26,Earned Leave,1,Approved
634,1060,2025-04-01,Casual Leave,1,Approved
635,1419,2025-04-13,Casual Leave,1,Approved
636,1236,2025-04-16,Casual Leave,2,Rejected
637,1054,2025-03-15,Casual Leave,1,Approved
638,1340,2025-12-09,Sick Leave,1,Approved
639,1024,2025-03-26,Casual Leave,1,Approved
640,1268,2025-08-06,Sick Leave,1,Rejected
641,1326,2025-09-18,Casual Leave,1,Approved
642,1219,2025-10-04,Casual Leave,1,Approved
643,1457,2025-04-25,Casual Leave,1,Approved
644,1194,2025-08-16,Emergency Leave,2,Pending
645,1292,2025-09-03,Emergency Leave,2,Rejected
646,1008,2025-07-11,Sick Leave,2,Approved
647,1347,2025-04-07,Casual Leave,2,Approved
648,1336,2025-04-30,Emergency Leave,2,Approved
649,1073,2025-09-04,Earned Leave,1,Pending
650,1068,2025-05-05,Emergency Leave,1,Approved
651,1403,2025-09-04,Sick Leave,1,Approved
652,1425,2025-01-20,Sick Leave,1,Approved
653,1010,2025-05-25,Emergency Leave,1,Rejected
654,1307,2025-03-29,Emergency Leave,1,Pending
655,1003,2025-09-13,Earned Leave,1,Approved
656,1489,2025-05-08,Earned Leave,1,Approved
657,1198,2025-04-17,Earned Leave,2,Approved
658,1472,2025-05-24,Earned Leave,1,Rejected
659,1340,2025-12-08,Casual Leave,1,Approved
660,1136,2025-06-30,Sick Leave,1,Pending
661,1259,2025-03-09,Casual Leave,2,Rejected
662,1401,2025-03-09,Casual Leave,1,Rejected
663,1490,2025-11-20,Sick Leave,2,Rejected
664,1137,2025-09-27,Earned Leave,1,Approved
665,1346,2025-02-24,Emergency Leave,1,Approved
666,1265,2025-06-27,Emergency Leave,1,Rejected
667,1216,2025-05-12,Sick Leave,1,Approved
668,1274,2025-05-24,Earned Leave,2,Pending
669,1439,2025-12-28,Earned Leave,1,Approved
670,1086,2025-11-13,Sick Leave,1,Approved
671,1324,2025-11-18,Earned Leave,1,Approved
672,1054,2025-07-24,Casual Leave,1,Approved
673,1082,2025-12-12,Emergency Leave,1,Approved
674,1285,2025-08-28,Earned Leave,2,Approved
675,1110,2025-08-22,Sick Leave,1,Approved
676,1482,2025-05-02,Earned Leave,1,Rejected
677,1282,2025-05-02,Sick Leave,1,Approved
678,1264,2025-03-05,Casual Leave,1,Approved
679,1239,2025-06-17,Sick Leave,1,Approved
680,1426,2025-12-10,Sick Leave,1,Approved
681,1295,2025-02-11,Earned Leave,1,Approved
682,1139,2025-08-09,Earned Leave,1,Approved
683,1078,2025-01-26,Casual Leave,1,Approved
684,1360,2025-02-07,Sick Leave,1,Rejected
685,1470,2025-09-18,Sick Leave,1,Approved
686,1443,2025-04-03,Earned Leave,1,Approved
687,1248,2025-05-06,Sick Leave,2,Approved
688,1142,2025-09-25,Emergency Leave,2,Approved
689,1084,2025-06-27,Earned Leave,1,Approved
690,1247,2025-04-26,Casual Leave,1,Rejected
691,1447,2025-08-11,Emergency Leave,1,Approved
692,1329,2025-11-14,Casual Leave,1,Rejected
693,1051,2025-06-26,Earned Leave,1,Approved
694,1383,2025-10-17,Earned Leave,1,Approved
695,1285,2025-05-29,Emergency Leave,2,Approved
696,1178,2025-11-10,Casual Leave,1,Approved
697,1002,2025-02-15,Earned Leave,1,Approved
698,1468,2025-08-30,Emergency Leave,2,Approved
699,1197,2025-09-24,Sick Leave,2,Approved
700,1451,2025-09-29,Casual Leave,1,Rejected
701,1442,2025-11-14,Emergency Leave,2,Pending
702,1027,2025-06-29,Sick Leave,1,Approved
703,1073,2025-09-03,Sick Leave,2,Approved
704,1105,2025-01-12,Sick Leave,2,Approved
705,1431,2025-05-19,Sick Leave,1,Approved
706,1412,2025-09-07,Sick Leave,3,Approved
707,1280,2025-02-11,Emergency Leave,1,Approved
708,1130,2025-06-30,Emergency Leave,1,Approved
709,1113,2025-08-16,Casual Leave,1,Approved
710,1339,2025-01-20,Casual Leave,1,Approved
711,1142,2025-01-18,Emergency Leave,1,Approved
712,1374,2025-05-03,Emergency Leave,3,Rejected
713,1261,2025-11-08,Sick Leave,2,Approved
714,1049,2025-03-21,Sick Leave,1,Approved
715,1481,2025-06-16,Earned Leave,3,Approved
716,1076,2025-12-03,,1,Approved
717,1050,2025-05-22,Earned Leave,1,Approved
718,1099,2025-04-18,Casual Leave,1,Rejected
719,1203,2025-11-26,Earned Leave,1,Approved
720,1151,2025-10-02,Casual Leave,1,Rejected
721,1044,2025-05-28,Sick Leave,1,Approved
722,1448,2025-10-26,Emergency Leave,1,Approved
723,1136,2025-04-09,Earned Leave,1,Approved
724,1409,2025-12-31,Casual Leave,1,Approved
725,1021,2025-03-21,Sick Leave,1,Approved
726,1043,2025-10-08,Sick Leave,1,Approved
727,1459,2025-02-05,Earned Leave,1,Approved
728,1453,2025-02-19,Casual Leave,1,Pending
729,1134,2025-07-27,Sick Leave,1,Rejected
730,1464,2025-05-01,Emergency Leave,1,Rejected
731,1305,2025-05-10,Emergency Leave,1,Approved
732,1068,2025-11-28,Sick Leave,1,Rejected
733,1235,2025-08-30,Emergency Leave,1,Approved
734,1042,2025-11-02,Sick Leave,1,Rejected
735,1209,2025-11-11,Sick Leave,1,Approved
736,1155,2025-06-20,Sick Leave,1,Approved
737,1427,2025-12-28,Sick Leave,1,Approved
738,1243,2025-05-12,Earned Leave,1,Rejected
739,1269,2025-11-20,Emergency Leave,2,Pending
740,1400,2025-10-27,Earned Leave,2,Approved
741,1267,2025-11-13,Emergency Leave,2,Approved
742,1140,2025-02-12,Casual Leave,1,Approved
743,1324,2025-03-10,Casual Leave,1,Approved
744,1343,2025-04-02,Sick Leave,1,Approved
745,1494,2025-02-27,Emergency Leave,1,Approved
746,1141,2025-12-11,Casual Leave,1,Approved
747,1014,2025-03-04,Sick Leave,1,Approved
748,1163,2025-04-02,Emergency Leave,1,Rejected
749,1016,2025-11-21,Emergency Leave,1,Approved
750,1203,2025-03-29,Sick Leave,1,Approved
751,1151,2025-02-01,Emergency Leave,2,Approved
752,1313,2025-09-19,Emergency Leave,1,Approved
753,1037,2025-02-27,Emergency Leave,1,Rejected
754,1037,2025-05-08,Sick Leave,2,Rejected
755,1098,2025-01-24,Emergency Leave,2,Approved
756,1417,2025-10-10,Emergency Leave,1,Pending
757,1183,2025-10-11,Emergency Leave,1,Pending
758,1125,2025-02-18,Earned Leave,1,Approved
759,1271,2025-02-28,Emergency Leave,1,Approved
760,1441,2025-02-22,Earned Leave,1,Rejected
761,1104,2025-02-14,Casual Leave,3,Approved
762,1253,2025-01-08,Casual Leave,1,Pending
763,1239,2025-01-26,Earned Leave,3,Pending
764,1073,2025-11-16,Earned Leave,1,Approved
765,1059,2025-07-12,Casual Leave,2,Rejected
766,1248,2025-11-02,Casual Leave,2,Approved
767,1096,2025-04-07,Earned Leave,1,Approved
768,1387,2025-03-15,Sick Leave,1,Approved
769,1070,2025-11-19,Emergency Leave,1,Approved
770,1100,2025-03-01,Casual Leave,2,Approved
771,1219,2025-11-02,Emergency Leave,1,Approved
772,1384,2025-03-06,Casual Leave,1,Approved
773,1026,2025-09-09,Casual Leave,1,Pending
774,1423,2025-04-02,Emergency Leave,2,Approved
775,1138,2025-08-05,Earned Leave,1,Approved
776,1296,2025-03-18,Sick Leave,1,Approved
777,1482,2025-03-16,Emergency Leave,1,Approved
778,1397,2025-09-14,Emergency Leave,1,Pending
779,1262,2025-06-07,Casual Leave,2,Approved
780,1277,2025-07-19,Earned Leave,1,Approved
781,1002,2025-09-17,Emergency Leave,2,Approved
782,1032,2025-03-31,Casual Leave,2,Approved
783,1445,2025-07-15,Earned Leave,1,Approved
784,1378,2025-01-18,Casual Leave,2,Pending
785,1277,2025-06-09,Sick Leave,1,Approved
786,1288,2025-09-24,Casual Leave,3,Approved
787,1316,2025-06-03,Emergency Leave,1,Rejected
788,1058,2025-07-08,Earned Leave,1,Approved
789,1359,2025-04-04,Earned Leave,1,Approved
790,1443,2025-05-29,Earned Leave,1,Approved
791,1037,2025-06-12,Emergency Leave,1,Approved
792,1087,2025-12-30,Sick Leave,3,Approved
793,1093,2025-02-25,Casual Leave,1,Pending
794,1150,2025-06-14,Emergency Leave,1,Approved
795,1464,2025-12-24,Sick Leave,1,Approved
796,1104,2025-05-18,Sick Leave,1,Approved
797,1240,2025-02-11,Casual Leave,1,Approved
798,1426,2025-05-08,Casual Leave,1,Approved
799,1431,2025-09-28,Casual Leave,1,Rejected
800,1326,2025-10-13,Earned Leave,1,Pending
801,1031,2025-11-18,Earned Leave,2,Approved
802,1216,2025-08-19,Emergency Leave,1,Approved
803,1091,2025-11-22,Sick Leave,1,Approved
804,1023,2025-05-25,Sick Leave,1,Approved
805,1450,2025-07-13,Sick Leave,1,Approved
806,1327,2025-11-16,Emergency Leave,1,Approved
807,1332,2025-06-24,Sick Leave,2,Approved
808,1098,2025-01-23,Casual Leave,1,Approved
809,1055,2025-05-01,Emergency Leave,1,Approved
810,1065,2025-04-09,Casual Leave,2,Approved
811,1077,2025-10-30,Emergency Leave,1,Approved
812,1214,2025-02-06,Emergency Leave,1,Approved
813,1109,2025-06-25,Casual Leave,1,Rejected
814,1215,2025-03-19,Earned Leave,1,Approved
815,1490,2025-03-25,Earned Leave,1,Approved
816,1494,2025-08-25,Casual Leave,1,Approved
817,1475,2025-08-28,Earned Leave,1,Approved
818,1152,2025-01-29,Sick Leave,1,Approved
819,1121,2025-09-21,Emergency Leave,1,Approved
820,1499,2025-03-27,Earned Leave,1,Approved
821,1079,2025-01-30,Sick Leave,1,Approved
822,1399,2025-02-04,Emergency Leave,1,Approved
823,1188,2025-03-29,Emergency Leave,1,Rejected
824,1401,2025-04-26,Emergency Leave,2,Rejected
825,1320,2025-06-10,Sick Leave,1,Approved
826,1140,2025-11-23,Casual Leave,2,Approved
827,1385,2025-04-23,Sick Leave,1,Approved
828,1386,2025-07-03,Sick Leave,2,Rejected
829,1207,2025-05-07,Casual Leave,1,Rejected
830,1314,2025-12-22,Sick Leave,1,Approved
831,1284,2025-12-27,Casual Leave,1,Approved
832,1204,2025-01-03,Sick Leave,1,Approved
833,1035,2025-08-01,Casual Leave,1,Approved
834,1085,2025-07-19,Earned Leave,1,Approved
835,1326,2025-04-26,Earned Leave,1,Rejected
836,1083,2025-09-24,Emergency Leave,1,Pending
837,1176,2025-07-29,Sick Leave,1,Approved
838,1214,2025-04-24,Earned Leave,2,Approved
839,1308,2025-06-22,Earned Leave,1,Approved
840,1078,2025-12-15,Emergency Leave,2,Rejected
841,1103,2025-07-24,Casual Leave,1,Approved
842,1044,2025-09-19,Earned Leave,1,Approved
843,1090,2025-03-29,Sick Leave,1,Approved
844,1357,2025-07-16,Earned Leave,1,Rejected
845,1326,2025-09-07,Sick Leave,2,Approved
846,1056,2025-03-03,Sick Leave,1,Approved
847,1380,2025-01-31,Sick Leave,1,Approved
848,1337,2025-03-02,Emergency Leave,1,Approved
849,1300,2025-02-13,Casual Leave,1,Approved
850,1089,2025-06-28,Casual Leave,1,Approved
851,1197,2025-08-18,Emergency Leave,1,Approved
852,1167,2025-11-08,Emergency Leave,1,Approved
853,1119,2025-12-15,Casual Leave,1,Approved
854,1271,2025-01-05,,1,Approved
855,1225,2025-07-01,Emergency Leave,1,Approved
856,1358,2025-09-07,Sick Leave,2,Approved
857,1280,2025-03-28,Earned Leave,1,Approved
858,1332,2025-08-22,Earned Leave,2,Approved
859,1398,2025-03-18,Emergency Leave,1,Approved
860,1439,2025-05-10,Casual Leave,1,Approved
861,1309,2025-09-29,Sick Leave,2,Approved
862,1373,2025-09-28,Sick Leave,1,Pending
863,1197,2025-01-23,Casual Leave,1,Rejected
864,1276,2025-12-10,Emergency Leave,1,Pending
865,1242,2025-03-05,Sick Leave,1,Approved
866,1447,2025-12-26,Casual Leave,1,Approved
867,1285,2025-12-16,Emergency Leave,1,Approved
868,1037,2025-04-13,Sick Leave,1,Rejected
869,1029,2025-09-23,Earned Leave,2,Pending
870,1355,2025-04-15,Emergency Leave,3,Approved
871,1043,2025-03-09,Casual Leave,1,Approved
872,1401,2025-02-09,Casual Leave,1,Pending
873,1216,2025-12-05,Emergency Leave,1,Approved
874,1277,2025-09-11,Emergency Leave,1,Rejected
875,1362,2025-04-27,Casual Leave,2,Approved
876,1430,2025-11-13,Earned Leave,1,Approved
877,1225,2025-02-12,Sick Leave,3,Approved
878,1101,2025-06-13,Casual Leave,1,Approved
879,1262,2025-02-09,Earned Leave,1,Approved
880,1214,2025-10-06,Casual Leave,1,Approved
881,1177,2025-09-30,Casual Leave,2,Approved
882,1442,2025-11-17,Emergency Leave,1,Approved
883,1371,2025-11-06,Emergency Leave,1,Approved
884,1172,2025-07-10,Emergency Leave,1,Approved
885,1069,2025-01-31,Sick Leave,1,Approved
886,1292,2025-04-06,Sick Leave,1,Approved
887,1390,2025-08-13,Earned Leave,1,Approved
888,1473,2025-06-19,Casual Leave,1,Rejected
889,1216,2025-11-10,Emergency Leave,1,Approved
890,1056,2025-06-24,Sick Leave,1,Approved
891,1153,2025-07-20,Earned Leave,1,Approved
892,1360,2025-11-28,Sick Leave,1,Approved
893,1244,2025-04-17,Emergency Leave,1,Approved
894,1171,2025-10-24,Sick Leave,1,Approved
895,1293,2025-08-18,Casual Leave,2,Approved
896,1377,2025-12-21,Emergency Leave,1,Approved
897,1099,2025-06-16,Casual Leave,1,Approved
898,1019,2025-02-10,Sick Leave,3,Approved
899,1117,2025-09-01,Earned Leave,1,Approved
900,1155,2025-09-20,Earned Leave,1,Approved
901,1166,2025-09-19,Earned Leave,1,Pending
902,1232,2025-11-28,Earned Leave,2,Approved
903,1025,2025-02-25,Casual Leave,1,Approved
904,1161,2025-06-25,Emergency Leave,1,Approved
905,1103,2025-09-02,Casual Leave,1,Approved
906,1499,2025-05-15,Earned Leave,1,Approved
907,1253,2025-07-29,Casual Leave,1,Approved
908,1191,2025-04-12,Earned Leave,1,Rejected
909,1074,2025-01-10,Emergency Leave,1,Approved
910,1041,2025-09-21,Emergency Leave,1,Approved
911,1060,2025-06-29,Casual Leave,3,Pending
912,1140,2025-07-26,Emergency Leave,1,Approved
913,1480,2025-09-03,Casual Leave,1,Approved
914,1450,2025-03-27,Sick Leave,1,Approved
915,1267,2025-04-12,Casual Leave,1,Pending
916,1138,2025-01-23,Emergency Leave,1,Approved
917,1453,2025-10-03,Sick Leave,2,Rejected
918,1329,2025-03-06,Casual Leave,1,Approved
919,1360,2025-09-04,Casual Leave,1,Approved
920,1187,2025-03-29,Earned Leave,2,Approved
921,1102,2025-10-19,Casual Leave,1,Approved
922,1210,2025-09-23,Earned Leave,2,Approved
923,1005,2025-03-24,Casual Leave,1,Approved
924,1285,2025-10-18,Casual Leave,1,Approved
925,1401,2025-04-02,Emergency Leave,1,Rejected
926,1480,2025-11-28,Emergency Leave,2,Approved
927,1090,2025-07-16,Earned Leave,2,Approved
928,1186,2025-04-01,Casual Leave,3,Approved
929,1007,2025-07-29,Casual Leave,1,Approved
930,1400,2025-10-08,Sick Leave,2,Pending
931,1479,2025-04-26,Earned Leave,1,Approved
932,1305,2025-07-25,Earned Leave,1,Approved
933,1256,2025-07-28,Earned Leave,1,Approved
934,1235,2025-07-17,Casual Leave,1,Pending
935,1063,2025-03-04,Emergency Leave,2,Approved
936,1034,2025-07-07,Earned Leave,2,Rejected
937,1030,2025-04-20,Casual Leave,2,Approved
938,1177,2025-07-13,Sick Leave,1,Rejected
939,1042,2025-07-25,Casual Leave,3,Approved
940,1045,2025-01-10,Emergency Leave,1,Approved
941,1434,2025-08-30,Emergency Leave,3,Approved
942,1408,2025-04-07,Casual Leave,1,Pending
943,1270,2025-12-24,Emergency Leave,2,Rejected
944,1131,2025-07-19,Sick Leave,1,Approved
945,1354,2025-11-13,Sick Leave,1,Rejected
946,1205,2025-06-15,Earned Leave,1,Approved
947,1166,2025-11-02,Sick Leave,2,Approved
948,1377,2025-06-20,Emergency Leave,1,Approved
949,1292,2025-05-30,Emergency Leave,1,Rejected
950,1315,2025-11-23,Casual Leave,1,Approved
951,1178,2025-01-23,Emergency Leave,1,Approved
952,1140,2025-03-09,Casual Leave,1,Approved
953,1236,2025-06-03,Earned Leave,1,Pending
954,1138,2025-02-13,Earned Leave,1,Approved
955,1341,2025-12-12,Sick Leave,3,Approved
956,1113,2025-01-18,Casual Leave,1,Pending
957,1462,2025-07-25,Sick Leave,2,Rejected
958,1422,2025-03-16,Casual Leave,1,Approved
959,1261,2025-05-12,Sick Leave,1,Pending
960,1044,2025-11-22,Casual Leave,3,Approved
961,1400,2025-06-15,Earned Leave,2,Approved
962,1187,2025-03-19,Casual Leave,1,Approved
963,1245,2025-07-15,Sick Leave,1,Approved
964,1238,2025-11-25,Emergency Leave,1,Approved
965,1219,2025-06-02,Emergency Leave,1,Approved
966,1229,2025-08-27,Emergency Leave,1,Approved
967,1343,2025-06-30,,1,Approved
968,1458,2025-08-13,Casual Leave,2,Approved
969,1026,2025-06-26,Emergency Leave,1,Approved
970,1062,2025-01-23,Sick Leave,1,Approved
971,1059,2025-05-23,Casual Leave,1,Approved
972,1211,2025-09-20,Sick Leave,2,Approved
973,1270,2025-11-27,Emergency Leave,1,Approved
974,1236,2025-01-07,Sick Leave,2,Rejected
975,1364,2025-10-02,Sick Leave,1,Approved
976,1417,2025-01-21,Earned Leave,1,Approved
977,1498,2025-01-06,Earned Leave,1,Approved
978,1113,2025-12-03,Casual Leave,2,Approved
979,1461,2025-10-25,Casual Leave,2,Approved
980,1298,2025-01-15,Sick Leave,1,Rejected
981,1115,2025-08-19,Casual Leave,1,Pending
982,1098,2025-08-01,Casual Leave,1,Approved
983,1159,2025-03-05,Casual Leave,1,Approved
984,1418,2025-12-25,Casual Leave,2,Approved
985,1325,2025-08-07,Casual Leave,1,Approved
986,1079,2025-02-06,Emergency Leave,2,Approved
987,1362,2025-12-19,Casual Leave,1,Approved
988,1413,2025-01-05,Sick Leave,1,Rejected
989,1302,2025-09-13,Emergency Leave,1,Rejected
990,1052,2025-01-17,Sick Leave,2,Approved
991,1021,2025-11-12,Casual Leave,1,Approved
992,1041,2025-11-12,Sick Leave,2,Approved
993,1212,2025-03-14,Sick Leave,1,Approved
994,1465,2025-05-16,Earned Leave,1,Approved
995,1183,2025-11-16,Emergency Leave,1,Approved
996,1215,2025-08-30,Casual Leave,1,Approved
997,1244,2025-04-03,Casual Leave,2,Approved
998,1419,2025-03-12,Casual Leave,1,Rejected
999,1161,2025-08-27,Sick Leave,1,Approved
1000,1125,2025-04-04,Casual Leave,1,Rejected
1001,1332,2025-05-18,Casual Leave,1,Approved
1002,1360,2025-04-15,Earned Leave,1,Approved
1003,1389,2025-10-20,Sick Leave,2,Approved
1004,1453,2025-04-03,Earned Leave,1,Approved
1005,1083,2025-06-28,Casual Leave,1,Rejected
1006,1113,2025-01-13,Emergency Leave,1,Approved
1007,1374,2025-02-13,Sick Leave,1,Pending
1008,1460,2025-08-13,Earned Leave,1,Approved
1009,1243,2025-07-15,Earned Leave,2,Approved
1010,1450,2025-08-16,Earned Leave,2,Approved
1011,1291,2025-06-12,Casual Leave,1,Pending
1012,1399,2025-01-09,Emergency Leave,1,Approved
1013,1395,2025-05-21,Casual Leave,1,Approved
1014,1325,2025-07-04,Sick Leave,1,Rejected
1015,1224,2025-02-16,Casual Leave,1,Approved
1016,1412,2025-12-19,Casual Leave,1,Approved
1017,1393,2025-06-13,Casual Leave,1,Approved
1018,1309,2025-12-29,Emergency Leave,1,Rejected
1019,1218,2025-03-05,Earned Leave,1,Approved
1020,1347,2025-10-31,Earned Leave,2,Rejected
1021,1119,2025-10-31,Sick Leave,2,Approved
1022,1219,2025-01-09,Sick Leave,3,Rejected
1023,1439,2025-12-28,Emergency Leave,1,Approved
1024,1041,2025-08-20,Earned Leave,1,Approved
1025,1166,2025-03-03,Sick Leave,2,Approved
1026,1124,2025-03-31,Earned Leave,2,Rejected
1027,1172,2025-10-02,Earned Leave,1,Approved
1028,1278,2025-02-05,Earned Leave,1,Rejected
1029,1023,2025-04-13,Sick Leave,1,Approved
1030,1173,2025-09-03,Sick Leave,1,Pending
1031,1432,2025-08-27,Casual Leave,1,Pending
1032,1160,2025-02-20,Earned Leave,1,Approved
1033,1468,2025-10-22,Earned Leave,1,Approved
1034,1053,2025-10-29,Sick Leave,2,Approved
1035,1194,2025-10-01,Casual Leave,1,Approved
1036,1298,2025-10-15,Sick Leave,1,Approved
1037,1420,2025-07-14,Sick Leave,1,Approved
1038,1147,2025-07-14,Casual Leave,2,Approved
1039,1104,2025-07-13,Emergency Leave,1,Approved
1040,1480,2025-01-06,Sick Leave,1,Approved
1041,1300,2025-01-25,Emergency Leave,2,Approved
1042,1195,2025-04-13,Casual Leave,2,Approved
1043,1177,2025-12-25,Emergency Leave,2,Approved
1044,1133,2025-01-24,Earned Leave,2,Approved
1045,1187,2025-08-02,Casual Leave,1,Approved
1046,1353,2025-08-18,Earned Leave,1,Approved
1047,1077,2025-11-14,Casual Leave,2,Pending
1048,1274,2025-09-28,Sick Leave,1,Rejected
1049,1137,2025-01-07,Emergency Leave,1,Rejected
1050,1452,2025-04-29,Emergency Leave,1,Approved
1051,1233,2025-10-19,Casual Leave,1,Approved
1052,1128,2025-02-13,Emergency Leave,2,Approved
1053,1264,2025-02-01,Casual Leave,1,Approved
1054,1277,2025-03-18,Casual Leave,1,Approved
1055,1477,2025-07-05,Earned Leave,2,Approved
1056,1361,2025-12-02,Sick Leave,1,Approved
1057,1273,2025-12-24,Emergency Leave,1,Approved
1058,1309,2025-08-13,Emergency Leave,1,Rejected
1059,1458,2025-12-27,Sick Leave,1,Approved
1060,1208,2025-03-31,Casual Leave,2,Pending
1061,1032,2025-12-07,Sick Leave,2,Pending
1062,1286,2025-12-22,Sick Leave,1,Approved
1063,1215,2025-08-19,Earned Leave,1,Rejected
1064,1290,2025-03-24,Earned Leave,1,Approved
1065,1127,2025-03-10,Earned Leave,3,Pending
1066,1489,2025-07-18,Emergency Leave,1,Pending
1067,1255,2025-02-24,Sick Leave,1,Approved
1068,1085,2025-04-24,Casual Leave,3,Approved
1069,1369,2025-05-23,Sick Leave,1,Approved
1070,1241,2025-08-12,Earned Leave,1,Approved
1071,1102,2025-05-27,Emergency Leave,3,Approved
1072,1063,2025-03-28,Casual Leave,1,Approved
1073,1439,2025-02-13,Sick Leave,1,Approved
1074,1153,2025-12-08,Sick Leave,1,Approved
1075,1022,2025-05-08,Casual Leave,1,Rejected
1076,1010,2025-02-09,Earned Leave,1,Approved
1077,1275,2025-03-11,Sick Leave,1,Approved
1078,1070,2025-02-09,Sick Leave,1,Approved
1079,1122,2025-01-02,Earned Leave,2,Approved
1080,1001,2025-10-27,Earned Leave,1,Approved
1081,1247,2025-02-01,Sick Leave,1,Approved
1082,1383,2025-10-26,Casual Leave,1,Approved
1083,1019,2025-04-16,Emergency Leave,1,Approved
1084,1143,2025-02-01,Earned Leave,1,Approved
1085,1218,2025-01-16,Emergency Leave,2,Approved
1086,1301,2025-07-11,Sick Leave,1,Approved
1087,1059,2025-11-06,Earned Leave,3,Approved
1088,1143,2025-09-04,Earned Leave,1,Approved
1089,1034,2025-04-13,Emergency Leave,1,Rejected
1090,1242,2025-01-24,Casual Leave,1,Pending
1091,1298,2025-12-03,Emergency Leave,1,Approved
1092,1437,2025-08-03,Emergency Leave,1,Rejected
1093,1368,2025-07-02,Earned Leave,1,Approved
1094,1252,2025-03-01,Earned Leave,1,Pending
1095,1105,2025-05-30,Earned Leave,1,Approved
1096,1288,2025-02-01,Emergency Leave,1,Approved
1097,1194,2025-06-15,Casual Leave,1,Approved
1098,1466,2025-08-05,Sick Leave,1,Rejected
1099,1139,2025-04-28,Emergency Leave,1,Approved
1100,1227,2025-01-27,Casual Leave,3,Approved
1101,1478,2025-05-22,Emergency Leave,2,Approved
1102,1364,2025-01-12,Casual Leave,2,Rejected
1103,1043,2025-07-13,Earned Leave,1,Rejected
1104,1322,2025-12-31,Casual Leave,1,Approved
1105,1038,2025-03-31,Earned Leave,1,Approved
1106,1278,2025-10-23,Sick Leave,1,Approved
1107,1305,2025-08-09,Earned Leave,1,Rejected
1108,1332,2025-09-07,Emergency Leave,2,Approved
1109,1352,2025-07-10,Emergency Leave,1,Rejected
1110,1433,2025-02-09,Earned Leave,1,Approved
1111,1440,2025-11-15,Sick Leave,1,Approved
1112,1211,2025-02-21,Earned Leave,2,Approved
1113,1005,2025-11-06,Sick Leave,1,Approved
1114,1286,2025-10-07,Sick Leave,2,Approved
1115,1142,2025-07-23,Emergency Leave,2,Approved
1116,1057,2025-04-20,Emergency Leave,1,Rejected
1117,1040,2025-06-13,Earned Leave,1,Approved
1118,1400,2025-08-17,Earned Leave,1,Approved
1119,1457,2025-02-09,Earned Leave,1,Approved
1120,1311,2025-01-12,Earned Leave,1,Approved
1121,1446,2025-12-29,Sick Leave,1,Rejected
1122,1011,2025-03-24,Sick Leave,1,Approved
1123,1150,2025-07-20,Emergency Leave,2,Approved
1124,1359,2025-11-19,Emergency Leave,1,Pending
1125,1097,2025-09-03,Casual Leave,1,Approved
1126,1464,2025-12-16,Emergency Leave,1,Pending
1127,1470,2025-12-17,Earned Leave,2,Approved
1128,1174,2025-12-17,Casual Leave,1,Approved
1129,1395,2025-08-04,Emergency Leave,1,Approved
1130,1464,2025-04-16,Emergency Leave,2,Rejected
1131,1107,2025-10-19,Emergency Leave,2,Pending
1132,1104,2025-07-24,Earned Leave,2,Approved
1133,1090,2025-12-16,Sick Leave,1,Rejected
1134,1277,2025-08-22,Emergency Leave,2,Approved
1135,1083,2025-07-01,Earned Leave,1,Approved
1136,1174,2025-12-12,Casual Leave,1,Approved
1137,1294,2025-02-23,Earned Leave,1,Rejected
1138,1046,2025-09-11,Earned Leave,3,Approved
1139,1403,2025-04-14,Sick Leave,1,Approved
1140,1282,2025-03-28,Sick Leave,2,Approved
1141,1386,2025-03-24,Sick Leave,1,Rejected
1142,1061,2025-07-14,Emergency Leave,1,Approved
1143,1368,2025-02-20,Emergency Leave,1,Approved
1144,1319,2025-11-04,Sick Leave,1,Rejected
1145,1083,2025-10-15,Earned Leave,1,Approved
1146,1438,2025-07-22,Earned Leave,1,Approved
1147,1117,2025-02-24,Sick Leave,1,Pending
1148,1374,2025-12-29,Earned Leave,1,Approved
1149,1416,2025-05-06,Emergency Leave,3,Approved
1150,1427,2025-06-27,Earned Leave,1,Approved
1151,1088,2025-04-24,Sick Leave,1,Approved
1152,1067,2025-07-10,Earned Leave,1,Approved
1153,1224,2025-02-28,Sick Leave,1,Approved
1154,1209,2025-09-14,Earned Leave,2,Pending
1155,1107,2025-09-22,Emergency Leave,1,Rejected
1156,1377,2025-12-27,Casual Leave,1,Approved
1157,1296,2025-06-14,Emergency Leave,1,Approved
1158,1090,2025-12-06,Emergency Leave,1,Approved
1159,1314,2025-01-29,Emergency Leave,1,Approved
1160,1079,2025-12-29,Sick Leave,1,Approved
1161,1057,2025-09-11,Earned Leave,1,Approved
1162,1090,2025-11-14,Earned Leave,2,Approved
1163,1352,2025-11-23,Earned Leave,1,Approved
1164,1451,2025-03-05,Casual Leave,1,Approved
1165,1289,2025-03-23,Emergency Leave,1,Approved
1166,1111,2025-10-24,Earned Leave,1,Approved
1167,1355,2025-05-29,Earned Leave,1,Approved
1168,1449,2025-04-29,Sick Leave,2,Approved
1169,1307,2025-06-27,Emergency Leave,2,Approved
1170,1231,2025-12-30,Casual Leave,1,Approved
1171,1416,2025-10-16,Emergency Leave,1,Approved
1172,1220,2025-04-24,Earned Leave,2,Approved
1173,1087,2025-02-22,Earned Leave,1,Approved
1174,1203,2025-01-31,Casual Leave,1,Rejected
1175,1375,2025-08-31,Emergency Leave,1,Approved
1176,1033,2025-11-23,Emergency Leave,2,Approved
1177,1438,2025-07-22,Casual Leave,2,Approved
1178,1221,2025-08-26,Earned Leave,3,Approved
1179,1073,2025-02-06,Sick Leave,1,Approved
1180,1131,2025-10-10,Casual Leave,1,Approved
1181,1076,2025-10-30,Emergency Leave,1,Approved
1182,1040,2025-11-29,Earned Leave,1,Approved
1183,1193,2025-02-10,Casual Leave,1,Approved
1184,1330,2025-12-03,Casual Leave,1,Approved
1185,1280,2025-08-04,Casual Leave,1,Approved
1186,1100,2025-10-06,Sick Leave,1,Approved
1187,1317,2025-11-10,Emergency Leave,1,Approved
1188,1453,2025-03-25,Casual Leave,2,Approved
1189,1078,2025-10-02,Earned Leave,1,Approved
1190,1334,2025-10-13,Casual Leave,2,Approved
1191,1409,2025-10-27,Earned Leave,1,Approved
1192,1456,2025-12-12,Sick Leave,2,Approved
1193,1382,2025-02-09,Casual Leave,2,Rejected
1194,1241,2025-10-13,Earned Leave,3,Approved
1195,1031,2025-08-05,Sick Leave,1,Approved
1196,1049,2025-03-05,Casual Leave,1,Rejected
1197,1192,2025-01-25,Earned Leave,1,Approved
1198,1252,2025-05-05,Sick Leave,1,Approved
1199,1211,2025-02-01,Sick Leave,2,Pending
1200,1149,2025-03-03,Earned Leave,1,Approved
1201,1001,2025-08-26,Earned Leave,1,Rejected
1202,1478,2025-03-26,Earned Leave,2,Pending
1203,1305,2025-12-22,Sick Leave,1,Approved
1204,1280,2025-06-12,Earned Leave,2,Approved
1205,1315,2025-02-02,Casual Leave,1,Pending
1206,1363,2025-10-13,Casual Leave,1,Approved
1207,1373,2025-11-28,Emergency Leave,2,Approved
1208,1088,2025-10-31,Emergency Leave,1,Rejected
1209,1084,2025-06-09,Earned Leave,1,Approved
1210,1145,2025-01-12,Sick Leave,1,Approved
1211,1073,2025-05-06,Casual Leave,1,Approved
1212,1013,2025-11-03,Emergency Leave,2,Rejected
1213,1298,2025-07-01,Sick Leave,2,Approved
1214,1349,2025-06-02,Emergency Leave,2,Approved
1215,1096,2025-08-30,Emergency Leave,1,Rejected
1216,1426,2025-06-23,Sick Leave,1,Approved
1217,1357,2025-10-03,Casual Leave,1,Approved
1218,1494,2025-10-04,Earned Leave,1,Approved
1219,1062,2025-09-06,Emergency Leave,1,Approved
1220,1460,2025-10-22,Earned Leave,1,Approved
1221,1151,2025-07-10,Emergency Leave,2,Approved
1222,1277,2025-05-18,Sick Leave,2,Approved
1223,1012,2025-04-07,Earned Leave,1,Approved
1224,1455,2025-02-03,Emergency Leave,1,Approved
1225,1173,2025-09-16,Casual Leave,1,Approved
1226,1018,2025-07-11,Earned Leave,2,Approved
1227,1448,2025-04-01,Casual Leave,2,Pending
1228,1138,2025-04-01,Emergency Leave,1,Approved
1229,1352,2025-06-09,Earned Leave,1,Pending
1230,1344,2025-06-27,Emergency Leave,1,Rejected
1231,1257,2025-03-08,Sick Leave,1,Approved
1232,1108,2025-04-04,Emergency Leave,1,Pending
1233,1292,2025-01-21,Casual Leave,1,Approved
1234,1088,2025-12-16,Sick Leave,2,Approved
1235,1110,2025-11-05,Sick Leave,1,Approved
1236,1077,2025-12-31,Earned Leave,1,Approved
1237,1442,2025-06-08,Casual Leave,2,Pending
1238,1267,2025-09-16,Casual Leave,1,Approved
1239,1147,2025-04-25,Casual Leave,1,Approved
1240,1418,2025-08-27,Sick Leave,1,Approved
1241,1067,2025-12-14,Emergency Leave,1,Approved
1242,1383,2025-09-13,Emergency Leave,1,Approved
1243,1450,2025-12-06,Earned Leave,1,Approved
1244,1151,2025-05-09,Sick Leave,2,Approved
1245,1487,2025-02-24,Casual Leave,2,Rejected
1246,1346,2025-05-19,Sick Leave,1,Approved
1247,1430,2025-11-03,Casual Leave,2,Pending
1248,1324,2025-08-17,Emergency Leave,1,Approved
1249,1317,2025-01-10,Casual Leave,1,Approved
1250,1352,2025-03-10,Emergency Leave,1,Approved
1251,1499,2025-02-18,Casual Leave,1,Approved
1252,1354,2025-06-06,Emergency Leave,1,Rejected
1253,1022,2025-04-11,Sick Leave,2,Approved
1254,1018,2025-08-20,Emergency Leave,1,Approved
1255,1294,2025-09-20,Casual Leave,1,Rejected
1256,1117,2025-01-15,Emergency Leave,1,Rejected
1257,1119,2025-06-26,Earned Leave,1,Approved
1258,1228,2025-06-12,Earned Leave,1,Approved
1259,1208,2025-08-09,Sick Leave,1,Approved
1260,1395,2025-07-23,Emergency Leave,2,Pending
1261,1024,2025-09-05,Earned Leave,2,Approved
1262,1144,2025-10-03,Sick Leave,1,Approved
1263,1494,2025-01-10,Earned Leave,1,Approved
1264,1069,2025-04-06,Emergency Leave,1,Pending
1265,1102,2025-04-11,Emergency Leave,1,Approved
1266,1466,2025-10-22,Sick Leave,3,Approved
1267,1107,2025-09-25,Emergency Leave,1,Approved
1268,1189,2025-02-11,Earned Leave,1,Rejected
1269,1347,2025-05-29,Earned Leave,3,Approved
1270,1018,2025-02-24,Earned Leave,2,Approved
1271,1475,2025-12-02,Emergency Leave,1,Approved
1272,1210,2025-09-14,Earned Leave,1,Rejected
1273,1316,2025-01-30,Casual Leave,1,Approved
1274,1379,2025-06-20,Sick Leave,1,Approved
1275,1003,2025-12-15,Earned Leave,3,Approved
1276,1409,2025-05-18,Earned Leave,2,Rejected
1277,1346,2025-04-17,Casual Leave,1,Approved
1278,1349,2025-12-11,Earned Leave,2,Approved
1279,1499,2025-09-20,Earned Leave,1,Approved
1280,1479,2025-04-14,Emergency Leave,1,Approved
1281,1477,2025-01-17,Earned Leave,1,Approved
1282,1097,2025-01-27,Emergency Leave,3,Rejected
1283,1355,2025-12-06,Sick Leave,1,Approved
1284,1012,2025-08-12,Sick Leave,1,Rejected
1285,1452,2025-05-16,Casual Leave,2,Approved
1286,1402,2025-06-10,Casual Leave,2,Pending
1287,1301,2025-02-16,Sick Leave,1,Approved
1288,1329,2025-03-04,Emergency Leave,1,Approved
1289,1383,2025-10-05,Earned Leave,1,Approved
1290,1002,2025-09-26,Sick Leave,1,Approved
1291,1077,2025-08-08,Casual Leave,1,Approved
1292,1105,2025-10-24,Casual Leave,2,Rejected
1293,1494,2025-03-15,Earned Leave,1,Approved
1294,1477,2025-05-24,Emergency Leave,1,Approved
1295,1074,2025-05-05,Earned Leave,1,Approved
1296,1152,2025-01-25,Earned Leave,1,Pending
1297,1483,2025-01-12,Emergency Leave,2,Rejected
1298,1263,2025-12-27,Emergency Leave,1,Approved
1299,1442,2025-09-02,Earned Leave,2,Approved
1300,1452,2025-04-02,Earned Leave,2,Approved
1301,1204,2025-02-24,Emergency Leave,1,Approved
1302,1151,2025-06-14,Emergency Leave,1,Approved
1303,1219,2025-01-11,Sick Leave,2,Approved
1304,1011,2025-02-24,Casual Leave,1,Approved
1305,1208,2025-06-11,Sick Leave,1,Approved
1306,1117,2025-01-24,Emergency Leave,1,Approved
1307,1350,2025-08-23,Sick Leave,2,Approved
1308,1060,2025-12-09,Casual Leave,1,Approved
1309,1059,2025-02-01,Earned Leave,1,Approved
1310,1055,2025-02-26,Earned Leave,3,Approved
1311,1400,2025-02-19,Casual Leave,1,Approved
1312,1452,2025-07-03,Sick Leave,1,Approved
1313,1278,2025-08-26,Earned Leave,1,Approved
1314,1178,2025-03-12,Sick Leave,1,Rejected
1315,1241,2025-12-09,Casual Leave,1,Approved
1316,1075,2025-08-26,Casual Leave,1,Approved
1317,1432,2025-08-11,Emergency Leave,2,Approved
1318,1154,2025-02-26,Casual Leave,1,Approved
1319,1471,2025-10-05,Sick Leave,1,Approved
1320,1062,2025-10-03,Casual Leave,1,Pending
1321,1419,2025-09-13,Earned Leave,1,Approved
1322,1431,2025-12-21,Emergency Leave,2,Approved
1323,1267,2025-07-02,Sick Leave,1,Approved
1324,1125,2025-03-01,Sick Leave,1,Pending
1325,1203,2025-05-21,Casual Leave,1,Approved
1326,1033,2025-08-24,Earned Leave,1,Approved
1327,1231,2025-01-17,Sick Leave,2,Approved
1328,1107,2025-12-03,Sick Leave,2,Rejected
1329,1317,2025-06-23,Earned Leave,2,Approved
1330,1237,2025-05-19,Emergency Leave,1,Approved
1331,1402,2025-08-31,Earned Leave,1,Approved
1332,1439,2025-02-11,Sick Leave,2,Approved
1333,1424,2025-01-21,Casual Leave,1,Approved
1334,1273,2025-03-23,Earned Leave,1,Approved
1335,1353,2025-09-19,Casual Leave,1,Approved
1336,1467,2025-09-26,Earned Leave,1,Approved
1337,1475,2025-12-02,Sick Leave,1,Approved
1338,1155,2025-12-06,Casual Leave,1,Rejected
1339,1097,2025-12-26,Emergency Leave,1,Rejected
1340,1204,2025-01-04,Casual Leave,2,Rejected
1341,1286,2025-12-29,Emergency Leave,1,Rejected
1342,1481,2025-08-31,Sick Leave,3,Pending
1343,1447,2025-11-10,Casual Leave,2,Approved
1344,1022,2025-08-14,Earned Leave,2,Approved
1345,1326,2025-04-17,Casual Leave,1,Approved
1346,1111,2025-06-29,Earned Leave,1,Approved
1347,1361,2025-08-15,Emergency Leave,1,Pending
1348,1128,2025-05-30,Earned Leave,2,Approved
1349,1136,2025-04-28,Emergency Leave,1,Approved
1350,1252,2025-03-19,Casual Leave,1,Approved
1351,1351,2025-10-17,Sick Leave,1,Approved
1352,1296,2025-11-30,Sick Leave,1,Approved
1353,1301,2025-12-09,Emergency Leave,1,Approved
1354,1208,2025-11-07,Sick Leave,1,Rejected
1355,1358,2025-03-12,Emergency Leave,3,Approved
1356,1452,2025-04-29,Sick Leave,2,Approved
1357,1059,2025-08-16,Sick Leave,1,Approved
1358,1370,2025-11-04,Emergency Leave,2,Approved
1359,1104,2025-02-24,Sick Leave,2,Approved
1360,1313,2025-10-02,Emergency Leave,1,Approved
1361,1468,2025-11-24,Sick Leave,1,Rejected
1362,1296,2025-01-24,Sick Leave,1,Approved
1363,1153,2025-01-04,Emergency Leave,1,Approved
1364,1172,2025-11-13,Casual Leave,1,Approved
1365,1198,2025-05-28,Earned Leave,1,Approved
1366,1462,2025-07-22,Earned Leave,1,Approved
1367,1363,2025-08-17,Earned Leave,2,Approved
1368,1217,2025-09-10,,2,Approved
1369,1476,2025-01-21,Earned Leave,1,Approved
1370,1125,2025-12-09,Earned Leave,1,Approved
1371,1297,2025-06-06,Earned Leave,2,Approved
1372,1231,2025-09-15,Casual Leave,1,Approved
1373,1380,2025-05-15,Earned Leave,2,Approved
1374,1154,2025-02-28,Earned Leave,1,Approved
1375,1094,2025-05-25,Emergency Leave,1,Approved
1376,1435,2025-03-24,Earned Leave,2,Approved
1377,1167,2025-10-15,Casual Leave,2,Approved
1378,1304,2025-05-26,Sick Leave,1,Approved
1379,1315,2025-12-25,Earned Leave,1,Rejected
1380,1120,2025-04-30,Earned Leave,2,Rejected
1381,1056,2025-04-19,Sick Leave,1,Approved
1382,1232,2025-12-12,Casual Leave,1,Approved
1383,1151,2025-12-30,Sick Leave,1,Approved
1384,1366,2025-08-03,Sick Leave,1,Rejected
1385,1363,2025-05-11,Earned Leave,1,Approved
1386,1116,2025-08-17,Sick Leave,1,Approved
1387,1213,2025-06-18,Earned Leave,1,Approved
1388,1322,2025-09-05,Emergency Leave,1,Pending
1389,1238,2025-07-31,Sick Leave,1,Approved
1390,1019,2025-12-17,Sick Leave,1,Approved
1391,1032,2025-03-07,Casual Leave,2,Pending
1392,1491,2025-02-08,Emergency Leave,1,Approved
1393,1230,2025-04-18,Casual Leave,1,Approved
1394,1295,2025-08-24,Sick Leave,1,Approved
1395,1133,2025-07-26,Earned Leave,3,Approved
1396,1113,2025-11-20,Emergency Leave,2,Pending
1397,1169,2025-04-25,Emergency Leave,1,Approved
1398,1300,2025-03-07,Casual Leave,2,Approved
1399,1293,2025-02-22,Sick Leave,2,Approved
1400,1476,2025-07-08,Sick Leave,3,Approved
1401,1392,2025-04-28,Sick Leave,1,Approved
1402,1267,2025-10-20,Emergency Leave,1,Rejected
1403,1257,2025-02-10,Sick Leave,1,Rejected
1404,1031,2025-06-01,Casual Leave,2,Approved
1405,1417,2025-12-30,Earned Leave,1,Pending
1406,1450,2025-07-29,Earned Leave,2,Approved
1407,1466,2025-05-04,Earned Leave,1,Approved
1408,1168,2025-06-30,Earned Leave,1,Approved
1409,1155,2025-12-10,Casual Leave,1,Approved
1410,1093,2025-04-20,Emergency Leave,1,Approved
1411,1372,2025-05-28,Emergency Leave,1,Approved
1412,1101,2025-01-07,Emergency Leave,1,Approved
1413,1471,2025-02-26,Casual Leave,2,Approved
1414,1388,2025-01-21,Casual Leave,1,Approved
1415,1130,2025-09-22,Emergency Leave,1,Approved
1416,1359,2025-11-28,Casual Leave,1,Approved
1417,1215,2025-07-23,Earned Leave,1,Rejected
1418,1499,2025-06-26,Emergency Leave,1,Approved
1419,1115,2025-08-27,Emergency Leave,1,Approved
1420,1496,2025-10-26,Sick Leave,1,Approved
1421,1319,2025-07-27,Earned Leave,1,Approved
1422,1496,2025-12-27,Emergency Leave,2,Approved
1423,1483,2025-11-12,Sick Leave,1,Approved
1424,1398,2025-09-06,Earned Leave,2,Approved
1425,1444,2025-09-01,Sick Leave,1,Approved
1426,1062,2025-05-04,Earned Leave,1,Rejected
1427,1117,2025-11-10,Sick Leave,1,Approved
1428,1432,2025-10-02,Casual Leave,1,Approved
1429,1087,2025-09-09,Emergency Leave,2,Approved
1430,1350,2025-12-20,Emergency Leave,1,Pending
1431,1183,2025-03-08,Emergency Leave,2,Approved
1432,1053,2025-10-17,Casual Leave,1,Approved
1433,1030,2025-05-17,Emergency Leave,1,Approved
1434,1361,2025-02-10,Sick Leave,1,Approved
1435,1293,2025-08-10,Casual Leave,1,Approved
1436,1440,2025-06-23,Sick Leave,1,Approved
1437,1449,2025-12-19,Sick Leave,1,Approved
1438,1098,2025-11-18,Earned Leave,3,Rejected
1439,1443,2025-11-02,Earned Leave,1,Pending
1440,1017,2025-08-11,Sick Leave,1,Approved
1441,1450,2025-07-21,Emergency Leave,1,Approved
1442,1392,2025-10-11,Earned Leave,1,Approved
1443,1077,2025-06-13,Earned Leave,2,Approved
1444,1001,2025-09-24,Casual Leave,2,Approved
1445,1006,2025-07-04,Sick Leave,1,Approved
1446,1245,2025-06-14,Casual Leave,2,Approved
1447,1499,2025-09-17,Casual Leave,1,Approved
1448,1270,2025-08-29,Sick Leave,1,Pending
1449,1113,2025-01-17,Sick Leave,1,Approved
1450,1318,2025-10-04,Emergency Leave,1,Approved
1451,1238,2025-12-26,Emergency Leave,1,Approved
1452,1116,2025-10-25,Casual Leave,3,Approved
1453,1108,2025-06-25,Emergency Leave,1,Approved
1454,1073,2025-05-10,Earned Leave,2,Approved
1455,1061,2025-01-29,Earned Leave,1,Approved
1456,1500,2025-03-17,Casual Leave,2,Rejected
1457,1294,2025-02-19,Sick Leave,1,Approved
1458,1018,2025-06-18,Sick Leave,2,Approved
1459,1385,2025-07-16,Casual Leave,1,Approved
1460,1281,2025-07-23,Sick Leave,1,Approved
1461,1286,2025-06-29,Earned Leave,2,Approved
1462,1147,2025-06-04,Sick Leave,1,Approved
1463,1337,2025-01-24,Earned Leave,1,Approved
1464,1171,2025-06-09,Casual Leave,1,Approved
1465,1357,2025-08-18,Earned Leave,1,Approved
1466,1194,2025-12-15,Emergency Leave,1,Pending
1467,1357,2025-08-26,Sick Leave,1,Approved
1468,1424,2025-07-17,Earned Leave,1,Approved
1469,1023,2025-06-09,Emergency Leave,1,Approved
1470,1298,2025-04-27,Casual Leave,1,Approved
1471,1333,2025-12-11,Earned Leave,1,Approved
1472,1424,2025-03-31,Sick Leave,1,Approved
1473,1367,2025-11-25,Sick Leave,1,Approved
1474,1286,2025-04-10,Casual Leave,1,Approved
1475,1418,2025-11-28,Casual Leave,1,Approved
1476,1374,2025-09-23,Casual Leave,2,Approved
1477,1243,2025-12-08,Earned Leave,1,Approved
1478,1098,2025-06-07,Earned Leave,1,Approved
1479,1487,2025-10-11,Emergency Leave,2,Approved
1480,1029,2025-07-18,Earned Leave,1,Approved
1481,1307,2025-07-15,Sick Leave,2,Approved
1482,1404,2025-03-03,Earned Leave,2,Approved
1483,1125,2025-03-22,Casual Leave,1,Approved
1484,1043,2025-01-08,Casual Leave,2,Approved
1485,1214,2025-01-24,Sick Leave,1,Approved
1486,1007,2025-06-24,Earned Leave,1,Rejected
1487,1326,2025-02-25,Earned Leave,1,Approved
1488,1051,2025-02-28,Emergency Leave,1,Approved
1489,1459,2025-11-10,Sick Leave,1,Approved
1490,1399,2025-02-25,Earned Leave,1,Approved
1491,1094,2025-07-07,Emergency Leave,1,Pending
1492,1472,2025-11-26,Sick Leave,2,Rejected
1493,1414,2025-10-05,Emergency Leave,1,Approved
1494,1324,2025-07-25,Casual Leave,1,Rejected
1495,1173,2025-04-19,Earned Leave,2,Approved
1496,1376,2025-11-18,Casual Leave,1,Approved
1497,1422,2025-12-04,Casual Leave,1,Approved
1498,1029,2025-07-30,Sick Leave,1,Approved
1499,1218,2025-01-28,Earned Leave,2,Approved
1500,1386,2025-10-05,Sick Leave,1,Approved
1501,1039,2025-08-23,Earned Leave,1,Approved
1502,1465,2025-08-10,Sick Leave,1,Approved
1503,1190,2025-03-03,Casual Leave,1,Pending
1504,1330,2025-01-16,Earned Leave,1,Approved
1505,1362,2025-06-20,Earned Leave,1,Approved
1506,1142,2025-10-10,Emergency Leave,2,Rejected
1507,1110,2025-01-15,Emergency Leave,1,Approved
1508,1046,2025-11-05,Emergency Leave,2,Rejected
1509,1209,2025-08-26,Casual Leave,1,Approved
1510,1064,2025-12-22,Sick Leave,1,Approved
1511,1116,2025-01-08,Sick Leave,1,Approved
1512,1288,2025-11-16,Emergency Leave,1,Approved
1513,1053,2025-12-10,Casual Leave,2,Rejected
1514,1439,2025-11-30,Sick Leave,1,Approved
1515,1416,2025-04-09,Emergency Leave,1,Rejected
1516,1101,2025-02-23,Casual Leave,1,Approved
1517,1068,2025-05-15,Emergency Leave,1,Approved
1518,1473,2025-08-24,Sick Leave,1,Approved
1519,1288,2025-02-02,Emergency Leave,1,Approved
1520,1222,2025-06-10,Earned Leave,2,Approved
1521,1165,2025-02-11,Earned Leave,1,Approved
1522,1146,2025-02-28,Earned Leave,1,Approved
1523,1363,2025-07-26,Sick Leave,1,Approved
1524,1302,2025-06-09,Sick Leave,1,Pending
1525,1308,2025-05-25,Sick Leave,1,Rejected
1526,1150,2025-10-31,Sick Leave,1,Approved
1527,1119,2025-11-08,Casual Leave,1,Rejected
1528,1382,2025-10-18,Earned Leave,2,Approved
1529,1251,2025-09-05,Casual Leave,1,Pending
1530,1005,2025-05-11,Casual Leave,1,Approved
1531,1249,2025-11-28,Earned Leave,2,Approved
1532,1209,2025-10-24,Sick Leave,1,Rejected
1533,1212,2025-06-03,Sick Leave,1,Rejected
1534,1266,2025-09-01,Earned Leave,1,Pending
1535,1177,2025-07-03,Earned Leave,1,Approved
1536,1239,2025-07-16,Earned Leave,1,Approved
1537,1256,2025-07-13,Earned Leave,1,Approved
1538,1458,2025-08-08,Casual Leave,1,Approved
1539,1358,2025-09-17,Earned Leave,1,Approved
1540,1349,2025-07-14,Emergency Leave,3,Approved
1541,1366,2025-02-08,Emergency Leave,1,Approved
1542,1342,2025-10-06,Emergency Leave,1,Approved
1543,1203,2025-11-12,Earned Leave,1,Approved
1544,1161,2025-06-25,Sick Leave,2,Approved
1545,1203,2025-03-13,Sick Leave,1,Pending
1546,1069,2025-10-08,Sick Leave,3,Approved
1547,1192,2025-04-12,Sick Leave,1,Approved
1548,1481,2025-07-07,Earned Leave,1,Approved
1549,1204,2025-06-18,Emergency Leave,1,Pending
1550,1400,2025-03-24,Sick Leave,1,Rejected
1551,1047,2025-08-11,Emergency Leave,2,Rejected
1552,1107,2025-11-23,Sick Leave,1,Approved
1553,1392,2025-04-05,Casual Leave,1,Approved
1554,1276,2025-07-09,Earned Leave,1,Approved
1555,1070,2025-01-10,Sick Leave,1,Approved
1556,1112,2025-04-17,Sick Leave,2,Approved
1557,1174,2025-09-30,Sick Leave,1,Approved
1558,1416,2025-07-23,Casual Leave,1,Approved
1559,1004,2025-01-05,Earned Leave,1,Approved
1560,1226,2025-03-23,Earned Leave,1,Approved
1561,1029,2025-11-21,Emergency Leave,1,Approved
1562,1086,2025-12-06,Emergency Leave,1,Approved
1563,1465,2025-06-23,Casual Leave,2,Rejected
1564,1047,2025-08-12,Casual Leave,2,Approved
1565,1245,2025-11-25,Emergency Leave,1,Rejected
1566,1400,2025-10-12,Sick Leave,1,Approved
1567,1074,2025-03-06,Emergency Leave,2,Approved
1568,1500,2025-02-15,Emergency Leave,2,Approved
1569,1087,2025-06-23,Casual Leave,1,Approved
1570,1158,2025-08-21,Emergency Leave,1,Approved
1571,1231,2025-03-21,Sick Leave,1,Approved
1572,1015,2025-11-18,Earned Leave,2,Approved
1573,1118,2025-05-26,Emergency Leave,1,Approved
1574,1318,2025-10-24,Sick Leave,2,Approved
1575,1324,2025-07-11,Emergency Leave,1,Approved
1576,1099,2025-02-17,Emergency Leave,2,Approved
1577,1316,2025-04-02,Casual Leave,1,Approved
1578,1262,2025-02-27,Emergency Leave,1,Approved
1579,1069,2025-07-17,Sick Leave,1,Approved
1580,1048,2025-10-11,Emergency Leave,1,Approved
1581,1278,2025-08-27,Sick Leave,1,Approved
1582,1169,2025-10-08,Emergency Leave,2,Approved
1583,1447,2025-08-12,Casual Leave,1,Approved
1584,1353,2025-10-21,Earned Leave,1,Approved
1585,1155,2025-05-30,Emergency Leave,1,Approved
1586,1183,2025-03-04,Emergency Leave,3,Pending
1587,1383,2025-11-11,Sick Leave,2,Approved
1588,1316,2025-07-03,Sick Leave,2,Approved
1589,1385,2025-08-05,Sick Leave,1,Rejected
1590,1453,2025-08-28,Casual Leave,1,Approved
1591,1220,2025-11-26,Casual Leave,1,Rejected
1592,1319,2025-09-26,Emergency Leave,3,Approved
1593,1378,2025-01-18,Emergency Leave,2,Approved
1594,1049,2025-04-16,Earned Leave,1,Approved
1595,1235,2025-11-18,Earned Leave,1,Approved
1596,1051,2025-01-19,Emergency Leave,1,Rejected
1597,1078,2025-06-02,Earned Leave,1,Approved
1598,1439,2025-03-30,Casual Leave,1,Approved
1599,1203,2025-02-02,Casual Leave,1,Pending
1600,1052,2025-09-17,Emergency Leave,1,Pending
1601,1210,2025-12-24,Sick Leave,1,Approved
1602,1202,2025-04-07,Earned Leave,1,Approved
1603,1002,2025-01-17,Emergency Leave,1,Approved
1604,1129,2025-10-03,Earned Leave,1,Approved
1605,1249,2025-06-16,Earned Leave,2,Approved
1606,1144,2025-10-29,Casual Leave,1,Approved
1607,1001,2025-06-22,Emergency Leave,1,Approved
1608,1420,2025-02-14,Casual Leave,2,Approved
1609,1466,2025-09-13,Sick Leave,1,Approved
1610,1439,2025-12-10,Casual Leave,2,Approved
1611,1357,2025-02-17,Casual Leave,1,Rejected
1612,1247,2025-10-13,Sick Leave,1,Approved
1613,1312,2025-12-15,Casual Leave,1,Approved
1614,1246,2025-07-10,Emergency Leave,1,Approved
1615,1202,2025-04-09,Casual Leave,1,Rejected
1616,1109,2025-11-18,Sick Leave,1,Approved
1617,1293,2025-01-29,Sick Leave,1,Approved
1618,1229,2025-08-08,Sick Leave,1,Rejected
1619,1155,2025-05-13,Sick Leave,1,Approved
1620,1418,2025-10-10,Casual Leave,1,Approved
1621,1373,2025-04-23,Earned Leave,1,Approved
1622,1104,2025-10-05,Sick Leave,1,Approved
1623,1474,2025-05-07,Emergency Leave,1,Approved
1624,1479,2025-04-06,,1,Pending
1625,1250,2025-11-30,Emergency Leave,1,Rejected
1626,1377,2025-10-28,Casual Leave,1,Approved
1627,1103,2025-05-02,Emergency Leave,1,Rejected
1628,1499,2025-07-29,Earned Leave,1,Pending
1629,1309,2025-12-05,Earned Leave,3,Pending
1630,1309,2025-12-06,Casual Leave,1,Approved
1631,1076,2025-06-07,Emergency Leave,2,Approved
1632,1260,2025-06-24,Earned Leave,1,Approved
1633,1083,2025-03-21,Sick Leave,1,Approved
1634,1202,2025-08-13,Emergency Leave,3,Approved
1635,1316,2025-02-10,Earned Leave,1,Approved
1636,1238,2025-03-01,,1,Pending
1637,1341,2025-09-02,Casual Leave,1,Approved
1638,1212,2025-02-04,Sick Leave,1,Approved
1639,1309,2025-10-15,Casual Leave,2,Approved
1640,1265,2025-11-18,Casual Leave,1,Approved
1641,1064,2025-05-14,Earned Leave,1,Approved
1642,1104,2025-02-27,Emergency Leave,1,Pending
1643,1080,2025-06-18,Casual Leave,1,Approved
1644,1269,2025-08-12,Emergency Leave,1,Approved
1645,1248,2025-04-30,Casual Leave,1,Approved
1646,1176,2025-12-01,Casual Leave,2,Approved
1647,1165,2025-07-22,Casual Leave,1,Rejected
1648,1097,2025-02-26,Casual Leave,2,Approved
1649,1022,2025-10-14,Earned Leave,2,Approved
1650,1039,2025-09-20,Casual Leave,1,Approved
1651,1066,2025-07-21,Emergency Leave,2,Approved
1652,1235,2025-09-02,Sick Leave,1,Approved
1653,1454,2025-03-21,Emergency Leave,1,Pending
1654,1006,2025-04-06,Emergency Leave,1,Pending
1655,1307,2025-01-10,Emergency Leave,2,Approved
1656,1350,2025-03-31,Earned Leave,2,Pending
1657,1175,2025-08-29,Casual Leave,1,Pending
1658,1340,2025-04-16,Emergency Leave,1,Approved
1659,1353,2025-03-23,Earned Leave,1,Approved
1660,1266,2025-01-28,Emergency Leave,1,Approved
1661,1488,2025-02-15,Sick Leave,2,Pending
1662,1499,2025-02-02,Casual Leave,1,Rejected
1663,1430,2025-03-08,Casual Leave,1,Approved
1664,1334,2025-01-12,Sick Leave,1,Approved
1665,1171,2025-03-30,Sick Leave,1,Rejected
1666,1392,2025-06-10,Emergency Leave,1,Approved
1667,1220,2025-04-29,Emergency Leave,1,Approved
1668,1295,2025-08-09,Emergency Leave,1,Rejected
1669,1377,2025-11-07,Emergency Leave,1,Approved
1670,1456,2025-11-22,Casual Leave,2,Approved
1671,1264,2025-08-19,Earned Leave,1,Approved
1672,1451,2025-01-06,Sick Leave,1,Approved
1673,1029,2025-07-15,Earned Leave,1,Approved
1674,1140,2025-05-25,Sick Leave,1,Approved
1675,1325,2025-06-03,Earned Leave,2,Pending
1676,1038,2025-03-22,Sick Leave,1,Approved
1677,1118,2025-04-18,Emergency Leave,1,Approved
1678,1246,2025-10-28,Emergency Leave,2,Approved
1679,1304,2025-10-22,Emergency Leave,1,Approved
1680,1418,2025-10-18,Sick Leave,1,Approved
1681,1396,2025-06-20,Sick Leave,1,Approved
1682,1343,2025-06-19,Casual Leave,3,Rejected
1683,1491,2025-10-24,Earned Leave,1,Approved
1684,1299,2025-08-30,Emergency Leave,1,Approved
1685,1492,2025-06-21,Casual Leave,1,Pending
1686,1427,2025-03-04,Emergency Leave,1,Rejected
1687,1098,2025-03-11,Casual Leave,1,Approved
1688,1427,2025-12-01,Earned Leave,1,Rejected
1689,1271,2025-08-05,Sick Leave,2,Approved
1690,1422,2025-12-17,Emergency Leave,1,Approved
1691,1375,2025-08-30,Earned Leave,3,Approved
1692,1179,2025-05-29,Earned Leave,1,Rejected
1693,1337,2025-04-06,Sick Leave,1,Approved
1694,1251,2025-07-05,Earned Leave,2,Approved
1695,1099,2025-07-28,Earned Leave,3,Approved
1696,1241,2025-06-02,Casual Leave,2,Approved
1697,1091,2025-02-17,Emergency Leave,1,Approved
1698,1423,2025-03-16,Emergency Leave,2,Approved
1699,1121,2025-04-03,Emergency Leave,2,Approved
1700,1331,2025-06-28,Earned Leave,1,Approved
1701,1265,2025-03-02,Emergency Leave,1,Approved
1702,1206,2025-09-21,Casual Leave,1,Approved
1703,1039,2025-05-15,Sick Leave,1,Approved
1704,1001,2025-01-11,Casual Leave,2,Rejected
1705,1381,2025-08-05,Sick Leave,1,Approved
1706,1318,2025-10-10,Casual Leave,1,Approved
1707,1007,2025-09-11,Earned Leave,1,Approved
1708,1063,2025-06-12,Earned Leave,2,Rejected
1709,1447,2025-01-25,Earned Leave,1,Approved
1710,1198,2025-02-09,Emergency Leave,1,Approved
1711,1396,2025-07-03,Earned Leave,1,Approved
1712,1321,2025-02-17,Emergency Leave,1,Approved
1713,1425,2025-01-14,Casual Leave,1,Approved
1714,1125,2025-07-08,Emergency Leave,1,Approved
1715,1469,2025-02-02,Earned Leave,1,Approved
1716,1232,2025-11-02,Casual Leave,1,Approved
1717,1472,2025-01-04,Emergency Leave,1,Approved
1718,1017,2025-09-10,Casual Leave,1,Pending
1719,1049,2025-05-15,Casual Leave,1,Approved
1720,1026,2025-05-17,Earned Leave,1,Approved
1721,1086,2025-02-22,Casual Leave,1,Approved
1722,1453,2025-07-19,Earned Leave,1,Approved
1723,1042,2025-05-09,Casual Leave,3,Approved
1724,1260,2025-05-20,Earned Leave,2,Approved
1725,1064,2025-01-10,Sick Leave,1,Approved
1726,1105,2025-06-20,Earned Leave,2,Approved
1727,1183,2025-09-04,Emergency Leave,2,Approved
1728,1296,2025-05-15,Earned Leave,1,Approved
1729,1323,2025-09-02,Emergency Leave,1,Approved
1730,1409,2025-04-14,Casual Leave,1,Pending
1731,1289,2025-08-01,Sick Leave,2,Approved
1732,1161,2025-11-29,Sick Leave,1,Approved
1733,1013,2025-05-09,Earned Leave,1,Approved
1734,1124,2025-06-30,Earned Leave,1,Approved
1735,1457,2025-09-24,Earned Leave,1,Approved
1736,1315,2025-10-27,Emergency Leave,1,Approved
1737,1493,2025-12-27,Sick Leave,1,Approved
1738,1011,2025-05-06,Casual Leave,1,Approved
1739,1057,2025-09-12,Casual Leave,1,Approved
1740,1108,2025-07-30,Sick Leave,2,Approved
1741,1111,2025-10-05,Casual Leave,1,Approved
1742,1474,2025-11-21,Casual Leave,2,Approved
1743,1180,2025-07-03,Emergency Leave,1,Approved
1744,1478,2025-01-21,Earned Leave,1,Rejected
1745,1367,2025-07-28,Emergency Leave,1,Approved
1746,1013,2025-05-28,Casual Leave,1,Approved
1747,1496,2025-02-25,Emergency Leave,1,Rejected
1748,1102,2025-12-21,Emergency Leave,1,Approved
1749,1384,2025-01-04,Casual Leave,1,Approved
1750,1174,2025-09-21,Casual Leave,2,Approved
1751,1132,2025-08-14,Casual Leave,1,Approved
1752,1226,2025-04-21,Emergency Leave,1,Approved
1753,1184,2025-01-17,Sick Leave,2,Approved
1754,1211,2025-12-26,Casual Leave,2,Approved
1755,1317,2025-01-06,Sick Leave,1,Approved
1756,1095,2025-02-12,Casual Leave,2,Approved
1757,1235,2025-03-08,Emergency Leave,3,Approved
1758,1331,2025-07-26,Sick Leave,1,Approved
1759,1417,2025-08-28,Earned Leave,1,Approved
1760,1367,2025-02-05,Sick Leave,1,Rejected
1761,1468,2025-08-18,Emergency Leave,1,Approved
1762,1194,2025-09-15,Emergency Leave,1,Pending
1763,1486,2025-10-14,Sick Leave,2,Approved
1764,1149,2025-09-22,Emergency Leave,1,Approved
1765,1338,2025-03-19,Sick Leave,1,Rejected
1766,1095,2025-10-26,Casual Leave,2,Approved
1767,1258,2025-06-14,Casual Leave,2,Pending
1768,1158,2025-01-15,Earned Leave,1,Approved
1769,1049,2025-11-14,Casual Leave,1,Approved
1770,1217,2025-11-09,Emergency Leave,1,Pending
1771,1412,2025-10-10,Earned Leave,1,Approved
1772,1414,2025-06-06,Casual Leave,3,Approved
1773,1071,2025-10-04,Casual Leave,1,Approved
1774,1142,2025-06-22,Earned Leave,1,Approved
1775,1396,2025-09-17,Earned Leave,1,Approved
1776,1243,2025-04-27,Casual Leave,2,Approved
1777,1248,2025-03-03,Sick Leave,2,Approved
1778,1013,2025-03-26,Casual Leave,1,Approved
1779,1168,2025-03-31,Casual Leave,1,Rejected
1780,1106,2025-02-27,Sick Leave,1,Approved
1781,1112,2025-05-08,Sick Leave,3,Approved
1782,1195,2025-03-18,Sick Leave,1,Approved
1783,1269,2025-01-10,Emergency Leave,1,Approved
1784,1291,2025-07-30,Casual Leave,2,Rejected
1785,1029,2025-01-03,Sick Leave,3,Approved
1786,1446,2025-12-16,Casual Leave,1,Approved
1787,1001,2025-11-23,Emergency Leave,1,Rejected
1788,1207,2025-07-27,Sick Leave,1,Approved
1789,1359,2025-03-09,Sick Leave,2,Approved
1790,1031,2025-06-30,Casual Leave,3,Rejected
1791,1500,2025-11-25,Emergency Leave,1,Approved
1792,1142,2025-06-13,Sick Leave,1,Approved
1793,1306,2025-01-06,Emergency Leave,1,Approved
1794,1143,2025-03-03,Sick Leave,1,Approved
1795,1003,2025-08-01,Emergency Leave,1,Pending
1796,1052,2025-11-10,Earned Leave,1,Pending
1797,1268,2025-11-22,Emergency Leave,1,Approved
1798,1345,2025-04-21,Earned Leave,1,Approved
1799,1349,2025-12-25,Earned Leave,1,Approved
1800,1045,2025-01-19,Sick Leave,2,Pending
1801,1420,2025-07-11,Sick Leave,2,Approved
1802,1349,2025-12-01,Sick Leave,1,Approved
1803,1036,2025-09-21,Casual Leave,1,Approved
1804,1423,2025-11-09,Earned Leave,2,Approved
1805,1150,2025-03-15,Earned Leave,1,Rejected
1806,1031,2025-08-02,Casual Leave,1,Approved
1807,1034,2025-02-01,Casual Leave,1,Approved
1808,1123,2025-05-20,Casual Leave,2,Approved
1809,1412,2025-03-09,Emergency Leave,1,Rejected
1810,1053,2025-12-21,Casual Leave,1,Approved
1811,1321,2025-01-21,Sick Leave,1,Approved
1812,1119,2025-01-01,Casual Leave,1,Approved
1813,1234,2025-01-29,Casual Leave,1,Pending
1814,1116,2025-04-03,Casual Leave,1,Rejected
1815,1016,2025-07-10,Emergency Leave,1,Approved
1816,1207,2025-10-24,Earned Leave,1,Pending
1817,1263,2025-08-16,Casual Leave,1,Approved
1818,1341,2025-03-24,Emergency Leave,2,Approved
1819,1114,2025-03-25,Earned Leave,1,Approved
1820,1226,2025-10-18,Casual Leave,2,Approved
1821,1071,2025-01-05,Sick Leave,1,Approved
1822,1179,2025-12-18,Casual Leave,1,Approved
1823,1151,2025-06-23,Sick Leave,2,Approved
1824,1354,2025-10-14,Casual Leave,1,Approved
1825,1249,2025-11-16,Casual Leave,3,Approved
1826,1089,2025-12-09,Casual Leave,1,Approved
1827,1130,2025-01-15,Casual Leave,1,Approved
1828,1092,2025-10-26,Earned Leave,2,Approved
1829,1157,2025-08-08,Earned Leave,1,Approved
1830,1439,2025-06-22,Earned Leave,1,Approved
1831,1437,2025-10-30,Sick Leave,2,Approved
1832,1118,2025-06-15,Casual Leave,1,Approved
1833,1240,2025-03-05,Sick Leave,1,Approved
1834,1135,2025-01-13,Sick Leave,1,Approved
1835,1018,2025-12-17,Casual Leave,2,Approved
1836,1127,2025-06-29,Sick Leave,1,Approved
1837,1110,2025-10-19,Earned Leave,1,Pending
1838,1311,2025-05-15,Casual Leave,1,Approved
1839,1166,2025-09-14,Casual Leave,3,Approved
1840,1250,2025-06-07,Earned Leave,1,Rejected
1841,1241,2025-06-29,Emergency Leave,1,Approved
1842,1076,2025-07-11,Sick Leave,1,Pending
1843,1255,2025-11-02,Emergency Leave,1,Approved
1844,1245,2025-11-13,Earned Leave,1,Approved
1845,1348,2025-10-09,Earned Leave,1,Approved
1846,1025,2025-08-13,Emergency Leave,2,Approved
1847,1440,2025-05-26,Sick Leave,1,Approved
1848,1357,2025-02-16,Emergency Leave,1,Approved
1849,1124,2025-12-16,Sick Leave,1,Approved
1850,1453,2025-09-18,Emergency Leave,1,Approved
1851,1414,2025-04-19,Casual Leave,1,Rejected
1852,1213,2025-07-12,Emergency Leave,1,Approved
1853,1260,2025-06-20,Earned Leave,2,Approved
1854,1435,2025-08-16,Sick Leave,2,Approved
1855,1028,2025-11-10,Casual Leave,2,Approved
1856,1311,2025-10-03,Sick Leave,1,Approved
1857,1286,2025-10-08,Sick Leave,1,Approved
1858,1136,2025-01-26,Sick Leave,1,Pending
1859,1247,2025-09-09,Casual Leave,1,Approved
1860,1157,2025-02-03,Casual Leave,1,Approved
1861,1246,2025-06-05,Casual Leave,1,Approved
1862,1418,2025-08-20,Casual Leave,1,Approved
1863,1261,2025-03-09,Emergency Leave,1,Approved
1864,1217,2025-10-09,Casual Leave,1,Rejected
1865,1430,2025-04-23,Casual Leave,2,Rejected
1866,1419,2025-10-27,Casual Leave,1,Rejected
1867,1049,2025-10-13,Earned Leave,2,Approved
1868,1041,2025-09-02,Earned Leave,1,Approved
1869,1177,2025-08-05,Sick Leave,1,Rejected
1870,1336,2025-11-26,Earned Leave,1,Approved
1871,1086,2025-12-15,Earned Leave,1,Approved
1872,1152,2025-03-14,Sick Leave,1,Approved
1873,1306,2025-03-18,Earned Leave,1,Approved
1874,1270,2025-07-30,Sick Leave,1,Approved
1875,1147,2025-12-20,Earned Leave,1,Approved
1876,1394,2025-06-11,Sick Leave,2,Approved
1877,1259,2025-12-19,Sick Leave,1,Approved
1878,1165,2025-09-26,Emergency Leave,2,Pending
1879,1155,2025-12-11,Earned Leave,1,Approved
1880,1181,2025-02-25,Casual Leave,3,Pending
1881,1234,2025-04-03,Emergency Leave,1,Rejected
1882,1065,2025-06-24,Casual Leave,1,Rejected
1883,1267,2025-01-05,Earned Leave,1,Approved
1884,1229,2025-02-08,Sick Leave,1,Approved
1885,1490,2025-02-14,Casual Leave,1,Rejected
1886,1156,2025-06-03,Emergency Leave,1,Approved
1887,1040,2025-08-24,Sick Leave,1,Approved
1888,1038,2025-03-21,Sick Leave,1,Approved
1889,1383,2025-04-07,Earned Leave,2,Pending
1890,1460,2025-09-06,Earned Leave,2,Approved
1891,1199,2025-04-25,Earned Leave,1,Approved
1892,1144,2025-09-21,Earned Leave,1,Approved
1893,1057,2025-06-25,Casual Leave,1,Pending
1894,1090,2025-07-21,Casual Leave,3,Approved
1895,1439,2025-12-07,Earned Leave,2,Approved
1896,1407,2025-12-23,Emergency Leave,1,Approved
1897,1230,2025-10-22,Emergency Leave,1,Approved
1898,1261,2025-04-08,Casual Leave,1,Approved
1899,1041,2025-08-04,Sick Leave,3,Pending
1900,1091,2025-11-03,Earned Leave,1,Approved
1901,1382,2025-08-27,Casual Leave,1,Approved
1902,1122,2025-06-03,Casual Leave,2,Approved
1903,1483,2025-06-17,Casual Leave,2,Approved
1904,1260,2025-09-14,Emergency Leave,1,Approved
1905,1441,2025-07-08,Earned Leave,1,Approved
1906,1295,2025-01-04,Casual Leave,1,Approved
1907,1201,2025-04-24,Earned Leave,2,Approved
1908,1159,2025-02-04,Casual Leave,1,Rejected
1909,1012,2025-01-17,Earned Leave,1,Approved
1910,1156,2025-04-03,Sick Leave,1,Approved
1911,1357,2025-05-07,Earned Leave,2,Approved
1912,1306,2025-09-29,Emergency Leave,1,Rejected
1913,1463,2025-03-31,Emergency Leave,1,Approved
1914,1375,2025-06-30,Sick Leave,3,Approved
1915,1326,2025-04-22,Sick Leave,1,Approved
1916,1027,2025-03-02,Casual Leave,1,Approved
1917,1433,2025-07-22,Sick Leave,1,Approved
1918,1065,2025-04-19,Sick Leave,1,Approved
1919,1236,2025-02-16,Emergency Leave,2,Approved
1920,1413,2025-02-07,Emergency Leave,1,Rejected
1921,1383,2025-11-19,Sick Leave,1,Approved
1922,1412,2025-10-03,Emergency Leave,1,Pending
1923,1366,2025-06-12,Emergency Leave,1,Approved
1924,1207,2025-08-10,Earned Leave,1,Approved
1925,1289,2025-05-08,Casual Leave,1,Approved
1926,1068,2025-06-10,Casual Leave,2,Approved
1927,1352,2025-02-21,Casual Leave,1,Approved
1928,1211,2025-10-12,Emergency Leave,2,Rejected
1929,1267,2025-02-21,Casual Leave,1,Approved
1930,1050,2025-09-17,Earned Leave,1,Approved
1931,1296,2025-10-19,Earned Leave,1,Approved
1932,1153,2025-11-20,Earned Leave,2,Approved
1933,1344,2025-02-06,Casual Leave,1,Approved
1934,1131,2025-03-01,Casual Leave,1,Rejected
1935,1147,2025-06-23,Casual Leave,1,Approved
1936,1408,2025-03-15,Casual Leave,1,Approved
1937,1389,2025-12-19,Sick Leave,2,Approved
1938,1274,2025-09-16,Emergency Leave,1,Approved
1939,1177,2025-09-28,Sick Leave,1,Pending
1940,1304,2025-07-27,Emergency Leave,1,Approved
1941,1311,2025-07-25,Sick Leave,2,Approved
1942,1377,2025-12-02,Casual Leave,2,Approved
1943,1152,2025-09-11,Sick Leave,1,Approved
1944,1093,2025-04-11,Earned Leave,1,Approved
1945,1142,2025-03-25,Sick Leave,3,Approved
1946,1125,2025-02-15,Emergency Leave,1,Approved
1947,1220,2025-01-06,Emergency Leave,2,Approved
1948,1487,2025-09-12,Emergency Leave,1,Approved
1949,1489,2025-02-16,Sick Leave,1,Approved
1950,1354,2025-07-10,Emergency Leave,1,Rejected
1951,1004,2025-03-06,Sick Leave,1,Approved
1952,1240,2025-11-05,Emergency Leave,1,Pending
1953,1219,2025-05-03,Earned Leave,2,Approved
1954,1140,2025-07-23,Emergency Leave,2,Approved
1955,1154,2025-10-20,Casual Leave,1,Approved
1956,1232,2025-02-19,Earned Leave,1,Approved
1957,1441,2025-02-16,Sick Leave,1,Approved
1958,1377,2025-01-20,Earned Leave,1,Approved
1959,1036,2025-11-14,Emergency Leave,1,Approved
1960,1139,2025-12-19,Emergency Leave,1,Approved
1961,1199,2025-06-04,Earned Leave,1,Rejected
1962,1075,2025-08-31,Earned Leave,1,Rejected
1963,1225,2025-06-26,Casual Leave,1,Approved
1964,1471,2025-04-09,Sick Leave,3,Approved
1965,1051,2025-04-11,Sick Leave,2,Approved
1966,1379,2025-02-20,Casual Leave,1,Approved
1967,1302,2025-03-06,Casual Leave,1,Rejected
1968,1175,2025-02-03,Emergency Leave,1,Approved
1969,1140,2025-06-06,Earned Leave,1,Approved
1970,1049,2025-04-12,Earned Leave,2,Approved
1971,1036,2025-09-03,Casual Leave,2,Approved
1972,1468,2025-07-27,Earned Leave,2,Approved
1973,1212,2025-04-12,Casual Leave,1,Approved
1974,1110,2025-10-31,Earned Leave,1,Approved
1975,1202,2025-02-16,Emergency Leave,2,Approved
1976,1490,2025-01-30,Casual Leave,1,Approved
1977,1310,2025-05-08,Emergency Leave,2,Pending
1978,1041,2025-08-09,Casual Leave,1,Approved
1979,1433,2025-02-09,Earned Leave,1,Approved
1980,1241,2025-11-16,Earned Leave,1,Pending
1981,1026,2025-09-11,Casual Leave,1,Approved
1982,1492,2025-04-17,Sick Leave,2,Approved
1983,1397,2025-01-14,Casual Leave,3,Approved
1984,1115,2025-03-21,Earned Leave,3,Approved
1985,1479,2025-09-27,Earned Leave,3,Approved
1986,1257,2025-09-28,Emergency Leave,1,Approved
1987,1301,2025-01-11,Sick Leave,1,Approved
1988,1159,2025-11-30,Emergency Leave,1,Pending
1989,1041,2025-02-26,Earned Leave,3,Approved
1990,1017,2025-09-29,Emergency Leave,2,Approved
1991,1305,2025-03-10,Casual Leave,1,Approved
1992,1413,2025-11-23,Earned Leave,1,Approved
1993,1182,2025-06-29,Earned Leave,1,Approved
1994,1211,2025-09-23,Emergency Leave,2,Approved
1995,1139,2025-11-28,Casual Leave,3,Approved
1996,1308,2025-11-10,Casual Leave,3,Approved
1997,1305,2025-05-28,Earned Leave,1,Pending
1998,1412,2025-10-31,Emergency Leave,1,Rejected
1999,1269,2025-01-04,Sick Leave,1,Approved
2000,1404,2025-06-14,Emergency Leave,1,Approved
2001,1337,2025-10-31,Casual Leave,1,Approved
2002,1220,2025-10-28,Earned Leave,1,Rejected
2003,1283,2025-03-12,Emergency Leave,1,Approved
2004,1243,2025-07-19,Earned Leave,1,Approved
2005,1135,2025-01-24,Emergency Leave,2,Approved
2006,1331,2025-03-01,Casual Leave,2,Rejected
2007,1388,2025-06-05,Emergency Leave,1,Approved
2008,1407,2025-03-17,Earned Leave,1,Approved
2009,1103,2025-12-02,Casual Leave,1,Approved
2010,1357,2025-10-01,Sick Leave,2,Approved
2011,1183,2025-10-15,Earned Leave,1,Rejected
2012,1039,2025-01-05,Sick Leave,1,Rejected
2013,1188,2025-12-21,Sick Leave,1,Approved
2014,1029,2025-09-05,Sick Leave,1,Approved
2015,1157,2025-02-16,Sick Leave,2,Approved
2016,1239,2025-01-19,Casual Leave,1,Approved
2017,1451,2025-07-26,Casual Leave,1,Approved
2018,1068,2025-03-19,Casual Leave,2,Approved
2019,1096,2025-07-29,Sick Leave,1,Approved
2020,1496,2025-05-28,Earned Leave,1,Rejected
2021,1015,2025-09-14,Emergency Leave,1,Approved
2022,1010,2025-09-02,Sick Leave,1,Approved
2023,1241,2025-03-23,Sick Leave,3,Approved
2024,1354,2025-12-01,Earned Leave,1,Approved
2025,1020,2025-01-06,Sick Leave,2,Approved
2026,1304,2025-08-12,Emergency Leave,1,Approved
2027,1273,2025-12-18,Sick Leave,3,Pending
2028,1051,2025-04-03,Casual Leave,1,Approved
2029,1127,2025-06-09,Casual Leave,1,Approved
2030,1267,2025-12-10,Casual Leave,1,Approved
2031,1307,2025-03-20,Emergency Leave,1,Approved
2032,1450,2025-11-21,,1,Approved
2033,1065,2025-07-19,Earned Leave,2,Pending
2034,1201,2025-04-23,Casual Leave,2,Approved
2035,1412,2025-07-22,Earned Leave,1,Rejected
2036,1035,2025-12-19,Sick Leave,1,Approved
2037,1102,2025-06-03,Sick Leave,1,Approved
2038,1248,2025-03-23,Sick Leave,1,Approved
2039,1301,2025-04-21,Sick Leave,1,Pending
2040,1309,2025-05-25,Sick Leave,1,Approved
2041,1428,2025-04-13,Emergency Leave,1,Approved
2042,1093,2025-10-13,Casual Leave,1,Approved
2043,1211,2025-01-19,Sick Leave,1,Approved
2044,1095,2025-10-14,Casual Leave,1,Approved
2045,1149,2025-07-20,Earned Leave,1,Approved
2046,1069,2025-08-02,Emergency Leave,2,Approved
2047,1087,2025-11-30,Casual Leave,1,Rejected
2048,1232,2025-01-26,Emergency Leave,1,Approved
2049,1045,2025-10-27,Earned Leave,1,Approved
2050,1425,2025-02-26,Casual Leave,1,Approved
2051,1318,2025-04-25,Sick Leave,1,Rejected
2052,1332,2025-09-15,Emergency Leave,2,Approved
2053,1294,2025-03-11,Casual Leave,1,Rejected
2054,1273,2025-01-08,Earned Leave,1,Approved
2055,1139,2025-01-28,Casual Leave,1,Rejected
2056,1285,2025-01-18,Sick Leave,1,Approved
2057,1356,2025-08-27,Emergency Leave,2,Approved
2058,1087,2025-04-02,Casual Leave,2,Approved
2059,1015,2025-02-14,Sick Leave,2,Approved
2060,1111,2025-12-23,Earned Leave,1,Approved
2061,1313,2025-08-06,Casual Leave,1,Approved
2062,1473,2025-03-13,Sick Leave,1,Approved
2063,1346,2025-06-30,Emergency Leave,1,Approved
2064,1084,2025-07-03,Sick Leave,1,Approved
2065,1426,2025-06-10,Sick Leave,3,Approved
2066,1221,2025-08-24,Emergency Leave,1,Approved
2067,1430,2025-11-25,Sick Leave,1,Approved
2068,1042,2025-03-29,Earned Leave,1,Approved
2069,1230,2025-11-03,Emergency Leave,2,Approved
2070,1499,2025-08-04,Sick Leave,1,Approved
2071,1313,2025-03-28,Emergency Leave,2,Approved
2072,1265,2025-11-04,Emergency Leave,2,Approved
2073,1344,2025-05-27,Sick Leave,1,Approved
2074,1236,2025-06-30,Earned Leave,2,Approved
2075,1035,2025-04-01,Emergency Leave,1,Approved
2076,1097,2025-11-11,Sick Leave,1,Approved
2077,1298,2025-11-04,Earned Leave,1,Approved
2078,1153,2025-03-10,Sick Leave,1,Approved
2079,1112,2025-07-11,Earned Leave,1,Approved
2080,1342,2025-06-05,Sick Leave,1,Approved
2081,1053,2025-07-12,Sick Leave,1,Approved
2082,1281,2025-05-27,Emergency Leave,2,Approved
2083,1140,2025-03-24,Emergency Leave,1,Approved
2084,1433,2025-02-19,Emergency Leave,1,Pending
2085,1046,2025-08-29,Emergency Leave,1,Rejected
2086,1087,2025-01-04,Sick Leave,1,Approved
2087,1251,2025-11-02,Casual Leave,1,Approved
2088,1264,2025-05-15,Sick Leave,1,Approved
2089,1407,2025-12-28,Casual Leave,1,Approved
2090,1406,2025-11-27,Sick Leave,3,Approved
2091,1157,2025-06-03,Earned Leave,1,Approved
2092,1177,2025-02-28,Earned Leave,1,Approved
2093,1078,2025-09-27,Casual Leave,1,Approved
2094,1237,2025-03-30,Casual Leave,1,Pending
2095,1183,2025-04-03,Emergency Leave,2,Approved
2096,1469,2025-01-09,Casual Leave,1,Approved
2097,1055,2025-06-04,Earned Leave,1,Approved
2098,1240,2025-10-18,Earned Leave,1,Approved
2099,1475,2025-05-19,Sick Leave,1,Pending
2100,1142,2025-08-20,Earned Leave,2,Pending
2101,1417,2025-03-06,Casual Leave,1,Approved
2102,1308,2025-07-16,Casual Leave,1,Approved
2103,1193,2025-08-15,Emergency Leave,1,Approved
2104,1139,2025-03-26,Casual Leave,1,Approved
2105,1318,2025-07-25,Earned Leave,1,Rejected
2106,1003,2025-07-29,Emergency Leave,2,Approved
2107,1436,2025-08-29,Emergency Leave,1,Approved
2108,1162,2025-11-19,Earned Leave,1,Approved
2109,1259,2025-06-05,Sick Leave,2,Approved
2110,1336,2025-03-01,Earned Leave,1,Approved
2111,1256,2025-10-12,Sick Leave,1,Approved
2112,1193,2025-02-25,Earned Leave,1,Approved
2113,1145,2025-09-09,Earned Leave,1,Rejected
2114,1286,2025-08-06,Emergency Leave,1,Approved
2115,1126,2025-12-20,Emergency Leave,1,Rejected
2116,1333,2025-03-16,Emergency Leave,1,Approved
2117,1040,2025-08-28,Earned Leave,1,Pending
2118,1498,2025-06-18,,1,Pending
2119,1032,2025-07-06,Casual Leave,2,Pending
2120,1138,2025-08-17,Casual Leave,1,Approved
2121,1072,2025-09-07,Earned Leave,1,Approved
2122,1086,2025-11-28,Earned Leave,2,Approved
2123,1016,2025-12-30,Casual Leave,1,Approved
2124,1387,2025-12-31,Casual Leave,2,Approved
2125,1264,2025-08-02,Sick Leave,1,Approved
2126,1410,2025-05-03,Casual Leave,1,Approved
2127,1394,2025-05-07,Casual Leave,2,Approved
2128,1184,2025-10-21,Sick Leave,1,Approved
2129,1413,2025-12-16,Sick Leave,2,Approved
2130,1204,2025-02-25,Casual Leave,1,Approved
2131,1121,2025-01-31,Earned Leave,1,Approved
2132,1449,2025-01-15,Sick Leave,3,Approved
2133,1195,2025-11-18,Sick Leave,1,Approved
2134,1442,2025-02-06,Earned Leave,1,Approved
2135,1061,2025-02-05,Emergency Leave,2,Approved
2136,1316,2025-02-14,Sick Leave,1,Pending
2137,1425,2025-03-01,Casual Leave,1,Approved
2138,1467,2025-09-14,Sick Leave,2,Pending
2139,1473,2025-12-01,Emergency Leave,1,Approved
2140,1028,2025-11-23,Emergency Leave,1,Approved
2141,1276,2025-10-20,Earned Leave,1,Approved
2142,1489,2025-01-08,Casual Leave,1,Approved
2143,1087,2025-02-22,Earned Leave,1,Approved
2144,1127,2025-12-06,Casual Leave,1,Approved
2145,1277,2025-12-06,Earned Leave,1,Approved
2146,1447,2025-01-19,Sick Leave,1,Approved
2147,1465,2025-06-01,Casual Leave,1,Rejected
2148,1230,2025-03-14,,1,Approved
2149,1280,2025-11-29,Sick Leave,1,Rejected
2150,1074,2025-12-23,Earned Leave,1,Approved
2151,1495,2025-06-10,Emergency Leave,1,Approved
2152,1077,2025-05-30,Sick Leave,1,Approved
2153,1269,2025-08-25,Sick Leave,2,Rejected
2154,1443,2025-02-07,Sick Leave,1,Approved
2155,1182,2025-07-15,Emergency Leave,2,Approved
2156,1344,2025-09-28,Sick Leave,1,Rejected
2157,1389,2025-08-14,Emergency Leave,2,Approved
2158,1250,2025-04-16,Emergency Leave,1,Rejected
2159,1427,2025-10-05,Sick Leave,1,Approved
2160,1355,2025-08-16,Casual Leave,1,Approved
2161,1019,2025-03-27,Sick Leave,1,Approved
2162,1495,2025-10-11,Casual Leave,2,Approved
2163,1008,2025-05-01,Sick Leave,2,Approved
2164,1167,2025-03-26,Emergency Leave,1,Approved
2165,1367,2025-08-28,Earned Leave,1,Approved
2166,1089,2025-10-24,Casual Leave,1,Approved
2167,1220,2025-01-30,Sick Leave,1,Rejected
2168,1376,2025-11-18,Casual Leave,1,Approved
2169,1424,2025-09-29,Earned Leave,1,Approved
2170,1004,2025-01-12,Emergency Leave,2,Rejected
2171,1414,2025-12-29,Emergency Leave,2,Approved
2172,1052,2025-12-19,Emergency Leave,1,Pending
2173,1224,2025-10-16,Sick Leave,1,Approved
2174,1340,2025-05-08,Sick Leave,1,Approved
2175,1155,2025-04-16,Emergency Leave,1,Approved
2176,1227,2025-09-02,Emergency Leave,1,Approved
2177,1330,2025-03-11,Sick Leave,1,Approved
2178,1433,2025-03-05,Sick Leave,1,Pending
2179,1163,2025-01-18,Emergency Leave,1,Approved
2180,1253,2025-07-02,Emergency Leave,1,Approved
2181,1325,2025-08-11,Earned Leave,1,Approved
2182,1303,2025-09-14,Casual Leave,2,Approved
2183,1430,2025-01-26,Casual Leave,1,Pending
2184,1346,2025-01-01,Casual Leave,2,Approved
2185,1274,2025-02-27,Emergency Leave,2,Approved
2186,1200,2025-10-19,Earned Leave,1,Approved
2187,1290,2025-08-23,Sick Leave,1,Approved
2188,1201,2025-11-08,Emergency Leave,1,Approved
2189,1372,2025-01-02,Emergency Leave,2,Rejected
2190,1491,2025-09-13,Sick Leave,1,Approved
2191,1289,2025-06-14,Earned Leave,2,Approved
2192,1404,2025-09-01,Casual Leave,2,Approved
2193,1217,2025-08-09,Emergency Leave,1,Rejected
2194,1291,2025-08-08,Emergency Leave,1,Approved
2195,1257,2025-02-21,Earned Leave,1,Approved
2196,1439,2025-08-01,Sick Leave,1,Approved
2197,1269,2025-05-28,Casual Leave,1,Approved
2198,1464,2025-12-13,Sick Leave,3,Approved
2199,1443,2025-09-10,Earned Leave,1,Approved
2200,1051,2025-03-23,Casual Leave,1,Approved
2201,1387,2025-01-03,Earned Leave,1,Approved
2202,1339,2025-03-07,Emergency Leave,1,Rejected
2203,1265,2025-03-07,Earned Leave,3,Approved
2204,1192,2025-08-03,Emergency Leave,3,Approved
2205,1408,2025-09-12,Emergency Leave,1,Approved
2206,1231,2025-11-27,Casual Leave,1,Approved
2207,1325,2025-10-10,Sick Leave,1,Approved
2208,1071,2025-03-01,Earned Leave,1,Approved
2209,1130,2025-07-11,Casual Leave,1,Approved
2210,1004,2025-01-06,Emergency Leave,1,Approved
2211,1404,2025-02-05,Sick Leave,1,Approved
2212,1168,2025-01-23,Casual Leave,2,Pending
2213,1071,2025-02-21,Sick Leave,3,Rejected
2214,1236,2025-08-25,Emergency Leave,1,Rejected
2215,1255,2025-11-08,Casual Leave,1,Rejected
2216,1470,2025-10-13,Sick Leave,2,Approved
2217,1253,2025-02-19,Casual Leave,2,Approved
2218,1236,2025-04-10,Casual Leave,1,Approved
2219,1019,2025-11-24,Sick Leave,2,Approved
2220,1388,2025-11-19,Sick Leave,1,Approved
2221,1295,2025-04-20,Earned Leave,2,Rejected
2222,1398,2025-03-15,Sick Leave,3,Approved
2223,1415,2025-01-05,Emergency Leave,2,Approved
2224,1096,2025-01-12,Earned Leave,1,Approved
2225,1364,2025-01-14,Emergency Leave,1,Approved
2226,1178,2025-06-26,Sick Leave,1,Approved
2227,1481,2025-06-05,Earned Leave,1,Approved
2228,1155,2025-04-18,Earned Leave,1,Approved
2229,1057,2025-04-12,Casual Leave,1,Approved
2230,1471,2025-10-07,Casual Leave,2,Rejected
2231,1445,2025-08-18,Casual Leave,1,Approved
2232,1222,2025-11-27,Emergency Leave,1,Rejected
2233,1282,2025-01-19,Casual Leave,1,Approved
2234,1256,2025-12-19,Emergency Leave,2,Approved
2235,1225,2025-07-18,Earned Leave,1,Rejected
2236,1224,2025-12-23,Earned Leave,2,Approved
2237,1467,2025-04-22,Emergency Leave,1,Pending
2238,1196,2025-02-01,Earned Leave,2,Pending
2239,1098,2025-10-02,Sick Leave,1,Approved
2240,1448,2025-04-13,Sick Leave,2,Approved
2241,1213,2025-01-13,Emergency Leave,2,Approved
2242,1446,2025-11-28,Casual Leave,1,Approved
2243,1153,2025-12-29,Sick Leave,2,Approved
2244,1260,2025-09-10,Casual Leave,1,Approved
2245,1013,2025-04-01,Casual Leave,1,Approved
2246,1361,2025-06-30,Sick Leave,2,Approved
2247,1408,2025-08-31,Sick Leave,2,Approved
2248,1183,2025-03-24,Earned Leave,2,Rejected
2249,1252,2025-11-28,Earned Leave,1,Approved
2250,1274,2025-08-26,Earned Leave,1,Approved
2251,1489,2025-11-28,Emergency Leave,1,Rejected
2252,1121,2025-02-04,Sick Leave,1,Approved
2253,1312,2025-05-04,Sick Leave,2,Approved
2254,1373,2025-01-14,Emergency Leave,3,Approved
2255,1158,2025-09-28,Sick Leave,1,Approved
2256,1434,2025-07-31,Casual Leave,2,Approved
2257,1083,2025-06-01,Sick Leave,1,Approved
2258,1278,2025-08-19,Emergency Leave,2,Approved
2259,1394,2025-01-16,Sick Leave,1,Pending
2260,1084,2025-07-12,Emergency Leave,2,Approved
2261,1420,2025-04-16,Emergency Leave,1,Rejected
2262,1375,2025-07-03,Sick Leave,2,Approved
2263,1110,2025-01-19,Earned Leave,1,Approved
2264,1347,2025-07-07,Earned Leave,2,Approved
2265,1327,2025-08-20,Earned Leave,1,Approved
2266,1426,2025-11-06,Earned Leave,1,Approved
2267,1306,2025-12-04,Earned Leave,1,Approved
2268,1319,2025-12-28,Emergency Leave,1,Approved
2269,1141,2025-12-31,Emergency Leave,1,Rejected
2270,1137,2025-06-20,Earned Leave,2,Approved
2271,1088,2025-01-14,Emergency Leave,1,Approved
2272,1252,2025-08-31,Casual Leave,1,Approved
2273,1430,2025-05-26,Emergency Leave,1,Approved
2274,1265,2025-05-30,Earned Leave,1,Approved
2275,1058,2025-03-04,Emergency Leave,1,Pending
2276,1484,2025-04-12,Earned Leave,1,Approved
2277,1406,2025-05-10,Emergency Leave,1,Approved
2278,1088,2025-04-12,Casual Leave,1,Approved
2279,1383,2025-01-17,Emergency Leave,1,Approved
2280,1089,2025-07-24,Casual Leave,1,Approved
2281,1466,2025-08-17,Earned Leave,1,Approved
2282,1350,2025-03-01,Casual Leave,1,Approved
2283,1221,2025-03-07,Sick Leave,3,Approved
2284,1141,2025-11-25,Earned Leave,1,Pending
2285,1221,2025-06-12,Casual Leave,1,Approved
2286,1151,2025-01-03,Earned Leave,1,Approved
2287,1270,2025-02-25,Sick Leave,1,Pending
2288,1020,2025-09-13,Sick Leave,2,Approved
2289,1356,2025-10-21,Casual Leave,1,Approved
2290,1015,2025-12-17,Sick Leave,2,Pending
2291,1197,2025-02-07,Sick Leave,1,Approved
2292,1471,2025-01-17,Casual Leave,2,Approved
2293,1038,2025-04-26,Sick Leave,2,Approved
2294,1204,2025-07-06,Sick Leave,2,Approved
2295,1079,2025-01-11,Emergency Leave,2,Pending
2296,1265,2025-02-27,Emergency Leave,1,Approved
2297,1255,2025-03-26,Sick Leave,1,Approved
2298,1234,2025-02-14,Earned Leave,1,Pending
2299,1023,2025-02-08,Casual Leave,1,Approved
2300,1401,2025-06-22,Casual Leave,1,Pending
2301,1348,2025-12-15,Sick Leave,1,Approved
2302,1406,2025-09-21,Casual Leave,3,Approved
2303,1195,2025-05-21,Emergency Leave,3,Approved
2304,1217,2025-07-10,Casual Leave,1,Approved
2305,1159,2025-09-22,Emergency Leave,1,Approved
2306,1314,2025-03-26,Sick Leave,1,Approved
2307,1295,2025-06-16,Sick Leave,1,Approved
2308,1050,2025-01-28,Emergency Leave,1,Approved
2309,1232,2025-06-09,Sick Leave,1,Approved
2310,1136,2025-05-27,Earned Leave,1,Approved
2311,1414,2025-03-14,Sick Leave,1,Approved
2312,1219,2025-04-14,Emergency Leave,2,Approved
2313,1009,2025-01-17,Emergency Leave,2,Approved
2314,1010,2025-09-02,Sick Leave,1,Approved
2315,1198,2025-12-09,Sick Leave,1,Approved
2316,1105,2025-07-01,,3,Rejected
2317,1352,2025-01-14,Sick Leave,3,Pending
2318,1318,2025-08-13,Emergency Leave,3,Rejected
2319,1180,2025-01-15,Casual Leave,1,Approved
2320,1336,2025-04-18,Earned Leave,1,Approved
2321,1138,2025-08-08,Casual Leave,1,Pending
2322,1100,2025-04-05,Emergency Leave,1,Approved
2323,1156,2025-11-14,Sick Leave,1,Approved
2324,1321,2025-08-06,Sick Leave,1,Approved
2325,1342,2025-06-30,Sick Leave,1,Approved
2326,1427,2025-08-06,Earned Leave,1,Approved
2327,1119,2025-07-19,Emergency Leave,1,Approved
2328,1341,2025-09-30,Emergency Leave,1,Approved
2329,1264,2025-04-09,Earned Leave,1,Approved
2330,1321,2025-07-11,Emergency Leave,1,Approved
2331,1027,2025-11-04,Casual Leave,1,Approved
2332,1479,2025-05-27,Emergency Leave,1,Approved
2333,1201,2025-01-07,Emergency Leave,2,Approved
2334,1105,2025-11-13,Sick Leave,1,Approved
2335,1416,2025-12-29,Casual Leave,1,Approved
2336,1029,2025-02-14,Earned Leave,1,Approved
2337,1375,2025-06-27,Sick Leave,1,Rejected
2338,1207,2025-12-14,Emergency Leave,1,Approved
2339,1388,2025-04-30,Casual Leave,1,Approved
2340,1176,2025-08-01,Earned Leave,2,Approved
2341,1054,2025-07-01,Emergency Leave,1,Approved
2342,1094,2025-08-20,Sick Leave,1,Approved
2343,1148,2025-12-08,Earned Leave,1,Approved
2344,1063,2025-10-18,Emergency Leave,1,Approved
2345,1266,2025-01-19,Casual Leave,1,Pending
2346,1305,2025-05-04,Sick Leave,1,Approved
2347,1356,2025-08-17,Sick Leave,2,Approved
2348,1316,2025-09-05,Sick Leave,1,Approved
2349,1075,2025-04-07,Earned Leave,2,Approved
2350,1373,2025-07-05,Casual Leave,1,Approved
2351,1425,2025-03-22,Sick Leave,1,Approved
2352,1387,2025-06-07,Sick Leave,1,Approved
2353,1181,2025-11-05,Sick Leave,1,Approved
2354,1083,2025-06-02,Sick Leave,1,Rejected
2355,1397,2025-08-13,Earned Leave,1,Pending
2356,1267,2025-12-06,Earned Leave,1,Approved
2357,1282,2025-02-23,Casual Leave,1,Approved
2358,1113,2025-11-18,Earned Leave,3,Approved
2359,1403,2025-04-28,Casual Leave,1,Approved
2360,1235,2025-08-04,Earned Leave,1,Pending
2361,1032,2025-10-06,Casual Leave,1,Approved
2362,1057,2025-08-29,Earned Leave,1,Rejected
2363,1399,2025-09-05,Emergency Leave,2,Pending
2364,1441,2025-11-16,Emergency Leave,1,Approved
2365,1417,2025-05-29,Earned Leave,1,Approved
2366,1100,2025-11-08,Casual Leave,2,Approved
2367,1037,2025-08-16,Emergency Leave,1,Approved
2368,1460,2025-07-21,Sick Leave,3,Rejected
2369,1247,2025-01-28,Casual Leave,1,Pending
2370,1102,2025-11-08,Emergency Leave,1,Rejected
2371,1335,2025-11-08,Emergency Leave,1,Rejected
2372,1325,2025-11-14,Sick Leave,1,Approved
2373,1386,2025-07-07,Casual Leave,1,Approved
2374,1049,2025-02-19,Earned Leave,1,Rejected
2375,1402,2025-11-27,Sick Leave,1,Approved
2376,1416,2025-08-05,Sick Leave,1,Rejected
2377,1363,2025-02-24,Casual Leave,1,Approved
2378,1474,2025-03-24,Sick Leave,1,Approved
2379,1430,2025-08-25,Earned Leave,1,Approved
2380,1239,2025-08-17,Sick Leave,1,Approved
2381,1369,2025-07-24,Earned Leave,1,Approved
2382,1015,2025-08-01,Sick Leave,1,Approved
2383,1420,2025-11-17,Emergency Leave,2,Approved
2384,1196,2025-11-29,Emergency Leave,1,Approved
2385,1450,2025-11-08,Emergency Leave,1,Approved
2386,1112,2025-01-25,Earned Leave,2,Approved
2387,1006,2025-09-15,Earned Leave,1,Approved
2388,1175,2025-04-24,Emergency Leave,2,Approved
2389,1194,2025-07-11,Earned Leave,1,Pending
2390,1051,2025-09-26,Sick Leave,1,Approved
2391,1100,2025-08-09,Emergency Leave,1,Rejected
2392,1466,2025-11-14,Earned Leave,3,Approved
2393,1393,2025-11-14,Emergency Leave,1,Approved
2394,1014,2025-03-20,Casual Leave,1,Rejected
2395,1442,2025-09-12,Emergency Leave,1,Approved
2396,1028,2025-12-09,Emergency Leave,1,Approved
2397,1069,2025-08-15,Sick Leave,1,Approved
2398,1162,2025-02-03,Emergency Leave,1,Approved
2399,1216,2025-10-20,Casual Leave,1,Rejected
2400,1255,2025-07-11,Sick Leave,1,Approved
2401,1373,2025-08-03,Emergency Leave,2,Approved
2402,1027,2025-03-04,Earned Leave,2,Rejected
2403,1371,2025-11-05,Casual Leave,1,Approved
2404,1275,2025-09-09,Earned Leave,1,Rejected
2405,1252,2025-03-24,Emergency Leave,2,Approved
2406,1212,2025-09-08,Earned Leave,1,Approved
2407,1028,2025-12-13,Emergency Leave,3,Approved
2408,1176,2025-08-13,Casual Leave,1,Approved
2409,1359,2025-12-23,Earned Leave,2,Approved
2410,1284,2025-02-13,Earned Leave,1,Approved
2411,1248,2025-04-28,Earned Leave,2,Pending
2412,1464,2025-10-13,Casual Leave,2,Pending
2413,1136,2025-09-16,Sick Leave,1,Approved
2414,1012,2025-11-19,Emergency Leave,2,Approved
2415,1406,2025-12-26,Emergency Leave,1,Rejected
2416,1188,2025-07-31,Casual Leave,1,Approved
2417,1446,2025-02-04,Earned Leave,1,Rejected
2418,1248,2025-01-26,Emergency Leave,3,Approved
2419,1421,2025-08-06,Earned Leave,1,Approved
2420,1393,2025-06-11,Emergency Leave,1,Approved
2421,1098,2025-07-12,Earned Leave,1,Approved
2422,1289,2025-04-21,Earned Leave,1,Approved
2423,1278,2025-03-22,Casual Leave,1,Approved
2424,1408,2025-06-27,Earned Leave,1,Approved
2425,1352,2025-11-11,Casual Leave,1,Approved
2426,1130,2025-09-04,Casual Leave,1,Pending
2427,1084,2025-03-15,Emergency Leave,2,Pending
2428,1481,2025-10-18,Casual Leave,1,Rejected
2429,1225,2025-05-31,Emergency Leave,2,Approved
2430,1113,2025-11-22,Casual Leave,1,Rejected
2431,1238,2025-02-12,Casual Leave,1,Approved
2432,1276,2025-07-10,Casual Leave,1,Approved
2433,1299,2025-01-22,Earned Leave,1,Approved
2434,1056,2025-05-19,Casual Leave,3,Approved
2435,1245,2025-12-07,Casual Leave,2,Pending
2436,1473,2025-09-28,Emergency Leave,3,Approved
2437,1016,2025-11-28,Emergency Leave,1,Approved
2438,1467,2025-02-25,Earned Leave,2,Pending
2439,1318,2025-08-03,Sick Leave,1,Approved
2440,1239,2025-08-08,Sick Leave,1,Approved
2441,1207,2025-04-06,Earned Leave,1,Approved
2442,1046,2025-02-22,Sick Leave,1,Approved
2443,1435,2025-01-01,Earned Leave,2,Approved
2444,1311,2025-06-12,Emergency Leave,1,Approved
2445,1358,2025-08-06,Emergency Leave,2,Approved
2446,1372,2025-06-05,Sick Leave,1,Approved
2447,1185,2025-05-24,Sick Leave,1,Approved
2448,1347,2025-06-29,Earned Leave,1,Approved
2449,1048,2025-05-13,Sick Leave,1,Pending
2450,1151,2025-06-17,Sick Leave,2,Approved
2451,1300,2025-01-05,Casual Leave,1,Approved
2452,1047,2025-08-11,Casual Leave,1,Approved
2453,1270,2025-12-13,Sick Leave,1,Pending
2454,1420,2025-04-06,Casual Leave,3,Rejected
2455,1213,2025-05-01,Sick Leave,1,Pending
2456,1140,2025-08-06,Sick Leave,1,Approved
2457,1416,2025-02-25,Emergency Leave,1,Pending
2458,1001,2025-10-08,Earned Leave,1,Approved
2459,1135,2025-01-20,Casual Leave,1,Approved
2460,1416,2025-06-29,Earned Leave,1,Approved
2461,1235,2025-06-24,Casual Leave,3,Pending
2462,1235,2025-10-30,Sick Leave,1,Pending
2463,1332,2025-04-28,Sick Leave,1,Approved
2464,1196,2025-07-12,Earned Leave,1,Approved
2465,1178,2025-10-28,Earned Leave,1,Approved
2466,1066,2025-01-19,Earned Leave,1,Approved
2467,1293,2025-05-14,Earned Leave,2,Pending
2468,1005,2025-01-07,Emergency Leave,2,Rejected
2469,1276,2025-01-21,Sick Leave,1,Approved
2470,1179,2025-09-03,Sick Leave,1,Approved
2471,1009,2025-01-10,Casual Leave,1,Approved
2472,1378,2025-12-21,Sick Leave,1,Approved
2473,1195,2025-11-08,Casual Leave,3,Pending
2474,1091,2025-03-09,Casual Leave,1,Approved
2475,1384,2025-07-22,Sick Leave,2,Approved
2476,1219,2025-07-04,Sick Leave,1,Approved
2477,1354,2025-07-13,Emergency Leave,1,Approved
2478,1057,2025-04-08,Earned Leave,1,Approved
2479,1388,2025-10-07,Earned Leave,1,Pending
2480,1086,2025-06-09,Earned Leave,1,Approved
2481,1214,2025-01-28,Emergency Leave,1,Approved
2482,1340,2025-06-25,Casual Leave,1,Approved
2483,1360,2025-01-25,Earned Leave,2,Approved
2484,1445,2025-05-01,Sick Leave,2,Approved
2485,1457,2025-06-14,Earned Leave,1,Pending
2486,1480,2025-12-09,Sick Leave,1,Approved
2487,1099,2025-08-24,Emergency Leave,1,Approved
2488,1002,2025-04-26,Sick Leave,1,Approved
2489,1464,2025-02-01,Earned Leave,1,Approved
2490,1355,2025-03-06,Casual Leave,1,Approved
2491,1492,2025-05-24,Sick Leave,1,Approved
2492,1018,2025-11-28,Emergency Leave,1,Approved
2493,1329,2025-12-20,Emergency Leave,1,Rejected
2494,1263,2025-01-03,Earned Leave,1,Approved
2495,1183,2025-10-06,Emergency Leave,1,Approved
2496,1250,2025-12-23,Emergency Leave,1,Approved
2497,1243,2025-10-18,Casual Leave,1,Approved
2498,1091,2025-01-15,Earned Leave,1,Rejected
2499,1228,2025-12-08,Sick Leave,1,Approved
2500,1126,2025-04-08,Sick Leave,2,Approved
2501,1241,2025-04-06,Earned Leave,1,Rejected
2502,1474,2025-04-14,Casual Leave,1,Approved
2503,1391,2025-09-30,Casual Leave,1,Pending
2504,1235,2025-02-11,Earned Leave,1,Rejected
2505,1340,2025-06-12,Casual Leave,1,Approved
2506,1004,2025-01-24,Casual Leave,1,Approved
2507,1035,2025-05-07,Casual Leave,1,Approved
2508,1306,2025-08-28,Casual Leave,2,Pending
2509,1308,2025-10-07,Sick Leave,2,Approved
2510,1032,2025-12-31,Earned Leave,3,Approved
2511,1024,2025-11-24,Casual Leave,1,Pending
2512,1489,2025-01-19,Sick Leave,1,Approved
2513,1447,2025-12-06,Sick Leave,1,Approved
2514,1260,2025-02-08,Emergency Leave,1,Approved
2515,1174,2025-01-29,Earned Leave,2,Approved
2516,1472,2025-04-27,Casual Leave,1,Approved
2517,1441,2025-05-27,Earned Leave,1,Pending
2518,1269,2025-05-24,Emergency Leave,1,Approved
2519,1024,2025-02-09,Emergency Leave,1,Approved
2520,1336,2025-01-24,Casual Leave,2,Approved
2521,1207,2025-04-25,Sick Leave,1,Approved
2522,1268,2025-07-25,Sick Leave,1,Approved
2523,1020,2025-06-21,Emergency Leave,1,Rejected
2524,1422,2025-04-11,Earned Leave,1,Approved
2525,1405,2025-08-20,Casual Leave,1,Approved
2526,1410,2025-04-26,Emergency Leave,1,Approved
2527,1189,2025-07-01,Earned Leave,2,Approved
2528,1033,2025-01-04,Sick Leave,1,Approved
2529,1305,2025-06-24,Sick Leave,2,Approved
2530,1477,2025-01-31,Casual Leave,1,Approved
2531,1429,2025-01-25,Earned Leave,3,Approved
2532,1416,2025-06-05,Earned Leave,2,Approved
2533,1433,2025-01-19,Emergency Leave,2,Rejected
2534,1107,2025-08-24,Sick Leave,1,Approved
2535,1347,2025-12-28,Emergency Leave,1,Approved
2536,1419,2025-05-25,Earned Leave,1,Approved
2537,1236,2025-09-19,Emergency Leave,2,Approved
2538,1305,2025-12-31,Earned Leave,1,Approved
2539,1473,2025-12-10,Emergency Leave,1,Approved
2540,1114,2025-12-23,Emergency Leave,2,Approved
2541,1198,2025-01-14,Earned Leave,1,Approved
2542,1024,2025-06-26,Earned Leave,1,Pending
2543,1463,2025-09-28,Sick Leave,1,Approved
2544,1431,2025-03-25,Earned Leave,1,Approved
2545,1333,2025-08-29,Emergency Leave,1,Approved
2546,1245,2025-12-24,Sick Leave,2,Pending
2547,1357,2025-03-10,Earned Leave,1,Rejected
2548,1051,2025-09-08,Emergency Leave,1,Approved
2549,1195,2025-09-14,Earned Leave,1,Approved
2550,1349,2025-05-20,Earned Leave,2,Approved
2551,1179,2025-07-15,Emergency Leave,1,Approved
2552,1273,2025-02-22,Earned Leave,2,Approved
2553,1143,2025-04-01,Sick Leave,1,Approved
2554,1081,2025-07-30,Earned Leave,2,Rejected
2555,1020,2025-12-27,Casual Leave,2,Pending
2556,1344,2025-07-26,Earned Leave,1,Approved
2557,1002,2025-12-19,Earned Leave,1,Approved
2558,1279,2025-10-11,Earned Leave,1,Approved
2559,1393,2025-05-12,Earned Leave,1,Pending
2560,1075,2025-06-19,Casual Leave,1,Approved
2561,1220,2025-09-03,Casual Leave,1,Pending
2562,1146,2025-02-25,Sick Leave,1,Approved
2563,1351,2025-09-13,Sick Leave,1,Approved
2564,1117,2025-09-11,Casual Leave,1,Approved
2565,1497,2025-06-30,Earned Leave,1,Approved
2566,1203,2025-03-28,Emergency Leave,1,Approved
2567,1244,2025-06-23,Casual Leave,1,Approved
2568,1235,2025-08-14,Casual Leave,1,Approved
2569,1022,2025-06-02,Casual Leave,1,Approved
2570,1173,2025-09-28,Sick Leave,1,Approved
2571,1186,2025-08-17,Emergency Leave,2,Rejected
2572,1040,2025-05-14,Sick Leave,1,Pending
2573,1027,2025-09-10,Emergency Leave,2,Pending
2574,1200,2025-06-14,Sick Leave,1,Approved
2575,1036,2025-12-02,Casual Leave,1,Approved
2576,1043,2025-07-07,Sick Leave,1,Approved
2577,1353,2025-09-26,Sick Leave,1,Approved
2578,1078,2025-10-27,Earned Leave,1,Approved
2579,1136,2025-11-03,Earned Leave,1,Approved
2580,1434,2025-12-02,Emergency Leave,1,Approved
2581,1110,2025-04-10,Emergency Leave,1,Approved
2582,1062,2025-02-01,Casual Leave,2,Approved
2583,1056,2025-09-05,Emergency Leave,1,Approved
2584,1296,2025-06-15,Sick Leave,1,Rejected
2585,1488,2025-02-23,Earned Leave,1,Approved
2586,1081,2025-06-12,Sick Leave,1,Rejected
2587,1006,2025-03-11,Casual Leave,1,Approved
2588,1408,2025-06-19,Sick Leave,1,Approved
2589,1318,2025-04-09,Earned Leave,1,Approved
2590,1229,2025-08-19,Sick Leave,1,Approved
2591,1001,2025-03-22,Sick Leave,1,Approved
2592,1310,2025-06-09,Earned Leave,1,Rejected
2593,1375,2025-03-20,Sick Leave,1,Approved
2594,1337,2025-10-08,Emergency Leave,1,Approved
2595,1010,2025-07-18,Casual Leave,2,Approved
2596,1043,2025-05-27,Casual Leave,3,Approved
2597,1102,2025-01-06,Casual Leave,1,Approved
2598,1467,2025-05-04,Earned Leave,1,Rejected
2599,1443,2025-08-19,Earned Leave,1,Approved
2600,1086,2025-11-29,Sick Leave,1,Approved
2601,1424,2025-02-14,Earned Leave,1,Approved
2602,1100,2025-11-28,Sick Leave,1,Approved
2603,1424,2025-02-04,Casual Leave,1,Approved
2604,1070,2025-12-18,Earned Leave,1,Approved
2605,1353,2025-03-24,Casual Leave,1,Approved
2606,1119,2025-11-19,Emergency Leave,1,Approved
2607,1312,2025-12-19,Earned Leave,1,Approved
2608,1324,2025-11-16,Emergency Leave,2,Approved
2609,1461,2025-12-02,Emergency Leave,1,Rejected
2610,1228,2025-05-14,Casual Leave,2,Approved
2611,1453,2025-06-27,Emergency Leave,1,Approved
2612,1074,2025-11-15,Earned Leave,1,Approved
2613,1143,2025-05-30,Emergency Leave,1,Pending
2614,1351,2025-07-27,Earned Leave,1,Approved
2615,1031,2025-06-26,Emergency Leave,2,Approved
2616,1176,2025-05-03,Emergency Leave,1,Approved
2617,1325,2025-08-31,Earned Leave,1,Approved
2618,1074,2025-05-16,Earned Leave,1,Approved
2619,1067,2025-06-25,Sick Leave,1,Rejected
2620,1309,2025-09-17,Emergency Leave,1,Pending
2621,1245,2025-02-09,Earned Leave,3,Approved
2622,1208,2025-01-11,Earned Leave,2,Approved
2623,1089,2025-08-19,Casual Leave,1,Rejected
2624,1479,2025-04-17,Emergency Leave,2,Approved
2625,1379,2025-09-11,Emergency Leave,1,Approved
2626,1057,2025-07-17,Emergency Leave,1,Approved
2627,1497,2025-12-16,Casual Leave,1,Approved
2628,1129,2025-05-15,Casual Leave,2,Approved
2629,1257,2025-05-22,Emergency Leave,2,Approved
2630,1095,2025-07-26,Sick Leave,1,Approved
2631,1447,2025-05-08,Casual Leave,1,Approved
2632,1360,2025-05-17,Emergency Leave,3,Approved
2633,1156,2025-10-18,Emergency Leave,3,Approved
2634,1296,2025-04-09,Sick Leave,2,Approved
2635,1050,2025-08-26,Earned Leave,1,Approved
2636,1155,2025-11-12,Sick Leave,1,Pending
2637,1040,2025-05-31,Sick Leave,1,Approved
2638,1169,2025-02-13,Casual Leave,2,Rejected
2639,1446,2025-07-19,Casual Leave,1,Rejected
2640,1044,2025-12-02,Casual Leave,3,Pending
2641,1141,2025-01-15,Sick Leave,2,Approved
2642,1097,2025-05-17,Emergency Leave,1,Approved
2643,1132,2025-02-19,Emergency Leave,1,Approved
2644,1086,2025-10-19,Earned Leave,1,Approved
2645,1099,2025-11-23,Earned Leave,1,Approved
2646,1319,2025-08-16,Casual Leave,1,Approved
2647,1260,2025-04-11,Earned Leave,1,Approved
2648,1030,2025-07-04,Emergency Leave,1,Pending
2649,1049,2025-11-28,Sick Leave,1,Approved
2650,1418,2025-01-29,Sick Leave,1,Approved
2651,1132,2025-03-10,Earned Leave,1,Approved
2652,1029,2025-07-12,Sick Leave,1,Pending
2653,1199,2025-09-02,Emergency Leave,1,Approved
2654,1045,2025-01-26,Emergency Leave,1,Approved
2655,1165,2025-07-11,Earned Leave,1,Approved
2656,1477,2025-03-26,Emergency Leave,1,Rejected
2657,1438,2025-04-29,Casual Leave,1,Pending
2658,1138,2025-02-02,Emergency Leave,1,Approved
2659,1298,2025-02-01,Earned Leave,1,Approved
2660,1156,2025-07-06,Casual Leave,2,Approved
2661,1236,2025-09-24,Casual Leave,1,Approved
2662,1497,2025-06-08,Sick Leave,1,Approved
2663,1229,2025-12-25,Earned Leave,1,Approved
2664,1403,2025-06-20,Emergency Leave,1,Approved
2665,1313,2025-05-12,Emergency Leave,3,Approved
2666,1166,2025-07-22,Sick Leave,1,Rejected
2667,1370,2025-07-19,Earned Leave,1,Approved
2668,1417,2025-01-27,Casual Leave,1,Rejected
2669,1442,2025-09-12,Sick Leave,1,Approved
2670,1464,2025-12-02,Sick Leave,2,Approved
2671,1210,2025-09-04,Casual Leave,1,Rejected
2672,1331,2025-06-27,Emergency Leave,1,Approved
2673,1354,2025-03-07,Casual Leave,1,Approved
2674,1364,2025-05-04,Earned Leave,2,Approved
2675,1017,2025-11-29,Emergency Leave,1,Pending
2676,1109,2025-08-14,Casual Leave,1,Approved
2677,1083,2025-04-26,Emergency Leave,1,Approved
2678,1161,2025-11-14,Casual Leave,1,Approved
2679,1247,2025-10-01,Casual Leave,1,Approved
2680,1434,2025-09-19,Emergency Leave,2,Approved
2681,1315,2025-02-03,Earned Leave,1,Approved
2682,1288,2025-10-04,Earned Leave,2,Approved
2683,1343,2025-03-28,Emergency Leave,1,Approved
2684,1437,2025-06-30,Sick Leave,1,Approved
2685,1257,2025-10-23,Emergency Leave,1,Approved
2686,1024,2025-12-16,Earned Leave,1,Rejected
2687,1319,2025-01-09,Sick Leave,1,Approved
2688,1167,2025-10-14,Casual Leave,1,Rejected
2689,1291,2025-07-01,Casual Leave,2,Rejected
2690,1106,2025-11-10,Emergency Leave,1,Approved
2691,1021,2025-08-06,Emergency Leave,1,Approved
2692,1425,2025-02-12,Casual Leave,1,Approved
2693,1316,2025-08-19,Emergency Leave,2,Approved
2694,1339,2025-10-28,Casual Leave,1,Approved
2695,1005,2025-11-30,Emergency Leave,2,Pending
2696,1444,2025-06-28,Casual Leave,1,Approved
2697,1293,2025-06-18,Sick Leave,2,Rejected
2698,1230,2025-01-29,Sick Leave,3,Approved
2699,1218,2025-08-16,Emergency Leave,1,Approved
2700,1134,2025-02-20,Sick Leave,1,Rejected
2701,1332,2025-06-19,Emergency Leave,1,Rejected
2702,1264,2025-12-14,Earned Leave,2,Approved
2703,1435,2025-01-30,Emergency Leave,1,Approved
2704,1434,2025-05-29,Casual Leave,1,Rejected
2705,1457,2025-04-05,Sick Leave,1,Approved
2706,1245,2025-11-24,Emergency Leave,2,Approved
2707,1327,2025-03-18,Sick Leave,3,Approved
2708,1001,2025-01-20,Emergency Leave,1,Approved
2709,1023,2025-05-23,Casual Leave,1,Approved
2710,1331,2025-10-21,Emergency Leave,1,Approved
2711,1424,2025-09-22,Casual Leave,1,Approved
2712,1441,2025-10-21,Emergency Leave,1,Rejected
2713,1435,2025-01-15,Casual Leave,1,Approved
2714,1105,2025-06-23,Casual Leave,1,Approved
2715,1018,2025-10-30,Emergency Leave,1,Approved
2716,1249,2025-09-12,Emergency Leave,1,Rejected
2717,1427,2025-11-20,Emergency Leave,1,Approved
2718,1222,2025-10-03,Sick Leave,1,Approved
2719,1229,2025-08-19,Earned Leave,1,Pending
2720,1483,2025-09-20,Sick Leave,1,Pending
2721,1444,2025-09-25,Emergency Leave,1,Approved
2722,1421,2025-10-10,Earned Leave,1,Approved
2723,1461,2025-09-07,Earned Leave,1,Pending
2724,1443,2025-04-10,Earned Leave,1,Pending
2725,1218,2025-08-15,Earned Leave,1,Approved
2726,1027,2025-01-01,Emergency Leave,1,Approved
2727,1170,2025-03-02,,1,Approved
2728,1003,2025-04-18,Emergency Leave,1,Approved
2729,1071,2025-03-06,Casual Leave,2,Approved
2730,1398,2025-07-24,Sick Leave,1,Rejected
2731,1484,2025-07-06,Emergency Leave,1,Approved
2732,1117,2025-01-17,Sick Leave,2,Approved
2733,1080,2025-04-22,Casual Leave,1,Approved
2734,1251,2025-12-24,Sick Leave,1,Approved
2735,1342,2025-02-14,Sick Leave,3,Rejected
2736,1162,2025-01-05,Earned Leave,1,Approved
2737,1128,2025-07-14,Casual Leave,1,Approved
2738,1082,2025-05-29,Casual Leave,1,Approved
2739,1112,2025-01-25,Emergency Leave,1,Approved
2740,1084,2025-09-12,Emergency Leave,1,Approved
2741,1372,2025-08-04,Earned Leave,1,Approved
2742,1232,2025-03-28,Earned Leave,1,Approved
2743,1494,2025-01-16,Casual Leave,1,Pending
2744,1178,2025-04-17,Emergency Leave,3,Approved
2745,1284,2025-03-15,Sick Leave,3,Approved
2746,1484,2025-02-19,Emergency Leave,2,Approved
2747,1029,2025-08-09,Emergency Leave,2,Approved
2748,1318,2025-05-07,Casual Leave,1,Approved
2749,1442,2025-02-18,Emergency Leave,1,Approved
2750,1230,2025-03-11,Sick Leave,1,Approved
2751,1490,2025-03-06,Casual Leave,1,Rejected
2752,1177,2025-06-11,Emergency Leave,1,Pending
2753,1082,2025-10-19,Casual Leave,1,Approved
2754,1074,2025-09-16,Casual Leave,1,Approved
2755,1378,2025-08-13,Casual Leave,1,Approved
2756,1047,2025-08-07,Emergency Leave,2,Approved
2757,1321,2025-09-12,Sick Leave,1,Rejected
2758,1135,2025-01-22,Emergency Leave,2,Rejected
2759,1144,2025-10-20,Earned Leave,1,Approved
2760,1305,2025-10-01,Earned Leave,2,Approved
2761,1030,2025-01-01,Earned Leave,2,Approved
2762,1078,2025-12-12,Sick Leave,2,Approved
2763,1104,2025-01-12,Sick Leave,1,Approved
2764,1386,2025-05-13,Casual Leave,1,Approved
2765,1124,2025-08-27,Sick Leave,1,Rejected
2766,1250,2025-04-27,Casual Leave,2,Approved
2767,1240,2025-07-17,Casual Leave,2,Pending
2768,1302,2025-07-14,Sick Leave,1,Approved
2769,1487,2025-03-29,Sick Leave,1,Approved
2770,1022,2025-07-01,Sick Leave,2,Approved
2771,1417,2025-12-23,Earned Leave,1,Approved
2772,1041,2025-06-05,Earned Leave,2,Approved
2773,1200,2025-10-15,Casual Leave,1,Approved
2774,1023,2025-11-06,Earned Leave,1,Approved
2775,1430,2025-03-28,Casual Leave,1,Approved
2776,1417,2025-06-09,Sick Leave,1,Approved
2777,1152,2025-02-01,Earned Leave,1,Rejected
2778,1191,2025-07-05,Casual Leave,1,Approved
2779,1026,2025-12-20,Casual Leave,2,Approved
2780,1217,2025-04-25,Earned Leave,1,Approved
2781,1028,2025-09-30,Emergency Leave,2,Approved
2782,1474,2025-05-27,Sick Leave,1,Approved
2783,1457,2025-08-23,Sick Leave,1,Rejected
2784,1206,2025-11-19,Casual Leave,1,Approved
2785,1197,2025-06-19,Earned Leave,1,Rejected
2786,1063,2025-07-17,Casual Leave,1,Rejected
2787,1287,2025-05-26,Sick Leave,2,Approved
2788,1250,2025-01-10,Sick Leave,1,Pending
2789,1267,2025-06-29,Casual Leave,1,Approved
2790,1259,2025-03-31,Earned Leave,1,Approved
2791,1264,2025-08-10,Sick Leave,1,Approved
2792,1096,2025-01-17,Sick Leave,1,Pending
2793,1150,2025-09-11,Earned Leave,1,Approved
2794,1150,2025-09-12,Emergency Leave,1,Rejected
2795,1417,2025-03-08,Casual Leave,1,Approved
2796,1266,2025-07-05,Emergency Leave,1,Pending
2797,1402,2025-06-28,Sick Leave,1,Approved
2798,1241,2025-12-26,Casual Leave,1,Approved
2799,1199,2025-12-31,Earned Leave,1,Approved
2800,1347,2025-09-11,Sick Leave,2,Approved
2801,1110,2025-04-10,Earned Leave,1,Approved
2802,1079,2025-05-22,Earned Leave,2,Approved
2803,1294,2025-01-31,Sick Leave,1,Approved
2804,1055,2025-09-19,Sick Leave,1,Rejected
2805,1331,2025-06-13,Emergency Leave,1,Approved
2806,1360,2025-11-06,Earned Leave,2,Approved
2807,1425,2025-04-27,Sick Leave,1,Approved
2808,1462,2025-03-26,Earned Leave,3,Approved
2809,1458,2025-03-04,Earned Leave,1,Approved
2810,1229,2025-11-09,Emergency Leave,2,Approved
2811,1398,2025-09-04,Sick Leave,1,Approved
2812,1307,2025-05-18,Casual Leave,1,Approved
2813,1492,2025-05-05,Earned Leave,1,Approved
2814,1197,2025-10-28,Emergency Leave,1,Approved
2815,1137,2025-06-23,Emergency Leave,1,Approved
2816,1331,2025-09-24,Emergency Leave,1,Approved
2817,1146,2025-04-02,Sick Leave,1,Pending
2818,1483,2025-10-07,Emergency Leave,1,Rejected
2819,1382,2025-02-20,Sick Leave,1,Approved
2820,1021,2025-03-01,Emergency Leave,2,Approved
2821,1156,2025-07-14,Emergency Leave,1,Rejected
2822,1205,2025-06-29,Emergency Leave,1,Rejected
2823,1477,2025-10-23,Sick Leave,2,Rejected
2824,1472,2025-08-24,Casual Leave,1,Approved
2825,1354,2025-05-29,Sick Leave,1,Approved
2826,1308,2025-08-16,Earned Leave,1,Approved
2827,1097,2025-05-26,Earned Leave,2,Approved
2828,1441,2025-12-10,Earned Leave,1,Approved
2829,1055,2025-07-05,Earned Leave,1,Approved
2830,1236,2025-09-29,Sick Leave,1,Approved
2831,1349,2025-04-27,Casual Leave,1,Approved
2832,1015,2025-05-14,Sick Leave,1,Approved
2833,1075,2025-09-20,Emergency Leave,2,Approved
2834,1496,2025-06-15,Emergency Leave,2,Approved
2835,1153,2025-07-15,Sick Leave,1,Approved
2836,1072,2025-06-08,Emergency Leave,2,Approved
2837,1327,2025-07-11,Casual Leave,1,Approved
2838,1224,2025-01-07,Earned Leave,1,Approved
2839,1272,2025-12-10,Emergency Leave,1,Approved
2840,1064,2025-02-14,Earned Leave,1,Approved
2841,1326,2025-02-18,Earned Leave,1,Approved
2842,1124,2025-03-21,Earned Leave,1,Approved
2843,1249,2025-07-14,Emergency Leave,1,Approved
2844,1087,2025-01-02,Earned Leave,1,Approved
2845,1106,2025-12-09,Earned Leave,1,Approved
2846,1021,2025-09-27,Sick Leave,1,Pending
2847,1106,2025-07-16,Emergency Leave,1,Approved
2848,1490,2025-06-28,Emergency Leave,1,Approved
2849,1459,2025-08-24,Sick Leave,2,Approved
2850,1389,2025-06-20,Casual Leave,1,Approved
2851,1352,2025-04-09,Sick Leave,1,Approved
2852,1088,2025-07-12,Sick Leave,1,Approved
2853,1195,2025-10-19,Sick Leave,1,Pending
2854,1278,2025-01-03,Emergency Leave,1,Approved
2855,1315,2025-01-18,Sick Leave,1,Pending
2856,1207,2025-10-31,Emergency Leave,1,Approved
2857,1454,2025-02-03,Sick Leave,1,Approved
2858,1026,2025-10-30,Sick Leave,2,Approved
2859,1445,2025-11-03,Casual Leave,1,Approved
2860,1291,2025-01-25,Casual Leave,1,Approved
2861,1303,2025-10-04,Sick Leave,1,Approved
2862,1275,2025-03-24,Earned Leave,1,Pending
2863,1365,2025-12-05,Earned Leave,2,Approved
2864,1252,2025-06-13,Earned Leave,1,Approved
2865,1490,2025-06-24,Emergency Leave,1,Approved
2866,1376,2025-12-08,Earned Leave,1,Approved
2867,1500,2025-02-04,Casual Leave,1,Approved
2868,1059,2025-02-24,Earned Leave,1,Approved
2869,1064,2025-10-19,Casual Leave,1,Pending
2870,1428,2025-05-22,Casual Leave,1,Rejected
2871,1072,2025-11-28,Sick Leave,1,Approved
2872,1413,2025-01-26,Casual Leave,1,Pending
2873,1456,2025-10-05,Emergency Leave,1,Approved
2874,1056,2025-06-13,Casual Leave,1,Approved
2875,1002,2025-10-14,Earned Leave,1,Approved
2876,1357,2025-08-19,Casual Leave,1,Rejected
2877,1269,2025-02-10,Casual Leave,1,Approved
2878,1159,2025-09-30,Emergency Leave,3,Approved
2879,1499,2025-09-26,Earned Leave,2,Approved
2880,1278,2025-08-14,Earned Leave,1,Approved
2881,1115,2025-01-18,Earned Leave,1,Approved
2882,1001,2025-12-27,Emergency Leave,1,Approved
2883,1088,2025-07-14,Emergency Leave,2,Approved
2884,1127,2025-01-12,Earned Leave,1,Approved
2885,1153,2025-05-21,Earned Leave,1,Approved
2886,1165,2025-11-03,Earned Leave,1,Approved
2887,1440,2025-07-27,Earned Leave,3,Approved
2888,1156,2025-09-07,Sick Leave,2,Rejected
2889,1159,2025-03-07,Emergency Leave,2,Approved
2890,1436,2025-06-02,Casual Leave,2,Rejected
2891,1003,2025-01-01,Sick Leave,1,Approved
2892,1017,2025-08-11,Sick Leave,1,Approved
2893,1262,2025-12-24,Emergency Leave,1,Approved
2894,1158,2025-01-10,Emergency Leave,1,Approved
2895,1390,2025-06-07,Earned Leave,1,Rejected
2896,1308,2025-06-13,Emergency Leave,1,Pending
2897,1116,2025-11-26,Casual Leave,1,Approved
2898,1233,2025-07-15,Emergency Leave,1,Approved
2899,1483,2025-07-16,Emergency Leave,1,Rejected
2900,1235,2025-04-11,Earned Leave,1,Approved
2901,1172,2025-06-06,Earned Leave,1,Approved
2902,1201,2025-04-16,Sick Leave,1,Approved
2903,1460,2025-03-16,Sick Leave,1,Approved
2904,1177,2025-06-13,Earned Leave,1,Approved
2905,1114,2025-08-20,Sick Leave,2,Approved
2906,1095,2025-10-01,Earned Leave,1,Approved
2907,1452,2025-10-22,Emergency Leave,1,Approved
2908,1476,2025-11-07,Earned Leave,2,Pending
2909,1267,2025-09-25,Casual Leave,1,Rejected
2910,1045,2025-11-06,Emergency Leave,1,Approved
2911,1082,2025-11-03,Sick Leave,1,Pending
2912,1480,2025-06-29,Earned Leave,1,Rejected
2913,1316,2025-03-10,Earned Leave,2,Approved
2914,1496,2025-06-26,Sick Leave,2,Approved
2915,1410,2025-03-06,Casual Leave,2,Approved
2916,1312,2025-07-10,Emergency Leave,1,Approved
2917,1115,2025-03-11,Earned Leave,1,Approved
2918,1148,2025-07-12,Earned Leave,1,Approved
2919,1008,2025-05-25,Sick Leave,1,Approved
2920,1288,2025-10-19,Earned Leave,1,Approved
2921,1022,2025-07-21,Earned Leave,1,Approved
2922,1395,2025-06-16,Earned Leave,1,Pending
2923,1255,2025-09-23,Casual Leave,1,Approved
2924,1328,2025-08-14,Casual Leave,1,Rejected
2925,1212,2025-01-15,Earned Leave,1,Approved
2926,1276,2025-08-30,Sick Leave,1,Rejected
2927,1124,2025-08-07,Emergency Leave,1,Approved
2928,1442,2025-07-07,Sick Leave,1,Approved
2929,1077,2025-08-26,Earned Leave,2,Approved
2930,1465,2025-09-25,Emergency Leave,1,Approved
2931,1306,2025-07-08,Emergency Leave,1,Pending
2932,1256,2025-03-16,Emergency Leave,1,Approved
2933,1324,2025-07-28,Emergency Leave,1,Approved
2934,1285,2025-10-27,Emergency Leave,2,Rejected
2935,1022,2025-03-08,Sick Leave,1,Approved
2936,1389,2025-09-14,Emergency Leave,3,Pending
2937,1302,2025-02-14,Casual Leave,1,Approved
2938,1248,2025-05-15,Emergency Leave,2,Approved
2939,1391,2025-11-04,Earned Leave,1,Approved
2940,1168,2025-07-23,Sick Leave,1,Rejected
2941,1055,2025-01-24,Sick Leave,1,Approved
2942,1454,2025-04-26,Earned Leave,2,Approved
2943,1453,2025-12-17,Sick Leave,1,Approved
2944,1342,2025-02-02,Emergency Leave,1,Approved
2945,1345,2025-06-21,Emergency Leave,1,Approved
2946,1368,2025-08-01,Earned Leave,1,Approved
2947,1047,2025-04-30,Earned Leave,1,Rejected
2948,1476,2025-12-10,Casual Leave,2,Approved
2949,1189,2025-07-31,Earned Leave,1,Approved
2950,1461,2025-08-22,Emergency Leave,1,Approved
2951,1070,2025-08-20,Casual Leave,1,Approved
2952,1114,2025-04-16,Earned Leave,1,Approved
2953,1285,2025-10-07,Earned Leave,1,Approved
2954,1155,2025-01-07,Sick Leave,1,Approved
2955,1234,2025-06-27,Earned Leave,1,Approved
2956,1363,2025-09-30,Casual Leave,1,Approved
2957,1241,2025-10-17,Sick Leave,1,Approved
2958,1273,2025-06-04,Casual Leave,1,Approved
2959,1344,2025-01-16,Casual Leave,3,Approved
2960,1159,2025-12-14,Earned Leave,1,Approved
2961,1352,2025-06-01,Emergency Leave,2,Pending
2962,1436,2025-07-29,Emergency Leave,1,Approved
2963,1080,2025-05-20,Sick Leave,1,Approved
2964,1144,2025-03-11,Emergency Leave,1,Rejected
2965,1320,2025-12-31,Emergency Leave,1,Approved
2966,1281,2025-12-02,Sick Leave,1,Pending
2967,1440,2025-03-27,Casual Leave,1,Approved
2968,1035,2025-07-22,Emergency Leave,2,Approved
2969,1386,2025-05-31,Earned Leave,1,Approved
2970,1129,2025-10-26,Sick Leave,1,Approved
2971,1081,2025-04-12,Sick Leave,1,Rejected
2972,1303,2025-03-02,Emergency Leave,1,Approved
2973,1318,2025-06-07,Casual Leave,1,Approved
2974,1314,2025-10-16,Sick Leave,1,Approved
2975,1074,2025-09-08,Casual Leave,2,Approved
2976,1356,2025-02-18,Earned Leave,1,Approved
2977,1151,2025-04-27,Earned Leave,1,Pending
2978,1166,2025-11-03,Casual Leave,1,Approved
2979,1452,2025-01-01,Emergency Leave,1,Approved
2980,1031,2025-02-06,Earned Leave,2,Approved
2981,1224,2025-05-04,Sick Leave,1,Approved
2982,1452,2025-02-12,Sick Leave,2,Approved
2983,1068,2025-06-19,Casual Leave,3,Pending
2984,1351,2025-12-30,Casual Leave,1,Approved
2985,1499,2025-12-05,Casual Leave,1,Approved
2986,1227,2025-03-05,Emergency Leave,2,Approved
2987,1348,2025-10-27,Emergency Leave,1,Approved
2988,1237,2025-07-10,Earned Leave,2,Approved
2989,1284,2025-12-31,Earned Leave,1,Approved
2990,1036,2025-04-02,Earned Leave,1,Approved
2991,1486,2025-05-04,Earned Leave,2,Approved
2992,1425,2025-03-31,Sick Leave,1,Approved
2993,1214,2025-08-17,Earned Leave,1,Pending
2994,1344,2025-09-12,Emergency Leave,1,Approved
2995,1415,2025-10-30,Earned Leave,1,Approved
2996,1239,2025-12-18,Emergency Leave,2,Approved
2997,1268,2025-08-24,Casual Leave,1,Approved
2998,1231,2025-06-18,Earned Leave,2,Approved
2999,1212,2025-06-08,Earned Leave,2,Rejected
3000,1172,2025-11-13,Sick Leave,1,Approved
3001,1337,2025-10-11,Emergency Leave,1,Approved
3002,1309,2025-04-19,Sick Leave,1,Approved
3003,1275,2025-03-16,Emergency Leave,1,Approved
3004,1161,2025-03-31,Casual Leave,1,Approved
3005,1280,2025-03-31,Emergency Leave,1,Pending
3006,1434,2025-04-22,Emergency Leave,1,Approved
3007,1492,2025-04-07,Sick Leave,1,Approved
3008,1488,2025-08-06,Casual Leave,2,Approved
3009,1079,2025-06-08,Earned Leave,1,Approved
3010,1441,2025-06-03,Emergency Leave,1,Approved
3011,1409,2025-08-01,Emergency Leave,1,Approved
3012,1494,2025-04-08,Earned Leave,1,Approved
3013,1399,2025-07-03,Casual Leave,1,Approved
3014,1453,2025-08-20,Earned Leave,1,Rejected
3015,1358,2025-03-19,Emergency Leave,1,Approved
3016,1289,2025-06-21,Sick Leave,1,Approved
3017,1172,2025-12-16,Earned Leave,1,Rejected
3018,1163,2025-07-06,Sick Leave,3,Approved
3019,1128,2025-09-10,Emergency Leave,1,Rejected
3020,1024,2025-01-12,Casual Leave,1,Approved
3021,1075,2025-02-19,Emergency Leave,2,Approved
3022,1433,2025-05-20,Earned Leave,1,Rejected
3023,1144,2025-06-28,Earned Leave,3,Approved
3024,1435,2025-04-28,Emergency Leave,1,Rejected
3025,1313,2025-11-26,Sick Leave,3,Approved
3026,1353,2025-06-04,Casual Leave,1,Approved
3027,1040,2025-01-29,Sick Leave,2,Approved
3028,1039,2025-01-25,Emergency Leave,1,Approved
3029,1443,2025-07-28,Emergency Leave,1,Approved
3030,1065,2025-11-10,Earned Leave,1,Approved
3031,1309,2025-07-05,Casual Leave,2,Rejected
3032,1044,2025-10-09,Casual Leave,1,Pending
3033,1125,2025-02-26,Sick Leave,1,Approved
3034,1354,2025-07-28,Sick Leave,1,Approved
3035,1287,2025-10-06,Earned Leave,1,Pending
3036,1454,2025-05-22,Casual Leave,1,Rejected
3037,1293,2025-09-10,Casual Leave,1,Approved
3038,1342,2025-01-19,Sick Leave,1,Approved
3039,1319,2025-10-14,Earned Leave,2,Approved
3040,1247,2025-10-10,Emergency Leave,1,Approved
3041,1230,2025-03-26,Earned Leave,2,Pending
3042,1060,2025-02-14,Sick Leave,2,Approved
3043,1311,2025-10-31,Casual Leave,2,Approved
3044,1288,2025-09-11,Sick Leave,1,Approved
3045,1413,2025-06-06,Casual Leave,1,Approved
3046,1345,2025-06-22,Earned Leave,1,Approved
3047,1329,2025-12-26,Emergency Leave,1,Rejected
3048,1338,2025-12-12,Earned Leave,2,Rejected
3049,1393,2025-12-02,Emergency Leave,2,Approved
3050,1456,2025-09-12,Sick Leave,3,Rejected
3051,1312,2025-10-26,Emergency Leave,2,Approved
3052,1306,2025-06-28,Earned Leave,2,Rejected
3053,1267,2025-08-18,Casual Leave,1,Pending
3054,1026,2025-05-24,Emergency Leave,1,Approved
3055,1352,2025-10-21,Sick Leave,1,Approved
3056,1067,2025-10-06,Sick Leave,1,Approved
3057,1326,2025-01-16,Earned Leave,2,Approved
3058,1310,2025-04-11,Emergency Leave,1,Approved
3059,1203,2025-01-24,Earned Leave,2,Approved
3060,1370,2025-06-27,Emergency Leave,2,Approved
3061,1405,2025-08-18,Emergency Leave,2,Approved
3062,1034,2025-04-26,Emergency Leave,1,Approved
3063,1157,2025-07-18,Earned Leave,1,Approved
3064,1414,2025-05-25,Earned Leave,1,Approved
3065,1452,2025-01-30,Sick Leave,1,Approved
3066,1032,2025-10-30,Sick Leave,1,Pending
3067,1377,2025-02-23,Emergency Leave,2,Approved
3068,1338,2025-12-31,Earned Leave,1,Approved
3069,1486,2025-03-17,Sick Leave,1,Rejected
3070,1422,2025-03-17,Casual Leave,1,Approved
3071,1078,2025-04-11,Sick Leave,2,Approved
3072,1282,2025-11-13,Casual Leave,1,Approved
3073,1234,2025-03-04,Earned Leave,1,Approved
3074,1051,2025-07-15,Emergency Leave,2,Pending
3075,1283,2025-12-26,Sick Leave,1,Approved
3076,1361,2025-07-18,Earned Leave,1,Approved
3077,1067,2025-02-09,Sick Leave,1,Approved
3078,1470,2025-10-10,Casual Leave,1,Approved
3079,1367,2025-04-13,Sick Leave,1,Approved
3080,1053,2025-09-17,Casual Leave,2,Approved
3081,1259,2025-08-20,Casual Leave,1,Approved
3082,1202,2025-02-10,Sick Leave,1,Approved
3083,1358,2025-06-26,Casual Leave,1,Pending
3084,1456,2025-12-02,Casual Leave,1,Approved
3085,1474,2025-11-14,Casual Leave,1,Approved
3086,1005,2025-12-18,Earned Leave,1,Approved
3087,1158,2025-06-08,Casual Leave,2,Approved
3088,1364,2025-03-03,Casual Leave,1,Approved
3089,1115,2025-06-24,Casual Leave,1,Approved
3090,1241,2025-09-11,Casual Leave,1,Approved
3091,1056,2025-10-15,Casual Leave,1,Approved
3092,1083,2025-11-20,Casual Leave,1,Approved
3093,1356,2025-06-28,Earned Leave,1,Approved
3094,1149,2025-03-23,Emergency Leave,2,Approved
3095,1281,2025-09-06,Casual Leave,2,Approved
3096,1208,2025-03-10,Casual Leave,1,Approved
3097,1070,2025-10-12,Sick Leave,1,Pending
3098,1110,2025-01-27,Earned Leave,1,Approved
3099,1330,2025-08-10,Emergency Leave,1,Approved
3100,1397,2025-12-30,Emergency Leave,1,Approved
3101,1287,2025-05-10,Earned Leave,1,Approved
3102,1039,2025-10-01,Casual Leave,1,Pending
3103,1006,2025-09-03,Emergency Leave,1,Approved
3104,1115,2025-04-10,,2,Approved
3105,1411,2025-07-07,Casual Leave,1,Approved
3106,1272,2025-11-08,Earned Leave,3,Approved
3107,1009,2025-06-21,Sick Leave,1,Approved
3108,1499,2025-11-11,Emergency Leave,2,Approved
3109,1082,2025-06-19,Casual Leave,1,Approved
3110,1173,2025-07-30,Earned Leave,1,Approved
3111,1321,2025-03-28,Casual Leave,1,Approved
3112,1115,2025-02-23,Casual Leave,1,Approved
3113,1421,2025-03-25,Emergency Leave,2,Approved
3114,1370,2025-04-23,Sick Leave,1,Approved
3115,1474,2025-09-24,Sick Leave,1,Rejected
3116,1144,2025-04-28,Emergency Leave,1,Approved
3117,1342,2025-11-11,Emergency Leave,1,Rejected
3118,1056,2025-07-25,Casual Leave,2,Approved
3119,1074,2025-04-03,Emergency Leave,2,Approved
3120,1200,2025-11-22,Earned Leave,1,Approved
3121,1076,2025-03-26,Casual Leave,1,Approved
3122,1063,2025-12-23,Sick Leave,1,Approved
3123,1162,2025-10-29,Sick Leave,1,Pending
3124,1463,2025-04-01,Earned Leave,1,Approved
3125,1097,2025-07-19,Casual Leave,1,Approved
3126,1026,2025-01-05,Casual Leave,2,Approved
3127,1319,2025-04-05,Sick Leave,1,Approved
3128,1111,2025-04-20,Earned Leave,1,Approved
3129,1463,2025-06-24,Emergency Leave,3,Pending
3130,1132,2025-06-25,Sick Leave,1,Approved
3131,1210,2025-06-28,Sick Leave,1,Approved
3132,1170,2025-01-27,Sick Leave,3,Approved
3133,1381,2025-12-29,Emergency Leave,1,Rejected
3134,1234,2025-01-01,Casual Leave,2,Approved
3135,1095,2025-02-24,Sick Leave,1,Approved
3136,1408,2025-04-04,Emergency Leave,1,Approved
3137,1193,2025-12-02,Emergency Leave,1,Approved
3138,1102,2025-07-09,Sick Leave,2,Approved
3139,1475,2025-02-22,Earned Leave,1,Pending
3140,1001,2025-06-19,Sick Leave,1,Approved
3141,1141,2025-12-06,Sick Leave,2,Approved
3142,1194,2025-10-30,Casual Leave,1,Approved
3143,1222,2025-02-04,Earned Leave,1,Pending
3144,1453,2025-10-12,Emergency Leave,1,Approved
3145,1092,2025-09-11,Earned Leave,1,Approved
3146,1345,2025-10-19,Sick Leave,1,Approved
3147,1373,2025-02-02,Sick Leave,1,Pending
3148,1471,2025-11-05,Casual Leave,1,Approved
3149,1047,2025-01-24,Earned Leave,2,Approved
3150,1105,2025-11-04,Sick Leave,1,Approved
3151,1469,2025-04-13,Earned Leave,1,Approved
3152,1036,2025-07-06,Earned Leave,2,Approved
3153,1092,2025-09-24,Emergency Leave,1,Approved
3154,1010,2025-11-14,Casual Leave,3,Approved
3155,1383,2025-01-08,Casual Leave,1,Approved
3156,1412,2025-07-11,Sick Leave,2,Pending
3157,1217,2025-11-07,Sick Leave,1,Pending
3158,1180,2025-09-05,Emergency Leave,1,Approved
3159,1474,2025-02-13,Sick Leave,1,Approved
3160,1456,2025-12-18,Casual Leave,1,Approved
3161,1037,2025-09-24,Emergency Leave,1,Approved
3162,1281,2025-09-28,Casual Leave,1,Pending
3163,1302,2025-07-12,Earned Leave,1,Approved
3164,1220,2025-08-21,Earned Leave,1,Approved
3165,1399,2025-05-09,Earned Leave,1,Rejected
3166,1054,2025-08-17,Casual Leave,1,Approved
3167,1047,2025-12-15,Sick Leave,1,Rejected
3168,1063,2025-06-14,Casual Leave,1,Approved
3169,1260,2025-11-12,Sick Leave,1,Approved
3170,1485,2025-11-10,Sick Leave,1,Approved
3171,1107,2025-12-27,Casual Leave,2,Approved
3172,1267,2025-02-08,Earned Leave,1,Pending
3173,1031,2025-06-27,Emergency Leave,2,Approved
3174,1414,2025-04-03,Casual Leave,1,Approved
3175,1043,2025-01-23,Casual Leave,1,Approved
3176,1393,2025-09-09,Casual Leave,1,Approved
3177,1462,2025-05-14,Sick Leave,2,Approved
3178,1261,2025-08-30,Casual Leave,1,Approved
3179,1020,2025-09-05,Earned Leave,1,Approved
3180,1121,2025-04-07,Casual Leave,3,Pending
3181,1013,2025-01-22,Emergency Leave,1,Approved
3182,1451,2025-09-07,Casual Leave,1,Pending
3183,1256,2025-03-19,Sick Leave,1,Approved
3184,1113,2025-08-25,Earned Leave,1,Approved
3185,1483,2025-11-24,Sick Leave,1,Approved
3186,1069,2025-12-11,Emergency Leave,1,Approved
3187,1172,2025-02-05,Casual Leave,2,Approved
3188,1003,2025-04-23,Emergency Leave,1,Approved
3189,1388,2025-11-11,Emergency Leave,2,Pending
3190,1311,2025-06-29,Sick Leave,1,Rejected
3191,1167,2025-12-04,Emergency Leave,1,Approved
3192,1268,2025-07-06,Emergency Leave,1,Pending
3193,1169,2025-04-22,Casual Leave,1,Approved
3194,1364,2025-06-26,Emergency Leave,1,Rejected
3195,1371,2025-03-08,Casual Leave,1,Approved
3196,1433,2025-02-14,Sick Leave,2,Approved
3197,1188,2025-08-17,Sick Leave,1,Approved
3198,1416,2025-06-09,Sick Leave,2,Approved
3199,1455,2025-06-08,Sick Leave,1,Approved
3200,1131,2025-02-11,Emergency Leave,1,Pending
3201,1377,2025-07-29,Sick Leave,1,Approved
3202,1088,2025-05-31,Sick Leave,1,Approved
3203,1399,2025-12-31,Emergency Leave,1,Approved
3204,1461,2025-08-01,Casual Leave,1,Approved
3205,1207,2025-02-04,Casual Leave,1,Approved
3206,1342,2025-12-08,Earned Leave,1,Rejected
3207,1227,2025-01-29,Casual Leave,1,Approved
3208,1349,2025-12-10,Casual Leave,1,Approved
3209,1260,2025-10-22,Earned Leave,3,Approved
3210,1229,2025-10-29,Earned Leave,1,Approved
3211,1249,2025-09-29,Sick Leave,2,Approved
3212,1244,2025-10-10,Emergency Leave,3,Rejected
3213,1025,2025-07-23,Casual Leave,1,Approved
3214,1365,2025-08-06,Sick Leave,1,Approved
3215,1478,2025-12-31,Sick Leave,1,Approved
3216,1472,2025-02-07,Casual Leave,1,Rejected
3217,1303,2025-10-30,Sick Leave,1,Rejected
3218,1408,2025-02-01,Casual Leave,1,Approved
3219,1472,2025-06-27,Sick Leave,1,Approved
3220,1193,2025-06-05,Earned Leave,1,Approved
3221,1069,2025-11-06,Earned Leave,2,Approved
3222,1191,2025-10-16,Sick Leave,1,Approved
3223,1447,2025-10-22,Sick Leave,1,Approved
3224,1461,2025-06-10,Sick Leave,1,Approved
3225,1159,2025-04-22,Casual Leave,1,Approved
3226,1278,2025-08-26,Emergency Leave,1,Approved
3227,1018,2025-12-12,Sick Leave,1,Approved
3228,1289,2025-06-29,Emergency Leave,1,Approved
3229,1237,2025-01-30,Casual Leave,2,Rejected
3230,1024,2025-09-20,Emergency Leave,1,Approved
3231,1075,2025-05-14,Earned Leave,2,Approved
3232,1073,2025-09-28,Sick Leave,1,Approved
3233,1059,2025-01-23,Sick Leave,2,Approved
3234,1282,2025-04-04,Sick Leave,1,Pending
3235,1487,2025-03-08,Emergency Leave,1,Rejected
3236,1122,2025-02-25,Emergency Leave,2,Approved
3237,1265,2025-11-30,Casual Leave,1,Approved
3238,1140,2025-02-24,Earned Leave,1,Approved
3239,1141,2025-02-02,Earned Leave,1,Approved
3240,1455,2025-05-28,Casual Leave,1,Rejected
3241,1448,2025-09-17,Emergency Leave,1,Approved
3242,1043,2025-10-08,Earned Leave,1,Approved
3243,1196,2025-12-29,Earned Leave,1,Approved
3244,1407,2025-08-28,Earned Leave,1,Approved
3245,1245,2025-06-22,Casual Leave,2,Rejected
3246,1091,2025-05-07,Emergency Leave,1,Approved
3247,1019,2025-07-23,Casual Leave,1,Rejected
3248,1290,2025-12-13,Sick Leave,1,Approved
3249,1414,2025-03-12,Sick Leave,1,Approved
3250,1236,2025-12-06,Earned Leave,1,Approved
3251,1446,2025-12-16,Casual Leave,1,Approved
3252,1250,2025-08-14,Earned Leave,1,Approved
3253,1335,2025-01-04,Casual Leave,3,Approved
3254,1007,2025-09-12,Emergency Leave,2,Rejected
3255,1343,2025-08-17,Casual Leave,1,Pending
3256,1051,2025-05-28,Earned Leave,1,Approved
3257,1221,2025-04-06,Sick Leave,1,Approved
3258,1413,2025-04-10,Earned Leave,2,Approved
3259,1166,2025-05-21,Emergency Leave,2,Approved
3260,1500,2025-11-05,Casual Leave,1,Approved
3261,1392,2025-08-24,Sick Leave,2,Pending
3262,1245,2025-01-20,Casual Leave,2,Approved
3263,1175,2025-06-12,Sick Leave,1,Rejected
3264,1414,2025-03-31,Sick Leave,1,Approved
3265,1255,2025-01-11,Casual Leave,1,Pending
3266,1282,2025-03-19,Emergency Leave,1,Approved
3267,1141,2025-07-13,Casual Leave,2,Approved
3268,1456,2025-07-18,Sick Leave,1,Approved
3269,1103,2025-04-04,Emergency Leave,1,Approved
3270,1047,2025-11-14,Emergency Leave,1,Approved
3271,1161,2025-07-31,Casual Leave,1,Approved
3272,1054,2025-09-27,Sick Leave,1,Approved
3273,1421,2025-01-26,Emergency Leave,1,Rejected
3274,1332,2025-08-13,Emergency Leave,1,Approved
3275,1492,2025-04-06,Emergency Leave,1,Approved
3276,1495,2025-08-26,Sick Leave,1,Pending
3277,1106,2025-09-16,Earned Leave,2,Approved
3278,1195,2025-05-21,Casual Leave,1,Approved
3279,1196,2025-05-22,Casual Leave,1,Approved
3280,1374,2025-03-16,Earned Leave,1,Approved
3281,1231,2025-10-02,Casual Leave,1,Approved
3282,1204,2025-10-06,Earned Leave,1,Approved
3283,1105,2025-03-30,Sick Leave,1,Approved
3284,1317,2025-05-21,Casual Leave,1,Approved
3285,1194,2025-08-01,Casual Leave,1,Approved
3286,1156,2025-04-02,Earned Leave,1,Pending
3287,1082,2025-06-10,Sick Leave,1,Approved
3288,1381,2025-06-09,Emergency Leave,1,Approved
3289,1394,2025-12-16,Emergency Leave,1,Approved
3290,1440,2025-02-20,Sick Leave,1,Approved
3291,1180,2025-08-23,Casual Leave,2,Approved
3292,1148,2025-08-16,Sick Leave,1,Pending
3293,1257,2025-07-29,Casual Leave,1,Approved
3294,1213,2025-02-19,Earned Leave,1,Approved
3295,1395,2025-06-19,Emergency Leave,1,Approved
3296,1302,2025-09-20,Emergency Leave,2,Approved
3297,1387,2025-03-17,Sick Leave,1,Approved
3298,1239,2025-08-20,Casual Leave,1,Rejected
3299,1160,2025-09-27,Earned Leave,2,Approved
3300,1221,2025-07-15,Casual Leave,1,Pending
3301,1221,2025-10-25,Sick Leave,2,Approved
3302,1024,2025-04-26,Emergency Leave,1,Approved
3303,1500,2025-07-12,Sick Leave,1,Approved
3304,1047,2025-10-04,Earned Leave,1,Rejected
3305,1127,2025-03-16,Casual Leave,1,Approved
3306,1384,2025-12-23,Casual Leave,1,Approved
3307,1082,2025-09-09,Sick Leave,1,Approved
3308,1099,2025-05-23,Sick Leave,1,Rejected
3309,1401,2025-01-27,Sick Leave,1,Approved
3310,1109,2025-08-07,Sick Leave,3,Approved
3311,1493,2025-04-11,Casual Leave,1,Approved
3312,1301,2025-07-31,Sick Leave,2,Approved
3313,1113,2025-08-05,Emergency Leave,3,Approved
3314,1419,2025-09-22,Casual Leave,1,Approved
3315,1003,2025-05-26,Sick Leave,1,Approved
3316,1439,2025-07-10,Sick Leave,1,Approved
3317,1411,2025-04-24,Casual Leave,1,Rejected
3318,1275,2025-02-01,Casual Leave,1,Approved
3319,1119,2025-11-17,Casual Leave,1,Pending
3320,1360,2025-03-05,Casual Leave,2,Approved
3321,1451,2025-03-31,Emergency Leave,1,Approved
3322,1104,2025-11-26,Casual Leave,1,Approved
3323,1337,2025-08-31,Sick Leave,1,Approved
3324,1320,2025-04-22,Earned Leave,2,Pending
3325,1055,2025-08-26,Casual Leave,1,Rejected
3326,1489,2025-03-10,Earned Leave,1,Rejected
3327,1368,2025-12-23,Sick Leave,1,Approved
3328,1308,2025-06-07,Earned Leave,1,Approved
3329,1232,2025-05-03,Casual Leave,1,Approved
3330,1168,2025-03-22,Earned Leave,2,Approved
3331,1461,2025-08-25,Sick Leave,1,Approved
3332,1043,2025-05-08,Sick Leave,1,Approved
3333,1499,2025-10-30,Earned Leave,1,Approved
3334,1492,2025-10-02,Sick Leave,1,Approved
3335,1426,2025-06-12,Casual Leave,2,Approved
3336,1025,2025-08-22,Casual Leave,1,Approved
3337,1206,2025-08-03,Sick Leave,1,Approved
3338,1255,2025-11-04,Earned Leave,1,Approved
3339,1127,2025-07-31,Sick Leave,1,Approved
3340,1209,2025-04-05,Emergency Leave,1,Pending
3341,1301,2025-03-10,Casual Leave,1,Approved
3342,1048,2025-12-21,Casual Leave,1,Rejected
3343,1432,2025-10-10,Earned Leave,1,Approved
3344,1269,2025-07-04,Casual Leave,3,Approved
3345,1452,2025-12-07,Sick Leave,2,Approved
3346,1463,2025-06-24,Sick Leave,1,Approved
3347,1101,2025-04-07,Emergency Leave,1,Approved
3348,1235,2025-07-01,Emergency Leave,1,Approved
3349,1135,2025-01-06,Earned Leave,1,Approved
3350,1112,2025-10-16,Casual Leave,1,Approved
3351,1052,2025-09-15,Sick Leave,2,Pending
3352,1055,2025-04-17,Casual Leave,1,Approved
3353,1489,2025-08-26,Casual Leave,2,Approved
3354,1355,2025-05-13,Earned Leave,2,Approved
3355,1282,2025-01-03,Sick Leave,1,Approved
3356,1171,2025-12-14,Casual Leave,3,Rejected
3357,1133,2025-04-22,Casual Leave,1,Pending
3358,1215,2025-09-12,Casual Leave,1,Approved
3359,1106,2025-07-14,Casual Leave,1,Approved
3360,1274,2025-07-27,Emergency Leave,1,Pending
3361,1424,2025-07-17,Sick Leave,1,Approved
3362,1439,2025-01-25,Sick Leave,3,Pending
3363,1317,2025-05-03,Casual Leave,1,Approved
3364,1053,2025-12-04,Emergency Leave,1,Approved
3365,1074,2025-01-12,Casual Leave,1,Approved
3366,1048,2025-11-09,Emergency Leave,1,Approved
3367,1402,2025-02-06,Casual Leave,1,Approved
3368,1002,2025-09-26,Earned Leave,1,Approved
3369,1329,2025-12-03,Earned Leave,1,Pending
3370,1309,2025-03-24,Emergency Leave,1,Approved
3371,1395,2025-09-23,Emergency Leave,1,Approved
3372,1486,2025-10-01,Emergency Leave,3,Approved
3373,1100,2025-06-30,Casual Leave,1,Pending
3374,1485,2025-04-24,Earned Leave,1,Approved
3375,1055,2025-10-08,Sick Leave,1,Approved
3376,1496,2025-01-15,Earned Leave,1,Approved
3377,1147,2025-01-25,Earned Leave,1,Approved
3378,1147,2025-03-30,Earned Leave,2,Approved
3379,1313,2025-04-28,Earned Leave,1,Approved
3380,1406,2025-02-26,Sick Leave,1,Approved
3381,1424,2025-03-04,Casual Leave,1,Approved
3382,1235,2025-08-13,Earned Leave,1,Approved
3383,1343,2025-04-05,Emergency Leave,1,Approved
3384,1486,2025-01-05,Casual Leave,1,Approved
3385,1102,2025-04-17,Earned Leave,1,Approved
3386,1270,2025-08-30,Earned Leave,1,Approved
3387,1359,2025-10-06,Sick Leave,1,Approved
3388,1227,2025-08-26,Casual Leave,2,Approved
3389,1106,2025-09-29,Sick Leave,3,Approved
3390,1067,2025-05-25,Emergency Leave,2,Approved
3391,1420,2025-09-26,Casual Leave,1,Approved
3392,1006,2025-09-17,Casual Leave,1,Pending
3393,1349,2025-05-16,Earned Leave,1,Approved
3394,1262,2025-04-27,Earned Leave,1,Approved
3395,1076,2025-02-18,Emergency Leave,1,Approved
3396,1252,2025-07-09,Sick Leave,1,Approved
3397,1240,2025-06-05,Sick Leave,1,Approved
3398,1183,2025-07-16,Earned Leave,1,Rejected
3399,1469,2025-09-19,Sick Leave,1,Approved
3400,1347,2025-11-09,Emergency Leave,1,Approved
3401,1420,2025-05-27,Earned Leave,1,Approved
3402,1447,2025-01-20,Emergency Leave,3,Approved
3403,1281,2025-12-29,Emergency Leave,1,Rejected
3404,1011,2025-12-13,Sick Leave,1,Approved
3405,1498,2025-07-02,Earned Leave,2,Rejected
3406,1009,2025-12-03,Earned Leave,1,Approved
3407,1498,2025-08-05,Emergency Leave,1,Rejected
3408,1024,2025-10-08,Earned Leave,1,Approved
3409,1372,2025-05-13,Emergency Leave,1,Pending
3410,1019,2025-02-24,Sick Leave,1,Approved
3411,1386,2025-04-19,Emergency Leave,1,Approved
3412,1233,2025-06-10,Casual Leave,1,Approved
3413,1158,2025-08-28,Emergency Leave,1,Approved
3414,1426,2025-11-23,Emergency Leave,1,Approved
3415,1201,2025-12-13,Emergency Leave,1,Approved
3416,1095,2025-08-20,Sick Leave,2,Approved
3417,1478,2025-07-07,Casual Leave,1,Approved
3418,1376,2025-04-07,Sick Leave,1,Pending
3419,1416,2025-10-21,Earned Leave,1,Approved
3420,1219,2025-02-01,,2,Rejected
3421,1285,2025-02-13,Emergency Leave,2,Pending
3422,1375,2025-01-25,Emergency Leave,1,Approved
3423,1114,2025-05-26,Earned Leave,1,Approved
3424,1419,2025-01-04,Earned Leave,1,Approved
3425,1130,2025-09-02,Earned Leave,1,Approved
3426,1403,2025-01-12,Casual Leave,1,Approved
3427,1455,2025-01-14,Casual Leave,1,Approved
3428,1130,2025-04-17,Earned Leave,1,Approved
3429,1343,2025-03-15,Casual Leave,3,Approved
3430,1137,2025-11-27,Casual Leave,1,Approved
3431,1371,2025-11-03,Sick Leave,1,Approved
3432,1233,2025-01-20,Sick Leave,2,Approved
3433,1068,2025-08-15,Sick Leave,1,Approved
3434,1192,2025-11-22,Earned Leave,1,Approved
3435,1105,2025-01-01,Emergency Leave,1,Approved
3436,1184,2025-10-15,Emergency Leave,1,Rejected
3437,1365,2025-04-16,Sick Leave,1,Approved
3438,1362,2025-07-21,Sick Leave,1,Approved
3439,1347,2025-06-06,Earned Leave,1,Approved
3440,1396,2025-10-31,Sick Leave,2,Approved
3441,1352,2025-05-31,Earned Leave,2,Pending
3442,1262,2025-03-05,Casual Leave,1,Approved
3443,1218,2025-07-01,Sick Leave,1,Approved
3444,1427,2025-04-07,Sick Leave,2,Approved
3445,1302,2025-01-24,Sick Leave,2,Approved
3446,1070,2025-03-26,Sick Leave,2,Approved
3447,1301,2025-11-05,Casual Leave,2,Pending
3448,1001,2025-04-28,Earned Leave,1,Approved
3449,1168,2025-06-08,Earned Leave,1,Approved
3450,1295,2025-06-03,Casual Leave,1,Approved
3451,1346,2025-05-04,Casual Leave,1,Approved
3452,1329,2025-02-17,Earned Leave,1,Approved
3453,1048,2025-07-22,Sick Leave,2,Approved
3454,1106,2025-01-29,Earned Leave,1,Approved
3455,1115,2025-05-11,Sick Leave,1,Rejected
3456,1014,2025-05-24,Earned Leave,1,Rejected
3457,1266,2025-04-01,Casual Leave,2,Rejected
3458,1369,2025-02-12,Earned Leave,1,Approved
3459,1280,2025-11-09,Casual Leave,1,Approved
3460,1068,2025-07-20,Earned Leave,2,Pending
3461,1207,2025-01-17,Sick Leave,1,Approved
3462,1495,2025-07-02,Sick Leave,1,Approved
3463,1050,2025-01-09,Casual Leave,2,Rejected
3464,1357,2025-10-09,Earned Leave,1,Approved
3465,1081,2025-10-04,Sick Leave,1,Approved
3466,1286,2025-11-14,Sick Leave,1,Approved
3467,1034,2025-11-15,Casual Leave,1,Rejected
3468,1410,2025-02-22,Emergency Leave,1,Pending
3469,1319,2025-07-21,Earned Leave,1,Approved
3470,1268,2025-01-26,Sick Leave,1,Approved
3471,1246,2025-07-25,Sick Leave,1,Approved
3472,1291,2025-04-03,Sick Leave,1,Approved
3473,1057,2025-01-23,Earned Leave,1,Approved
3474,1412,2025-10-29,Casual Leave,1,Approved
3475,1185,2025-11-23,Casual Leave,2,Approved
3476,1350,2025-07-30,Casual Leave,1,Approved
3477,1297,2025-08-24,Sick Leave,1,Approved
3478,1120,2025-03-09,Sick Leave,1,Approved
3479,1295,2025-12-21,Emergency Leave,2,Pending
3480,1164,2025-02-24,Earned Leave,1,Approved
3481,1158,2025-08-06,Sick Leave,1,Approved
3482,1039,2025-03-17,Emergency Leave,1,Approved
3483,1362,2025-10-10,Earned Leave,1,Approved
3484,1231,2025-01-12,Emergency Leave,2,Approved
3485,1320,2025-04-15,Casual Leave,2,Rejected
3486,1042,2025-06-16,Casual Leave,2,Approved
3487,1268,2025-05-15,Earned Leave,1,Approved
3488,1166,2025-04-27,Sick Leave,2,Approved
3489,1486,2025-01-02,Emergency Leave,2,Approved
3490,1496,2025-05-03,Emergency Leave,2,Approved
3491,1151,2025-05-21,Earned Leave,1,Approved
3492,1021,2025-04-17,Casual Leave,1,Approved
3493,1364,2025-10-02,Sick Leave,1,Approved
3494,1254,2025-06-04,Sick Leave,1,Rejected
3495,1384,2025-11-12,Casual Leave,1,Approved
3496,1120,2025-03-05,Earned Leave,1,Approved
3497,1329,2025-01-03,Earned Leave,1,Pending
3498,1214,2025-06-07,Casual Leave,1,Approved
3499,1055,2025-12-02,Casual Leave,1,Approved
3500,1285,2025-04-22,Casual Leave,1,Pending
3501,1283,2025-09-11,Emergency Leave,3,Approved
3502,1002,2025-10-23,Earned Leave,2,Approved
3503,1472,2025-05-02,Earned Leave,1,Approved
3504,1208,2025-07-12,Earned Leave,3,Pending
3505,1444,2025-12-01,Sick Leave,2,Approved
3506,1141,2025-04-20,Sick Leave,1,Approved
3507,1120,2025-08-25,Earned Leave,2,Approved
3508,1179,2025-02-08,Earned Leave,1,Approved
3509,1244,2025-03-03,Sick Leave,2,Rejected
3510,1286,2025-06-08,Casual Leave,1,Approved
3511,1280,2025-02-13,Emergency Leave,3,Approved
3512,1488,2025-06-13,Earned Leave,1,Approved
3513,1415,2025-06-28,Sick Leave,3,Approved
3514,1389,2025-10-21,Emergency Leave,1,Approved
3515,1029,2025-07-05,Sick Leave,1,Approved
3516,1251,2025-06-07,Casual Leave,3,Approved
3517,1489,2025-11-01,Earned Leave,2,Rejected
3518,1328,2025-11-08,Casual Leave,2,Approved
3519,1220,2025-07-08,Emergency Leave,2,Approved
3520,1437,2025-02-04,Earned Leave,1,Approved
3521,1050,2025-03-15,Earned Leave,1,Pending
3522,1362,2025-10-15,Emergency Leave,1,Approved
3523,1460,2025-03-10,Earned Leave,1,Approved
3524,1415,2025-10-23,Earned Leave,1,Approved
3525,1096,2025-01-08,Emergency Leave,1,Approved
3526,1001,2025-01-03,Emergency Leave,1,Approved
3527,1446,2025-02-22,Casual Leave,3,Approved
3528,1300,2025-02-10,Sick Leave,1,Approved
3529,1437,2025-12-15,Casual Leave,1,Approved
3530,1477,2025-11-11,Emergency Leave,1,Approved
3531,1164,2025-06-10,Earned Leave,2,Approved
3532,1346,2025-07-03,Sick Leave,2,Pending
3533,1240,2025-09-02,Sick Leave,1,Rejected
3534,1474,2025-11-14,Earned Leave,1,Approved
3535,1120,2025-11-02,Emergency Leave,1,Pending
3536,1233,2025-04-08,Earned Leave,2,Approved
3537,1261,2025-06-18,Casual Leave,1,Pending
3538,1426,2025-01-08,Sick Leave,1,Approved
3539,1224,2025-08-16,Sick Leave,1,Approved
3540,1429,2025-08-06,Earned Leave,1,Approved
3541,1325,2025-01-11,Sick Leave,1,Rejected
3542,1109,2025-10-23,Casual Leave,2,Approved
3543,1414,2025-01-11,Sick Leave,1,Approved
3544,1282,2025-11-11,Casual Leave,2,Approved
3545,1117,2025-06-05,Sick Leave,2,Approved
3546,1436,2025-06-11,Emergency Leave,1,Pending
3547,1033,2025-01-02,Casual Leave,1,Approved
3548,1113,2025-02-25,Earned Leave,2,Approved
3549,1370,2025-03-31,Earned Leave,2,Approved
3550,1406,2025-03-31,Earned Leave,1,Approved
3551,1333,2025-11-23,Emergency Leave,2,Approved
3552,1341,2025-08-14,Earned Leave,1,Approved
3553,1257,2025-01-18,Casual Leave,1,Approved
3554,1395,2025-12-08,Casual Leave,1,Approved
3555,1357,2025-05-01,Sick Leave,1,Pending
3556,1004,2025-08-21,Emergency Leave,1,Approved
3557,1385,2025-09-26,Earned Leave,1,Approved
3558,1303,2025-11-17,Sick Leave,1,Rejected
3559,1392,2025-07-30,Earned Leave,1,Rejected
3560,1258,2025-09-07,Sick Leave,1,Rejected
3561,1304,2025-05-12,Earned Leave,1,Approved
3562,1043,2025-07-04,Sick Leave,1,Approved
3563,1405,2025-10-10,Casual Leave,1,Rejected
3564,1246,2025-08-13,Earned Leave,1,Approved
3565,1270,2025-09-05,Sick Leave,1,Approved
3566,1475,2025-04-20,Emergency Leave,2,Approved
3567,1156,2025-07-07,Emergency Leave,2,Approved
3568,1325,2025-03-22,Sick Leave,1,Approved
3569,1379,2025-12-14,Emergency Leave,2,Approved
3570,1469,2025-11-27,Sick Leave,1,Approved
3571,1223,2025-03-31,Emergency Leave,1,Approved
3572,1373,2025-06-12,Casual Leave,1,Approved
3573,1224,2025-01-10,Earned Leave,1,Approved
3574,1084,2025-11-01,Casual Leave,2,Approved
3575,1167,2025-11-06,Casual Leave,1,Approved
3576,1048,2025-10-02,Earned Leave,1,Approved
3577,1465,2025-05-29,Emergency Leave,1,Approved
3578,1118,2025-11-08,Emergency Leave,2,Approved
3579,1493,2025-01-23,Earned Leave,1,Approved
3580,1015,2025-06-16,Casual Leave,1,Approved
3581,1418,2025-12-08,Casual Leave,1,Approved
3582,1336,2025-05-24,Emergency Leave,1,Approved
3583,1192,2025-09-21,Earned Leave,2,Approved
3584,1264,2025-07-28,Earned Leave,1,Approved
3585,1174,2025-01-24,Sick Leave,1,Approved
3586,1446,2025-08-12,Earned Leave,1,Approved
3587,1117,2025-05-03,Earned Leave,1,Approved
3588,1136,2025-11-15,Emergency Leave,1,Approved
3589,1370,2025-12-05,Earned Leave,1,Approved
3590,1288,2025-12-08,Sick Leave,1,Approved
3591,1351,2025-06-16,Sick Leave,2,Approved
3592,1209,2025-12-19,Casual Leave,3,Pending
3593,1171,2025-12-15,Sick Leave,1,Approved
3594,1259,2025-04-12,Emergency Leave,1,Approved
3595,1235,2025-11-26,Emergency Leave,2,Approved
3596,1044,2025-04-14,Sick Leave,1,Approved
3597,1061,2025-11-30,Earned Leave,1,Approved
3598,1134,2025-05-04,Sick Leave,1,Pending
3599,1101,2025-11-29,Casual Leave,2,Approved
3600,1260,2025-03-25,Earned Leave,2,Approved
3601,1078,2025-07-29,Emergency Leave,1,Approved
3602,1380,2025-11-04,Sick Leave,2,Approved
3603,1183,2025-10-28,Emergency Leave,2,Approved
3604,1170,2025-07-28,Emergency Leave,1,Approved
3605,1042,2025-06-25,,1,Approved
3606,1176,2025-08-25,Sick Leave,2,Approved
3607,1240,2025-12-20,Earned Leave,1,Approved
3608,1011,2025-01-15,Earned Leave,1,Pending
3609,1367,2025-05-30,Sick Leave,1,Approved
3610,1294,2025-01-14,Casual Leave,1,Approved
3611,1481,2025-10-28,Earned Leave,1,Approved
3612,1311,2025-04-15,Casual Leave,1,Approved
3613,1491,2025-12-07,Casual Leave,1,Rejected
3614,1493,2025-12-11,Casual Leave,1,Approved
3615,1445,2025-04-15,Earned Leave,1,Approved
3616,1435,2025-09-02,Emergency Leave,1,Approved
3617,1071,2025-12-11,Sick Leave,1,Approved
3618,1193,2025-02-02,Casual Leave,1,Approved
3619,1234,2025-01-08,Emergency Leave,3,Pending
3620,1491,2025-12-21,Sick Leave,2,Approved
3621,1268,2025-11-13,Emergency Leave,2,Approved
3622,1029,2025-12-06,Sick Leave,2,Approved
3623,1019,2025-05-24,Earned Leave,1,Approved
3624,1466,2025-03-08,Earned Leave,3,Approved
3625,1418,2025-10-20,Earned Leave,2,Approved
3626,1110,2025-11-18,Earned Leave,1,Approved
3627,1191,2025-06-04,Casual Leave,1,Approved
3628,1122,2025-12-26,Casual Leave,1,Approved
3629,1446,2025-12-20,Earned Leave,2,Approved
3630,1336,2025-11-07,Sick Leave,1,Approved
3631,1161,2025-03-09,Emergency Leave,1,Approved
3632,1406,2025-10-30,Sick Leave,1,Approved
3633,1284,2025-02-17,Emergency Leave,1,Approved
3634,1119,2025-10-18,Earned Leave,2,Approved
3635,1233,2025-07-06,Earned Leave,1,Approved
3636,1440,2025-03-08,Sick Leave,1,Approved
3637,1281,2025-09-11,Casual Leave,1,Pending
3638,1230,2025-06-27,Emergency Leave,3,Approved
3639,1058,2025-01-22,Sick Leave,1,Approved
3640,1252,2025-01-06,Emergency Leave,1,Approved
3641,1368,2025-06-25,,2,Approved
3642,1342,2025-04-02,Emergency Leave,1,Approved
3643,1328,2025-08-19,Sick Leave,1,Approved
3644,1476,2025-01-26,Emergency Leave,1,Pending
3645,1020,2025-03-25,Casual Leave,3,Pending
3646,1236,2025-06-11,Earned Leave,3,Approved
3647,1042,2025-07-19,Sick Leave,1,Approved
3648,1267,2025-04-16,Sick Leave,2,Approved
3649,1453,2025-07-28,Earned Leave,1,Rejected
3650,1064,2025-03-22,Earned Leave,1,Approved
3651,1361,2025-12-28,Casual Leave,1,Approved
3652,1288,2025-01-13,Earned Leave,1,Pending
3653,1446,2025-12-18,Casual Leave,1,Approved
3654,1408,2025-03-14,Sick Leave,1,Approved
3655,1211,2025-07-24,Emergency Leave,1,Approved
3656,1124,2025-03-23,Casual Leave,1,Approved
3657,1278,2025-11-11,Earned Leave,1,Approved
3658,1006,2025-07-19,Sick Leave,1,Approved
3659,1260,2025-05-26,Casual Leave,2,Approved
3660,1425,2025-04-19,Earned Leave,1,Rejected
3661,1027,2025-03-15,Sick Leave,1,Approved
3662,1318,2025-06-08,Sick Leave,1,Approved
3663,1250,2025-02-24,Sick Leave,2,Approved
3664,1086,2025-05-23,Casual Leave,1,Approved
3665,1033,2025-10-29,Sick Leave,1,Approved
3666,1404,2025-06-28,Sick Leave,1,Approved
3667,1005,2025-10-23,Earned Leave,1,Approved
3668,1076,2025-04-20,,1,Approved
3669,1099,2025-04-25,Emergency Leave,1,Approved
3670,1318,2025-02-06,Sick Leave,1,Approved
3671,1058,2025-07-04,Sick Leave,2,Approved
3672,1341,2025-10-31,Earned Leave,1,Approved
3673,1159,2025-10-16,Casual Leave,2,Approved
3674,1031,2025-03-06,Sick Leave,2,Approved
3675,1470,2025-10-05,Casual Leave,2,Approved
3676,1098,2025-01-07,Emergency Leave,1,Approved
3677,1157,2025-08-10,Earned Leave,1,Approved
3678,1045,2025-12-29,Emergency Leave,2,Approved
3679,1468,2025-12-24,Earned Leave,2,Approved
3680,1255,2025-12-30,Sick Leave,1,Approved
3681,1411,2025-02-09,Sick Leave,3,Approved
3682,1493,2025-08-09,Casual Leave,1,Approved
3683,1144,2025-06-08,Earned Leave,2,Approved
3684,1427,2025-01-12,Casual Leave,1,Pending
3685,1271,2025-09-25,Emergency Leave,2,Approved
3686,1280,2025-10-25,Earned Leave,1,Approved
3687,1061,2025-03-26,Casual Leave,1,Approved
3688,1395,2025-02-23,Sick Leave,1,Pending
3689,1212,2025-02-03,Earned Leave,1,Approved
3690,1235,2025-07-19,Earned Leave,1,Approved
3691,1041,2025-01-14,Casual Leave,1,Approved
3692,1169,2025-01-25,Emergency Leave,1,Approved
3693,1027,2025-08-14,Earned Leave,1,Approved
3694,1417,2025-12-09,Earned Leave,1,Approved
3695,1186,2025-04-10,Sick Leave,1,Approved
3696,1194,2025-04-03,Earned Leave,1,Pending
3697,1435,2025-04-23,Emergency Leave,1,Rejected
3698,1454,2025-11-17,Emergency Leave,1,Approved
3699,1357,2025-10-12,Emergency Leave,1,Approved
3700,1189,2025-08-14,Emergency Leave,1,Rejected
3701,1419,2025-06-23,Emergency Leave,1,Approved
3702,1482,2025-05-08,Casual Leave,1,Approved
3703,1203,2025-10-16,Sick Leave,1,Approved
3704,1201,2025-11-15,Sick Leave,1,Pending
3705,1127,2025-07-13,Emergency Leave,1,Approved
3706,1197,2025-07-02,Emergency Leave,2,Rejected
3707,1212,2025-12-17,Earned Leave,2,Approved
3708,1042,2025-12-27,Emergency Leave,1,Pending
3709,1281,2025-10-02,Emergency Leave,1,Approved
3710,1048,2025-12-04,Earned Leave,1,Approved
3711,1170,2025-07-19,Casual Leave,1,Approved
3712,1322,2025-10-05,Emergency Leave,1,Approved
3713,1457,2025-03-15,Earned Leave,1,Approved
3714,1471,2025-11-25,Emergency Leave,1,Pending
3715,1459,2025-09-14,Sick Leave,1,Approved
3716,1269,2025-01-27,Earned Leave,1,Approved
3717,1198,2025-05-10,Earned Leave,2,Approved
3718,1315,2025-03-27,Casual Leave,1,Approved
3719,1466,2025-10-15,Sick Leave,1,Rejected
3720,1375,2025-02-24,Earned Leave,1,Approved
3721,1183,2025-03-15,Sick Leave,2,Approved
3722,1395,2025-10-31,Sick Leave,1,Approved
3723,1355,2025-07-04,Casual Leave,1,Approved
3724,1169,2025-11-28,Emergency Leave,1,Pending
3725,1385,2025-09-25,Sick Leave,1,Pending
3726,1408,2025-01-07,Emergency Leave,1,Rejected
3727,1138,2025-04-24,Sick Leave,1,Approved
3728,1275,2025-04-27,Casual Leave,1,Approved
3729,1497,2025-05-18,Earned Leave,2,Approved
3730,1495,2025-01-09,Sick Leave,1,Rejected
3731,1362,2025-10-09,Earned Leave,1,Approved
3732,1307,2025-07-18,Emergency Leave,1,Approved
3733,1132,2025-01-11,Sick Leave,1,Approved
3734,1146,2025-11-04,Earned Leave,1,Approved
3735,1388,2025-06-27,Sick Leave,1,Rejected
3736,1453,2025-07-28,Earned Leave,1,Pending
3737,1375,2025-06-23,Casual Leave,2,Approved
3738,1364,2025-03-13,Sick Leave,1,Approved
3739,1424,2025-02-03,Sick Leave,1,Approved
3740,1292,2025-07-23,Casual Leave,1,Rejected
3741,1276,2025-09-26,Casual Leave,3,Approved
3742,1037,2025-05-16,Emergency Leave,1,Approved
3743,1096,2025-07-05,Earned Leave,2,Rejected
3744,1418,2025-06-11,Emergency Leave,2,Approved
3745,1231,2025-08-11,Casual Leave,1,Approved
3746,1369,2025-03-13,Emergency Leave,2,Approved
3747,1438,2025-06-05,Casual Leave,1,Rejected
3748,1481,2025-09-15,Sick Leave,2,Pending
3749,1452,2025-03-18,Earned Leave,1,Approved
3750,1127,2025-08-04,Earned Leave,1,Rejected
3751,1102,2025-09-23,Sick Leave,1,Approved
3752,1242,2025-02-16,Sick Leave,3,Approved
3753,1027,2025-08-20,Earned Leave,1,Approved
3754,1211,2025-09-07,Earned Leave,3,Rejected
3755,1344,2025-08-11,Earned Leave,1,Rejected
3756,1183,2025-08-18,Casual Leave,1,Approved
3757,1135,2025-03-30,Sick Leave,1,Approved
3758,1445,2025-01-09,Sick Leave,1,Approved
3759,1164,2025-07-27,Emergency Leave,1,Approved
3760,1097,2025-07-21,Casual Leave,1,Approved
3761,1333,2025-02-03,Sick Leave,1,Pending
3762,1323,2025-07-29,Earned Leave,2,Approved
3763,1172,2025-10-19,Emergency Leave,1,Approved
3764,1454,2025-12-06,Casual Leave,2,Approved
3765,1482,2025-12-24,Emergency Leave,2,Approved
3766,1088,2025-04-19,Emergency Leave,2,Approved
3767,1397,2025-07-30,Sick Leave,3,Rejected
3768,1210,2025-07-01,Casual Leave,1,Approved
3769,1446,2025-09-01,Earned Leave,1,Rejected
3770,1370,2025-09-17,Earned Leave,1,Rejected
3771,1357,2025-01-07,Earned Leave,1,Approved
3772,1155,2025-03-22,Emergency Leave,2,Approved
3773,1147,2025-06-16,Emergency Leave,2,Approved
3774,1142,2025-05-17,,1,Approved
3775,1452,2025-01-23,Sick Leave,2,Approved
3776,1297,2025-10-05,Casual Leave,1,Approved
3777,1204,2025-05-11,Emergency Leave,3,Approved
3778,1154,2025-03-21,Earned Leave,1,Approved
3779,1297,2025-01-30,Casual Leave,2,Approved
3780,1411,2025-11-06,Casual Leave,1,Rejected
3781,1362,2025-10-21,Casual Leave,1,Pending
3782,1274,2025-01-30,Emergency Leave,1,Approved
3783,1329,2025-10-25,Earned Leave,1,Rejected
3784,1010,2025-04-18,Earned Leave,1,Rejected
3785,1428,2025-09-06,Emergency Leave,1,Approved
3786,1133,2025-12-26,Casual Leave,1,Rejected
3787,1401,2025-03-15,Casual Leave,1,Approved
3788,1325,2025-08-18,Casual Leave,1,Approved
3789,1107,2025-12-30,Emergency Leave,1,Approved
3790,1326,2025-09-21,Earned Leave,1,Approved
3791,1257,2025-12-15,Sick Leave,1,Approved
3792,1392,2025-10-24,Sick Leave,1,Approved
3793,1092,2025-04-28,Casual Leave,1,Approved
3794,1077,2025-04-21,Earned Leave,1,Approved
3795,1260,2025-01-05,Emergency Leave,1,Approved
3796,1071,2025-08-20,Emergency Leave,1,Approved
3797,1461,2025-11-21,Emergency Leave,1,Approved
3798,1133,2025-05-13,Earned Leave,1,Approved
3799,1211,2025-03-29,Sick Leave,2,Pending
3800,1302,2025-03-03,Earned Leave,1,Approved
3801,1173,2025-01-01,Sick Leave,1,Rejected
3802,1100,2025-03-18,Earned Leave,2,Approved
3803,1336,2025-02-06,Emergency Leave,1,Approved
3804,1268,2025-04-24,Emergency Leave,1,Approved
3805,1435,2025-10-17,Earned Leave,1,Approved
3806,1244,2025-11-13,Sick Leave,1,Approved
3807,1346,2025-10-11,Sick Leave,1,Rejected
3808,1063,2025-07-31,Sick Leave,1,Rejected
3809,1467,2025-03-12,Casual Leave,1,Pending
3810,1432,2025-02-18,Casual Leave,1,Approved
3811,1253,2025-07-12,Casual Leave,1,Rejected
3812,1192,2025-07-12,Sick Leave,1,Approved
3813,1441,2025-09-12,Emergency Leave,1,Approved
3814,1401,2025-07-11,Sick Leave,1,Approved
3815,1180,2025-05-19,Casual Leave,1,Approved
3816,1149,2025-12-25,Casual Leave,2,Approved
3817,1351,2025-06-06,Emergency Leave,1,Approved
3818,1441,2025-01-22,Emergency Leave,2,Rejected
3819,1268,2025-02-24,Earned Leave,1,Approved
3820,1200,2025-07-25,Sick Leave,3,Approved
3821,1213,2025-08-10,Casual Leave,1,Approved
3822,1067,2025-08-18,Sick Leave,1,Approved
3823,1205,2025-05-03,Sick Leave,2,Rejected
3824,1121,2025-06-21,Emergency Leave,2,Approved
3825,1345,2025-08-30,Earned Leave,1,Approved
3826,1496,2025-04-19,Casual Leave,1,Approved
3827,1391,2025-08-17,Earned Leave,1,Rejected
3828,1339,2025-01-14,Sick Leave,1,Pending
3829,1130,2025-04-13,Sick Leave,2,Pending
3830,1093,2025-10-30,Emergency Leave,1,Rejected
3831,1423,2025-08-10,Sick Leave,1,Approved
3832,1394,2025-08-03,Earned Leave,1,Rejected
3833,1400,2025-03-31,Casual Leave,1,Approved
3834,1435,2025-11-02,Casual Leave,1,Approved
3835,1086,2025-03-29,Earned Leave,1,Approved
3836,1142,2025-10-11,Earned Leave,2,Approved
3837,1496,2025-11-26,Casual Leave,2,Approved
3838,1390,2025-05-04,Emergency Leave,1,Approved
3839,1330,2025-01-26,Emergency Leave,1,Approved
3840,1346,2025-01-06,Casual Leave,1,Approved
3841,1295,2025-10-14,Casual Leave,1,Approved
3842,1110,2025-06-22,Emergency Leave,1,Approved
3843,1248,2025-03-30,Casual Leave,1,Approved
3844,1400,2025-05-29,Sick Leave,1,Approved
3845,1119,2025-07-27,Emergency Leave,2,Approved
3846,1235,2025-02-23,Sick Leave,2,Approved
3847,1397,2025-07-22,Sick Leave,3,Approved
3848,1343,2025-01-23,Emergency Leave,1,Approved
3849,1286,2025-02-23,Casual Leave,1,Approved
3850,1198,2025-10-03,Casual Leave,1,Approved
3851,1330,2025-01-13,Casual Leave,1,Approved
3852,1020,2025-07-30,Casual Leave,1,Rejected
3853,1196,2025-01-20,Emergency Leave,1,Approved
3854,1190,2025-10-07,Emergency Leave,2,Approved
3855,1480,2025-10-03,Emergency Leave,1,Approved
3856,1442,2025-03-13,Emergency Leave,1,Approved
3857,1366,2025-04-30,Earned Leave,2,Approved
3858,1132,2025-10-28,Earned Leave,3,Approved
3859,1439,2025-05-17,Earned Leave,1,Approved
3860,1491,2025-06-16,Earned Leave,1,Approved
3861,1173,2025-03-29,Casual Leave,2,Approved
3862,1243,2025-04-03,Sick Leave,1,Approved
3863,1328,2025-08-30,Emergency Leave,1,Approved
3864,1175,2025-03-06,,1,Approved
3865,1012,2025-06-09,Sick Leave,1,Approved
3866,1017,2025-04-08,Sick Leave,1,Approved
3867,1459,2025-12-02,Sick Leave,1,Approved
3868,1171,2025-09-12,Sick Leave,2,Approved
3869,1490,2025-07-31,Casual Leave,3,Approved
3870,1400,2025-09-09,Earned Leave,2,Rejected
3871,1386,2025-11-25,Emergency Leave,1,Approved
3872,1204,2025-05-15,Emergency Leave,1,Approved
3873,1460,2025-10-25,Earned Leave,1,Approved
3874,1064,2025-08-03,Sick Leave,1,Approved
3875,1035,2025-10-12,Casual Leave,1,Approved
3876,1176,2025-06-18,Casual Leave,1,Approved
3877,1026,2025-07-24,Casual Leave,2,Approved
3878,1017,2025-11-27,Emergency Leave,1,Approved
3879,1495,2025-05-06,Sick Leave,1,Approved
3880,1250,2025-10-24,Earned Leave,1,Approved
3881,1210,2025-03-16,Sick Leave,1,Approved
3882,1076,2025-09-17,Earned Leave,1,Approved
3883,1377,2025-12-20,Emergency Leave,2,Approved
3884,1220,2025-05-26,Emergency Leave,1,Approved
3885,1087,2025-10-04,Emergency Leave,1,Pending
3886,1254,2025-06-20,Earned Leave,2,Pending
3887,1413,2025-11-05,Sick Leave,1,Approved
3888,1157,2025-07-25,Sick Leave,1,Approved
3889,1065,2025-03-08,Emergency Leave,1,Approved
3890,1108,2025-08-26,Earned Leave,1,Approved
3891,1068,2025-10-22,Sick Leave,2,Rejected
3892,1049,2025-10-31,Earned Leave,1,Pending
3893,1092,2025-04-13,Casual Leave,1,Rejected
3894,1379,2025-03-15,Emergency Leave,1,Approved
3895,1173,2025-05-27,Emergency Leave,2,Approved
3896,1035,2025-08-10,Emergency Leave,1,Pending
3897,1274,2025-09-26,Sick Leave,1,Approved
3898,1190,2025-06-15,Sick Leave,1,Pending
3899,1179,2025-08-29,Casual Leave,2,Rejected
3900,1082,2025-04-18,Emergency Leave,1,Approved
3901,1265,2025-02-16,Sick Leave,1,Approved
3902,1156,2025-10-22,Emergency Leave,1,Approved
3903,1379,2025-07-03,Casual Leave,1,Approved
3904,1124,2025-02-22,Sick Leave,1,Approved
3905,1124,2025-05-26,Casual Leave,2,Approved
3906,1447,2025-01-20,Earned Leave,2,Approved
3907,1441,2025-05-27,Sick Leave,1,Approved
3908,1080,2025-11-07,Casual Leave,1,Approved
3909,1090,2025-06-24,Sick Leave,2,Pending
3910,1262,2025-09-27,Casual Leave,1,Approved
3911,1212,2025-10-14,Sick Leave,1,Approved
3912,1013,2025-07-22,Earned Leave,1,Approved
3913,1139,2025-01-12,Casual Leave,2,Approved
3914,1050,2025-10-30,Emergency Leave,1,Rejected
3915,1196,2025-12-26,Earned Leave,1,Approved
3916,1436,2025-06-27,Earned Leave,1,Rejected
3917,1437,2025-10-15,Casual Leave,1,Pending
3918,1004,2025-10-07,Emergency Leave,1,Approved
3919,1080,2025-06-06,Sick Leave,1,Approved
3920,1010,2025-05-29,Casual Leave,1,Approved
3921,1456,2025-10-01,Casual Leave,1,Rejected
3922,1469,2025-01-03,Emergency Leave,1,Approved
3923,1171,2025-09-23,Casual Leave,1,Approved
3924,1200,2025-09-20,Earned Leave,1,Approved
3925,1041,2025-11-20,Earned Leave,1,Approved
3926,1023,2025-08-17,Emergency Leave,1,Approved
3927,1476,2025-09-18,Casual Leave,1,Approved
3928,1071,2025-10-08,Casual Leave,1,Approved
3929,1245,2025-05-26,Earned Leave,1,Approved
3930,1037,2025-05-09,Earned Leave,2,Approved
3931,1147,2025-08-07,Casual Leave,1,Approved
3932,1455,2025-12-13,Sick Leave,1,Approved
3933,1167,2025-08-02,Emergency Leave,3,Rejected
3934,1430,2025-01-18,Emergency Leave,1,Approved
3935,1439,2025-11-10,Sick Leave,1,Approved
3936,1362,2025-06-16,Casual Leave,1,Approved
3937,1310,2025-08-16,Sick Leave,1,Approved
3938,1338,2025-07-19,Earned Leave,1,Approved
3939,1375,2025-09-04,Casual Leave,1,Approved
3940,1412,2025-08-03,Sick Leave,1,Rejected
3941,1041,2025-11-17,Emergency Leave,3,Approved
3942,1137,2025-11-25,Casual Leave,1,Approved
3943,1496,2025-12-07,Casual Leave,3,Rejected
3944,1125,2025-11-14,Emergency Leave,1,Approved
3945,1282,2025-09-12,Sick Leave,1,Approved
3946,1091,2025-08-21,Casual Leave,1,Rejected
3947,1151,2025-01-15,Emergency Leave,1,Approved
3948,1499,2025-07-28,Casual Leave,1,Approved
3949,1052,2025-08-03,Emergency Leave,1,Rejected
3950,1135,2025-09-25,Earned Leave,1,Approved
3951,1119,2025-07-15,Casual Leave,1,Approved
3952,1237,2025-07-28,Sick Leave,2,Pending
3953,1021,2025-09-24,Emergency Leave,1,Approved
3954,1349,2025-09-28,Sick Leave,1,Rejected
3955,1155,2025-03-09,Sick Leave,1,Approved
3956,1136,2025-05-30,Sick Leave,1,Approved
3957,1226,2025-04-20,Sick Leave,1,Approved
3958,1256,2025-09-28,Earned Leave,1,Approved
3959,1093,2025-05-26,Earned Leave,1,Approved
3960,1197,2025-10-04,Casual Leave,2,Approved
3961,1346,2025-12-08,Earned Leave,2,Approved
3962,1176,2025-04-08,Sick Leave,1,Approved
3963,1360,2025-02-05,Casual Leave,1,Approved
3964,1177,2025-02-28,Emergency Leave,1,Approved
3965,1470,2025-06-11,Earned Leave,1,Approved
3966,1131,2025-10-23,Casual Leave,2,Pending
3967,1147,2025-05-18,Casual Leave,1,Approved
3968,1112,2025-08-04,Sick Leave,1,Rejected
3969,1456,2025-01-18,Earned Leave,1,Approved
3970,1272,2025-09-01,Earned Leave,1,Approved
3971,1264,2025-02-05,Casual Leave,2,Pending
3972,1220,2025-05-14,Sick Leave,1,Approved
3973,1220,2025-06-26,Earned Leave,1,Approved
3974,1081,2025-12-21,Casual Leave,2,Approved
3975,1057,2025-01-16,Emergency Leave,1,Approved
3976,1258,2025-02-10,Sick Leave,1,Pending
3977,1209,2025-03-09,Earned Leave,1,Approved
3978,1087,2025-04-16,Emergency Leave,1,Approved
3979,1347,2025-06-13,Sick Leave,1,Rejected
3980,1401,2025-04-02,Sick Leave,1,Approved
3981,1217,2025-04-10,Emergency Leave,1,Pending
3982,1377,2025-08-18,Earned Leave,2,Approved
3983,1431,2025-06-18,Casual Leave,1,Approved
3984,1036,2025-07-15,Emergency Leave,3,Approved
3985,1182,2025-01-08,Sick Leave,1,Approved
3986,1213,2025-06-21,Casual Leave,1,Approved
3987,1054,2025-09-08,Sick Leave,1,Approved
3988,1090,2025-02-16,Sick Leave,2,Pending
3989,1386,2025-07-06,Earned Leave,3,Rejected
3990,1213,2025-01-23,Earned Leave,1,Approved
3991,1285,2025-02-11,Sick Leave,3,Approved
3992,1199,2025-01-07,Earned Leave,2,Approved
3993,1391,2025-10-21,Sick Leave,1,Rejected
3994,1192,2025-07-07,Casual Leave,1,Pending
3995,1224,2025-03-14,Emergency Leave,1,Pending
3996,1411,2025-04-05,Casual Leave,1,Approved
3997,1208,2025-10-08,Sick Leave,1,Approved
3998,1429,2025-04-09,Earned Leave,1,Pending
3999,1310,2025-03-21,Casual Leave,3,Approved
4000,1440,2025-01-21,Earned Leave,1,Approved
4001,1266,2025-11-15,Emergency Leave,1,Approved
4002,1265,2025-06-28,Emergency Leave,1,Approved
4003,1075,2025-09-11,Sick Leave,1,Approved
4004,1259,2025-02-25,Sick Leave,3,Approved
4005,1163,2025-01-03,Casual Leave,1,Approved
4006,1086,2025-05-14,Emergency Leave,1,Rejected
4007,1138,2025-09-22,Emergency Leave,1,Approved
4008,1270,2025-01-16,Earned Leave,1,Approved
4009,1045,2025-06-12,Sick Leave,1,Approved
4010,1397,2025-05-25,Earned Leave,1,Approved
4011,1318,2025-07-01,Casual Leave,1,Approved
4012,1236,2025-05-02,Casual Leave,1,Approved
4013,1356,2025-05-10,Sick Leave,1,Approved
4014,1440,2025-09-23,Earned Leave,1,Approved
4015,1121,2025-10-25,Earned Leave,1,Approved
4016,1254,2025-10-09,Sick Leave,1,Approved
4017,1030,2025-12-05,Sick Leave,1,Approved
4018,1446,2025-05-31,Emergency Leave,1,Approved
4019,1312,2025-05-05,Emergency Leave,1,Approved
4020,1175,2025-05-10,Sick Leave,1,Approved
4021,1345,2025-03-10,Casual Leave,1,Approved
4022,1043,2025-08-01,Earned Leave,1,Rejected
4023,1370,2025-06-07,Earned Leave,2,Approved
4024,1329,2025-11-10,Sick Leave,1,Approved
4025,1271,2025-06-03,Emergency Leave,1,Approved
4026,1385,2025-09-14,Casual Leave,2,Approved
4027,1008,2025-03-14,Casual Leave,2,Pending
4028,1480,2025-01-10,Sick Leave,1,Approved
4029,1296,2025-05-14,Earned Leave,1,Pending
4030,1012,2025-08-20,Emergency Leave,1,Approved
4031,1216,2025-06-23,Sick Leave,1,Rejected
4032,1078,2025-11-16,Sick Leave,1,Approved
4033,1179,2025-08-04,Emergency Leave,1,Approved
4034,1364,2025-01-24,Casual Leave,2,Approved
4035,1309,2025-01-04,Earned Leave,1,Approved
4036,1104,2025-10-17,Sick Leave,1,Rejected
4037,1276,2025-07-07,Casual Leave,1,Approved
4038,1068,2025-03-02,Earned Leave,3,Rejected
4039,1163,2025-09-04,Sick Leave,1,Approved
4040,1154,2025-01-31,Emergency Leave,1,Rejected
4041,1460,2025-11-24,Emergency Leave,1,Approved
4042,1414,2025-05-25,Sick Leave,1,Approved
4043,1365,2025-06-23,Earned Leave,1,Approved
4044,1375,2025-05-10,Sick Leave,1,Pending
4045,1301,2025-12-27,Sick Leave,2,Pending
4046,1307,2025-06-11,Casual Leave,1,Approved
4047,1142,2025-04-30,Earned Leave,1,Approved
4048,1338,2025-12-04,Sick Leave,2,Approved
4049,1485,2025-04-23,Casual Leave,3,Approved
4050,1190,2025-01-13,Emergency Leave,1,Approved
4051,1160,2025-01-09,Earned Leave,1,Rejected
4052,1024,2025-06-13,Emergency Leave,1,Approved
4053,1253,2025-07-23,Emergency Leave,1,Approved
4054,1264,2025-02-16,Casual Leave,1,Approved
4055,1487,2025-10-10,Emergency Leave,1,Pending
4056,1262,2025-04-14,Sick Leave,2,Approved
4057,1087,2025-12-17,Sick Leave,2,Approved
4058,1145,2025-12-25,Earned Leave,3,Approved
4059,1198,2025-09-15,Emergency Leave,1,Rejected
4060,1261,2025-03-09,Casual Leave,1,Approved
4061,1144,2025-03-16,Sick Leave,1,Pending
4062,1315,2025-01-07,Sick Leave,1,Approved
4063,1405,2025-05-13,Emergency Leave,1,Approved
4064,1447,2025-06-16,Casual Leave,2,Approved
4065,1016,2025-01-22,Casual Leave,1,Approved
4066,1079,2025-10-27,Emergency Leave,1,Approved
4067,1314,2025-07-26,Sick Leave,1,Approved
4068,1455,2025-10-01,Sick Leave,1,Approved
4069,1351,2025-03-13,Earned Leave,1,Approved
4070,1156,2025-06-02,Emergency Leave,1,Approved
4071,1331,2025-04-17,Sick Leave,1,Approved
4072,1472,2025-11-07,Sick Leave,1,Approved
4073,1116,2025-08-17,Emergency Leave,1,Pending
4074,1202,2025-06-25,Earned Leave,1,Approved
4075,1361,2025-07-08,Casual Leave,1,Pending
4076,1479,2025-02-07,Earned Leave,1,Approved
4077,1197,2025-05-17,Emergency Leave,1,Approved
4078,1337,2025-04-14,Sick Leave,1,Approved
4079,1310,2025-03-29,Casual Leave,2,Approved
4080,1181,2025-11-19,Casual Leave,1,Approved
4081,1047,2025-10-08,Earned Leave,1,Approved
4082,1115,2025-11-19,Earned Leave,2,Rejected
4083,1240,2025-02-08,Sick Leave,3,Pending
4084,1021,2025-05-16,Emergency Leave,1,Pending
4085,1358,2025-03-24,Sick Leave,2,Approved
4086,1473,2025-01-04,Emergency Leave,1,Approved
4087,1262,2025-01-22,Sick Leave,2,Approved
4088,1002,2025-05-22,Earned Leave,1,Rejected
4089,1404,2025-06-16,Emergency Leave,1,Approved
4090,1495,2025-08-02,Casual Leave,1,Approved
4091,1053,2025-04-09,Earned Leave,1,Approved
4092,1469,2025-05-01,Emergency Leave,3,Approved
4093,1286,2025-10-06,Casual Leave,1,Pending
4094,1304,2025-05-02,Earned Leave,1,Pending
4095,1222,2025-10-16,Casual Leave,2,Approved
4096,1062,2025-04-21,Sick Leave,1,Pending
4097,1133,2025-10-25,Sick Leave,2,Approved
4098,1140,2025-03-22,Sick Leave,1,Pending
4099,1195,2025-10-17,Casual Leave,1,Approved
4100,1160,2025-09-13,Emergency Leave,1,Approved
4101,1041,2025-05-25,Casual Leave,1,Rejected
4102,1071,2025-06-10,Earned Leave,1,Approved
4103,1088,2025-11-14,Emergency Leave,1,Approved
4104,1246,2025-06-06,Sick Leave,1,Approved
4105,1212,2025-05-06,Sick Leave,1,Approved
4106,1251,2025-11-30,Sick Leave,1,Approved
4107,1187,2025-06-20,Sick Leave,1,Rejected
4108,1402,2025-06-27,Emergency Leave,1,Approved
4109,1298,2025-08-09,Sick Leave,1,Approved
4110,1152,2025-05-05,Earned Leave,1,Rejected
4111,1298,2025-02-25,Casual Leave,1,Approved
4112,1382,2025-02-08,Casual Leave,1,Approved
4113,1261,2025-04-03,Sick Leave,1,Approved
4114,1164,2025-11-24,Casual Leave,1,Approved
4115,1013,2025-09-16,Casual Leave,2,Approved
4116,1056,2025-10-14,Earned Leave,1,Approved
4117,1043,2025-05-13,Earned Leave,1,Approved
4118,1426,2025-03-31,Earned Leave,3,Rejected
4119,1139,2025-10-29,Sick Leave,2,Rejected
4120,1250,2025-04-11,Casual Leave,1,Approved
4121,1311,2025-08-26,Sick Leave,1,Approved
4122,1489,2025-07-18,Emergency Leave,2,Approved
4123,1129,2025-12-20,Sick Leave,1,Approved
4124,1073,2025-08-09,Sick Leave,2,Approved
4125,1080,2025-10-22,Casual Leave,1,Approved
4126,1075,2025-11-28,Sick Leave,1,Approved
4127,1281,2025-06-21,Emergency Leave,1,Approved
4128,1351,2025-02-07,Sick Leave,1,Approved
4129,1118,2025-12-08,Casual Leave,1,Approved
4130,1163,2025-07-15,Casual Leave,2,Approved
4131,1229,2025-09-21,Casual Leave,1,Approved
4132,1296,2025-06-17,Emergency Leave,1,Rejected
4133,1001,2025-05-22,Earned Leave,1,Approved
4134,1282,2025-11-24,Earned Leave,1,Approved
4135,1268,2025-06-09,Earned Leave,1,Approved
4136,1129,2025-07-27,Casual Leave,1,Approved
4137,1346,2025-06-16,Earned Leave,1,Approved
4138,1263,2025-06-03,Emergency Leave,1,Approved
4139,1237,2025-05-22,Casual Leave,2,Rejected
4140,1177,2025-12-31,Earned Leave,1,Approved
4141,1038,2025-05-09,Earned Leave,1,Approved
4142,1210,2025-07-31,Casual Leave,1,Approved
4143,1238,2025-10-02,Casual Leave,1,Approved
4144,1426,2025-07-28,Earned Leave,2,Approved
4145,1221,2025-01-08,Sick Leave,1,Approved
4146,1302,2025-12-19,Earned Leave,2,Approved
4147,1020,2025-11-16,Emergency Leave,1,Approved
4148,1293,2025-04-30,Sick Leave,1,Approved
4149,1178,2025-06-15,Emergency Leave,1,Approved
4150,1090,2025-10-26,Emergency Leave,1,Approved
4151,1245,2025-07-11,Earned Leave,1,Approved
4152,1311,2025-09-14,,1,Approved
4153,1262,2025-04-08,Sick Leave,2,Approved
4154,1192,2025-03-25,Sick Leave,1,Approved
4155,1480,2025-01-23,Emergency Leave,1,Approved
4156,1346,2025-12-19,Casual Leave,1,Approved
4157,1409,2025-05-09,Sick Leave,1,Approved
4158,1195,2025-01-15,,1,Approved
4159,1365,2025-04-13,Casual Leave,1,Approved
4160,1258,2025-07-10,Emergency Leave,1,Approved
4161,1169,2025-05-30,Emergency Leave,1,Approved
4162,1335,2025-10-13,Sick Leave,2,Approved
4163,1012,2025-11-05,Sick Leave,2,Rejected
4164,1419,2025-09-17,Earned Leave,1,Approved
4165,1384,2025-10-17,Sick Leave,1,Pending
4166,1188,2025-07-01,Sick Leave,1,Rejected
4167,1410,2025-12-08,Emergency Leave,1,Approved
4168,1236,2025-03-06,Casual Leave,3,Approved
4169,1194,2025-11-10,Earned Leave,1,Approved
4170,1364,2025-02-22,Emergency Leave,1,Approved
4171,1351,2025-07-06,Emergency Leave,1,Approved
4172,1219,2025-07-20,Casual Leave,1,Approved
4173,1037,2025-02-24,Casual Leave,2,Approved
4174,1072,2025-08-21,Casual Leave,2,Approved
4175,1208,2025-12-23,Casual Leave,1,Approved
4176,1094,2025-08-23,Earned Leave,3,Approved
4177,1494,2025-07-19,Earned Leave,2,Approved
4178,1495,2025-08-24,Earned Leave,2,Approved
4179,1329,2025-08-26,Emergency Leave,1,Approved
4180,1405,2025-05-20,Sick Leave,1,Approved
4181,1402,2025-11-10,Casual Leave,2,Approved
4182,1227,2025-12-11,Casual Leave,1,Approved
4183,1262,2025-03-22,,2,Approved
4184,1336,2025-02-21,Earned Leave,1,Approved
4185,1347,2025-01-14,Emergency Leave,1,Rejected
4186,1148,2025-08-10,Sick Leave,3,Approved
4187,1117,2025-02-24,Casual Leave,1,Approved
4188,1393,2025-03-11,Emergency Leave,1,Approved
4189,1335,2025-07-13,Casual Leave,1,Approved
4190,1059,2025-11-11,Earned Leave,1,Approved
4191,1159,2025-05-24,Sick Leave,2,Pending
4192,1002,2025-10-22,Sick Leave,1,Approved
4193,1471,2025-09-18,Earned Leave,1,Approved
4194,1094,2025-01-22,Sick Leave,2,Approved
4195,1432,2025-01-20,Casual Leave,1,Approved
4196,1267,2025-03-25,Emergency Leave,2,Approved
4197,1005,2025-06-22,Sick Leave,2,Approved
4198,1442,2025-05-23,Emergency Leave,1,Approved
4199,1428,2025-06-24,Casual Leave,1,Approved
4200,1267,2025-12-21,Emergency Leave,2,Pending
4201,1271,2025-04-07,Earned Leave,1,Approved
4202,1017,2025-06-25,Casual Leave,2,Approved
4203,1428,2025-07-18,Earned Leave,1,Approved
4204,1234,2025-10-09,Casual Leave,1,Approved
4205,1322,2025-11-19,Casual Leave,1,Approved
4206,1112,2025-12-01,Casual Leave,1,Approved
4207,1273,2025-09-09,Sick Leave,1,Rejected
4208,1261,2025-04-30,Casual Leave,1,Rejected
4209,1172,2025-11-05,Casual Leave,1,Approved
4210,1322,2025-02-21,Emergency Leave,1,Approved
4211,1235,2025-07-25,Sick Leave,2,Approved
4212,1348,2025-10-28,Earned Leave,1,Rejected
4213,1234,2025-04-30,Earned Leave,1,Approved
4214,1026,2025-10-30,Emergency Leave,2,Approved
4215,1033,2025-06-18,Casual Leave,1,Approved
4216,1008,2025-07-01,Earned Leave,1,Approved
4217,1411,2025-07-22,Emergency Leave,1,Approved
4218,1316,2025-08-02,Emergency Leave,1,Approved
4219,1416,2025-01-20,Sick Leave,1,Rejected
4220,1421,2025-04-27,Emergency Leave,1,Pending
4221,1456,2025-06-19,Casual Leave,1,Approved
4222,1096,2025-01-31,Emergency Leave,1,Approved
4223,1189,2025-07-23,Sick Leave,1,Approved
4224,1310,2025-04-12,Casual Leave,1,Approved
4225,1303,2025-07-22,Earned Leave,1,Pending
4226,1149,2025-02-09,Earned Leave,1,Approved
4227,1443,2025-11-23,Sick Leave,1,Pending
4228,1131,2025-08-14,Casual Leave,3,Approved
4229,1089,2025-04-24,Earned Leave,1,Approved
4230,1153,2025-06-10,Sick Leave,1,Approved
4231,1096,2025-09-30,Earned Leave,1,Approved
4232,1065,2025-03-02,Earned Leave,1,Rejected
4233,1490,2025-06-13,Earned Leave,1,Approved
4234,1144,2025-05-19,Earned Leave,1,Approved
4235,1046,2025-03-03,Earned Leave,1,Approved
4236,1370,2025-02-03,Casual Leave,1,Approved
4237,1400,2025-08-30,Emergency Leave,1,Pending
4238,1210,2025-09-27,Casual Leave,2,Approved
4239,1235,2025-10-02,Emergency Leave,1,Approved
4240,1392,2025-02-28,Emergency Leave,1,Approved
4241,1209,2025-07-16,Casual Leave,2,Approved
4242,1227,2025-02-21,Casual Leave,2,Rejected
4243,1209,2025-06-12,Sick Leave,1,Approved
4244,1448,2025-04-04,Earned Leave,1,Approved
4245,1258,2025-04-05,Earned Leave,1,Approved
4246,1390,2025-05-02,Casual Leave,1,Approved
4247,1125,2025-05-30,Casual Leave,3,Approved
4248,1325,2025-08-01,Emergency Leave,2,Approved
4249,1041,2025-10-31,Casual Leave,1,Approved
4250,1179,2025-10-31,Earned Leave,1,Approved
4251,1115,2025-05-05,Emergency Leave,1,Rejected
4252,1376,2025-10-15,Sick Leave,1,Approved
4253,1007,2025-08-08,Casual Leave,1,Approved
4254,1148,2025-03-29,Emergency Leave,1,Approved
4255,1182,2025-01-09,Emergency Leave,2,Approved
4256,1162,2025-11-25,Sick Leave,2,Approved
4257,1202,2025-09-24,Emergency Leave,1,Approved
4258,1433,2025-12-21,Sick Leave,1,Approved
4259,1342,2025-04-04,Sick Leave,1,Approved
4260,1028,2025-01-11,Casual Leave,2,Approved
4261,1262,2025-02-20,Casual Leave,1,Approved
4262,1003,2025-06-13,Casual Leave,2,Approved
4263,1073,2025-02-13,Casual Leave,1,Approved
4264,1497,2025-03-10,Earned Leave,1,Approved
4265,1049,2025-05-24,Earned Leave,1,Approved
4266,1044,2025-06-24,Casual Leave,1,Approved
4267,1400,2025-01-10,Sick Leave,1,Approved
4268,1220,2025-05-17,Sick Leave,1,Approved
4269,1370,2025-04-11,Emergency Leave,1,Rejected
4270,1266,2025-04-25,Casual Leave,1,Approved
4271,1386,2025-07-24,Earned Leave,1,Approved
4272,1313,2025-06-26,Sick Leave,1,Approved
4273,1491,2025-05-25,Sick Leave,1,Approved
4274,1481,2025-10-08,Earned Leave,1,Approved
4275,1359,2025-08-12,Casual Leave,1,Approved
4276,1182,2025-03-01,Sick Leave,1,Approved
4277,1290,2025-01-02,Emergency Leave,3,Approved
4278,1107,2025-08-28,Emergency Leave,1,Approved
4279,1333,2025-08-28,Earned Leave,1,Approved
4280,1141,2025-06-23,Sick Leave,1,Pending
4281,1067,2025-05-17,Emergency Leave,1,Approved
4282,1141,2025-09-16,Emergency Leave,2,Pending
4283,1422,2025-08-04,Sick Leave,2,Approved
4284,1396,2025-05-11,Earned Leave,3,Approved
4285,1460,2025-01-31,Emergency Leave,2,Rejected
4286,1145,2025-02-23,Emergency Leave,1,Approved
4287,1034,2025-06-11,Sick Leave,1,Rejected
4288,1096,2025-07-25,Sick Leave,1,Rejected
4289,1133,2025-06-29,Sick Leave,1,Approved
4290,1018,2025-03-05,Sick Leave,1,Approved
4291,1328,2025-07-02,Earned Leave,1,Approved
4292,1470,2025-02-15,Emergency Leave,1,Approved
4293,1118,2025-07-21,Casual Leave,1,Approved
4294,1340,2025-09-28,Emergency Leave,3,Rejected
4295,1204,2025-11-20,Earned Leave,1,Approved
4296,1350,2025-12-22,Earned Leave,1,Approved
4297,1331,2025-02-03,Sick Leave,2,Approved
4298,1369,2025-08-18,Emergency Leave,1,Approved
4299,1466,2025-03-24,Sick Leave,2,Approved
4300,1116,2025-11-25,Sick Leave,2,Approved
4301,1481,2025-11-02,Casual Leave,1,Pending
4302,1299,2025-07-14,Emergency Leave,1,Approved
4303,1427,2025-06-12,Emergency Leave,1,Approved
4304,1180,2025-10-12,Emergency Leave,2,Approved
4305,1044,2025-12-14,Emergency Leave,1,Approved
4306,1122,2025-04-19,Casual Leave,1,Approved
4307,1282,2025-03-19,Emergency Leave,1,Approved
4308,1040,2025-06-03,Emergency Leave,1,Approved
4309,1281,2025-11-17,Emergency Leave,1,Pending
4310,1115,2025-12-26,Casual Leave,1,Approved
4311,1008,2025-11-24,Sick Leave,1,Pending
4312,1140,2025-08-03,Casual Leave,2,Approved
4313,1263,2025-11-09,Sick Leave,1,Approved
4314,1357,2025-01-27,Emergency Leave,1,Approved
4315,1451,2025-08-18,Emergency Leave,3,Approved
4316,1066,2025-09-07,Earned Leave,1,Approved
4317,1422,2025-11-24,Casual Leave,1,Approved
4318,1421,2025-10-25,Emergency Leave,1,Approved
4319,1351,2025-12-05,Casual Leave,1,Approved
4320,1437,2025-12-30,Sick Leave,1,Approved
4321,1255,2025-12-17,Earned Leave,2,Approved
4322,1427,2025-08-09,Emergency Leave,1,Approved
4323,1261,2025-01-11,Earned Leave,2,Approved
4324,1394,2025-02-22,Emergency Leave,2,Rejected
4325,1057,2025-01-08,Earned Leave,1,Approved
4326,1373,2025-10-25,Earned Leave,1,Rejected
4327,1119,2025-07-20,Earned Leave,3,Rejected
4328,1055,2025-08-11,Earned Leave,1,Approved
4329,1006,2025-05-17,Emergency Leave,1,Rejected
4330,1117,2025-03-05,Sick Leave,3,Rejected
4331,1118,2025-09-01,Earned Leave,2,Approved
4332,1286,2025-08-04,Sick Leave,2,Approved
4333,1231,2025-02-22,Emergency Leave,1,Rejected
4334,1128,2025-07-13,Emergency Leave,1,Pending
4335,1478,2025-03-18,Casual Leave,2,Approved
4336,1303,2025-01-15,Emergency Leave,3,Rejected
4337,1349,2025-11-26,Earned Leave,2,Approved
4338,1202,2025-12-28,Casual Leave,1,Approved
4339,1360,2025-08-28,Sick Leave,3,Rejected
4340,1461,2025-05-13,Emergency Leave,1,Approved
4341,1096,2025-10-01,Casual Leave,3,Approved
4342,1122,2025-05-27,Emergency Leave,2,Approved
4343,1202,2025-10-08,Casual Leave,1,Pending
4344,1087,2025-01-24,Emergency Leave,1,Approved
4345,1148,2025-11-18,Emergency Leave,3,Approved
4346,1269,2025-07-18,Emergency Leave,1,Approved
4347,1337,2025-05-10,Emergency Leave,1,Approved
4348,1312,2025-04-18,Casual Leave,1,Approved
4349,1430,2025-03-23,Sick Leave,1,Approved
4350,1334,2025-09-18,Casual Leave,1,Approved
4351,1462,2025-12-21,Casual Leave,1,Approved
4352,1326,2025-05-02,Emergency Leave,2,Approved
4353,1340,2025-01-14,Emergency Leave,1,Approved
4354,1496,2025-09-29,Emergency Leave,1,Rejected
4355,1293,2025-11-15,Sick Leave,1,Approved
4356,1444,2025-11-16,Earned Leave,2,Approved
4357,1262,2025-10-31,Sick Leave,2,Approved
4358,1032,2025-11-05,Casual Leave,1,Pending
4359,1402,2025-08-13,Sick Leave,1,Rejected
4360,1147,2025-04-24,Earned Leave,1,Approved
4361,1133,2025-02-19,Earned Leave,1,Pending
4362,1108,2025-06-05,Emergency Leave,1,Approved
4363,1418,2025-04-22,Casual Leave,1,Approved
4364,1305,2025-01-27,Sick Leave,1,Approved
4365,1094,2025-01-06,Earned Leave,3,Approved
4366,1379,2025-07-04,Earned Leave,1,Approved
4367,1406,2025-07-30,Casual Leave,2,Rejected
4368,1353,2025-09-02,Casual Leave,1,Rejected
4369,1463,2025-05-04,Casual Leave,1,Approved
4370,1347,2025-10-08,Sick Leave,1,Approved
4371,1197,2025-02-22,Earned Leave,2,Approved
4372,1380,2025-01-17,Casual Leave,2,Approved
4373,1036,2025-08-04,Earned Leave,2,Approved
4374,1049,2025-08-31,Earned Leave,1,Approved
4375,1239,2025-01-02,Earned Leave,1,Rejected
4376,1169,2025-11-19,Emergency Leave,2,Pending
4377,1072,2025-07-29,Casual Leave,3,Approved
4378,1342,2025-12-13,Casual Leave,1,Rejected
4379,1164,2025-10-18,Earned Leave,1,Approved
4380,1124,2025-04-01,Casual Leave,1,Approved
4381,1204,2025-07-01,Sick Leave,1,Approved
4382,1080,2025-03-05,Sick Leave,1,Approved
4383,1197,2025-01-10,Earned Leave,1,Rejected
4384,1451,2025-09-09,Emergency Leave,1,Rejected
4385,1168,2025-08-15,Earned Leave,1,Approved
4386,1397,2025-03-31,Earned Leave,2,Approved
4387,1376,2025-04-17,Emergency Leave,1,Approved
4388,1196,2025-08-27,Casual Leave,2,Approved
4389,1453,2025-10-29,Casual Leave,1,Approved
4390,1324,2025-04-20,Sick Leave,1,Approved
4391,1312,2025-12-03,Emergency Leave,1,Approved
4392,1449,2025-11-21,Emergency Leave,1,Pending
4393,1003,2025-02-26,Earned Leave,2,Approved
4394,1437,2025-12-10,Sick Leave,1,Approved
4395,1175,2025-06-12,Casual Leave,2,Approved
4396,1344,2025-04-15,Casual Leave,1,Rejected
4397,1392,2025-04-13,Emergency Leave,1,Approved
4398,1164,2025-03-23,Emergency Leave,1,Approved
4399,1333,2025-10-31,Casual Leave,1,Approved
4400,1363,2025-06-10,Emergency Leave,1,Pending
4401,1108,2025-04-04,Emergency Leave,1,Approved
4402,1156,2025-09-06,Sick Leave,1,Pending
4403,1233,2025-01-22,Casual Leave,3,Rejected
4404,1119,2025-05-17,Earned Leave,1,Approved
4405,1396,2025-05-11,Casual Leave,2,Approved
4406,1171,2025-03-14,Emergency Leave,2,Approved
4407,1019,2025-06-07,Sick Leave,1,Approved
4408,1471,2025-10-13,Casual Leave,2,Pending
4409,1449,2025-03-16,Earned Leave,1,Approved
4410,1430,2025-04-09,Sick Leave,1,Approved
4411,1087,2025-04-12,Emergency Leave,1,Approved
4412,1497,2025-07-14,Casual Leave,2,Approved
4413,1252,2025-12-30,Emergency Leave,1,Approved
4414,1217,2025-08-26,Emergency Leave,1,Pending
4415,1310,2025-01-01,Casual Leave,1,Rejected
4416,1437,2025-03-10,Casual Leave,1,Approved
4417,1119,2025-02-20,Sick Leave,1,Approved
4418,1281,2025-03-02,Earned Leave,1,Pending
4419,1463,2025-04-03,Casual Leave,1,Approved
4420,1222,2025-11-09,Emergency Leave,1,Approved
4421,1391,2025-12-28,Emergency Leave,1,Approved
4422,1036,2025-08-22,Sick Leave,1,Approved
4423,1375,2025-01-19,Sick Leave,2,Approved
4424,1341,2025-03-27,Casual Leave,1,Approved
4425,1045,2025-05-05,Casual Leave,1,Approved
4426,1118,2025-02-26,Emergency Leave,1,Rejected
4427,1282,2025-06-27,Casual Leave,1,Approved
4428,1300,2025-03-14,Sick Leave,1,Approved
4429,1364,2025-06-28,Casual Leave,1,Approved
4430,1164,2025-09-08,Casual Leave,2,Pending
4431,1451,2025-12-23,Emergency Leave,2,Approved
4432,1146,2025-10-10,Sick Leave,1,Approved
4433,1259,2025-03-15,Casual Leave,1,Approved
4434,1215,2025-02-08,Earned Leave,1,Approved
4435,1358,2025-07-31,Casual Leave,1,Approved
4436,1073,2025-12-10,Casual Leave,1,Approved
4437,1454,2025-11-04,Casual Leave,1,Approved
4438,1314,2025-07-02,Sick Leave,1,Pending
4439,1335,2025-07-25,Earned Leave,1,Approved
4440,1183,2025-05-17,Sick Leave,1,Approved
4441,1142,2025-11-21,Casual Leave,1,Approved
4442,1051,2025-10-18,Sick Leave,1,Approved
4443,1229,2025-10-07,Sick Leave,1,Pending
4444,1406,2025-05-25,Sick Leave,1,Approved
4445,1267,2025-09-23,Casual Leave,1,Approved
4446,1202,2025-12-30,Casual Leave,1,Approved
4447,1287,2025-04-11,Sick Leave,3,Approved
4448,1167,2025-03-13,Sick Leave,1,Approved
4449,1391,2025-04-19,Sick Leave,1,Approved
4450,1160,2025-07-16,Emergency Leave,1,Approved
4451,1162,2025-12-02,Sick Leave,1,Approved
4452,1207,2025-05-13,Emergency Leave,2,Pending
4453,1014,2025-12-30,Casual Leave,1,Approved
4454,1070,2025-04-27,Sick Leave,1,Approved
4455,1468,2025-02-17,Emergency Leave,2,Approved
4456,1470,2025-06-10,Sick Leave,1,Approved
4457,1489,2025-02-24,Emergency Leave,1,Approved
4458,1106,2025-01-05,Emergency Leave,2,Pending
4459,1065,2025-10-27,Earned Leave,1,Approved
4460,1453,2025-01-20,Earned Leave,1,Approved
4461,1286,2025-04-10,Casual Leave,1,Approved
4462,1429,2025-08-16,Emergency Leave,2,Approved
4463,1077,2025-12-10,Emergency Leave,1,Rejected
4464,1364,2025-12-09,Earned Leave,1,Rejected
4465,1355,2025-06-17,Earned Leave,2,Approved
4466,1217,2025-03-26,Earned Leave,3,Approved
4467,1174,2025-02-14,Casual Leave,1,Approved
4468,1337,2025-07-04,Sick Leave,1,Approved
4469,1420,2025-03-29,Sick Leave,1,Approved
4470,1327,2025-07-22,Casual Leave,1,Pending
4471,1497,2025-05-20,Sick Leave,1,Approved
4472,1475,2025-02-08,Sick Leave,1,Approved
4473,1352,2025-12-22,Sick Leave,1,Approved
4474,1158,2025-05-06,Emergency Leave,1,Approved
4475,1265,2025-07-27,Earned Leave,1,Approved
4476,1250,2025-05-01,Sick Leave,1,Approved
4477,1230,2025-03-13,Emergency Leave,3,Approved
4478,1199,2025-09-13,Sick Leave,1,Approved
4479,1109,2025-12-17,Earned Leave,1,Rejected
4480,1342,2025-03-04,Sick Leave,1,Approved
4481,1142,2025-12-06,Earned Leave,1,Rejected
4482,1452,2025-08-21,Casual Leave,1,Approved
4483,1087,2025-07-05,Casual Leave,3,Approved
4484,1127,2025-06-11,Earned Leave,1,Approved
4485,1433,2025-10-26,Sick Leave,1,Approved
4486,1410,2025-07-26,Casual Leave,1,Approved
4487,1183,2025-09-23,Casual Leave,2,Approved
4488,1135,2025-09-20,Emergency Leave,1,Approved
4489,1207,2025-09-23,Sick Leave,1,Approved
4490,1495,2025-06-23,Sick Leave,1,Pending
4491,1427,2025-07-31,Emergency Leave,1,Approved
4492,1018,2025-10-14,Casual Leave,1,Rejected
4493,1445,2025-07-28,Emergency Leave,1,Approved
4494,1042,2025-09-19,Casual Leave,2,Approved
4495,1448,2025-05-21,Emergency Leave,3,Rejected
4496,1486,2025-02-28,Emergency Leave,1,Approved
4497,1071,2025-10-10,Earned Leave,1,Approved
4498,1334,2025-07-18,Earned Leave,1,Approved
4499,1198,2025-07-07,Emergency Leave,1,Approved
4500,1463,2025-02-24,Emergency Leave,2,Pending
4501,1017,2025-08-24,Earned Leave,1,Approved
4502,1315,2025-02-27,Emergency Leave,1,Approved
4503,1456,2025-11-23,Casual Leave,1,Approved
4504,1439,2025-12-21,Emergency Leave,1,Approved
4505,1140,2025-04-22,Sick Leave,1,Approved
4506,1078,2025-09-15,Sick Leave,3,Rejected
4507,1142,2025-11-07,Earned Leave,2,Rejected
4508,1030,2025-03-26,Sick Leave,1,Approved
4509,1031,2025-11-12,Emergency Leave,1,Approved
4510,1028,2025-10-31,Casual Leave,1,Pending
4511,1485,2025-09-29,Casual Leave,1,Approved
4512,1377,2025-12-21,Emergency Leave,1,Approved
4513,1316,2025-03-15,Sick Leave,1,Approved
4514,1284,2025-06-03,Sick Leave,1,Approved
4515,1381,2025-04-03,Casual Leave,1,Approved
4516,1178,2025-10-15,Earned Leave,1,Approved
4517,1178,2025-04-20,Earned Leave,1,Approved
4518,1483,2025-07-08,Sick Leave,1,Approved
4519,1454,2025-09-04,Sick Leave,1,Approved
4520,1394,2025-10-17,Emergency Leave,1,Approved
4521,1410,2025-07-16,Sick Leave,1,Approved
4522,1098,2025-10-07,Earned Leave,1,Approved
4523,1107,2025-11-16,Earned Leave,1,Approved
4524,1217,2025-04-05,Earned Leave,1,Approved
4525,1436,2025-10-26,Earned Leave,2,Approved
4526,1200,2025-07-11,Casual Leave,2,Approved
4527,1227,2025-02-11,Emergency Leave,1,Approved
4528,1102,2025-09-26,Casual Leave,1,Approved
4529,1457,2025-06-21,Sick Leave,1,Approved
4530,1188,2025-06-16,Emergency Leave,1,Rejected
4531,1450,2025-08-21,Sick Leave,1,Approved
4532,1483,2025-05-27,Earned Leave,1,Approved
4533,1257,2025-09-28,Casual Leave,2,Approved
4534,1168,2025-09-21,Earned Leave,2,Pending
4535,1076,2025-11-17,Casual Leave,1,Approved
4536,1438,2025-10-02,Sick Leave,2,Approved
4537,1143,2025-09-11,Casual Leave,1,Approved
4538,1433,2025-08-26,Casual Leave,1,Approved
4539,1082,2025-03-07,Earned Leave,1,Approved
4540,1181,2025-09-09,Earned Leave,2,Approved
4541,1142,2025-03-26,Emergency Leave,1,Approved
4542,1036,2025-06-13,Sick Leave,1,Rejected
4543,1393,2025-12-05,Sick Leave,2,Approved
4544,1288,2025-01-14,Sick Leave,1,Approved
4545,1477,2025-07-16,Earned Leave,1,Approved
4546,1484,2025-09-15,Emergency Leave,1,Approved
4547,1488,2025-01-13,Casual Leave,3,Approved
4548,1194,2025-04-01,Emergency Leave,1,Approved
4549,1226,2025-05-01,Earned Leave,3,Approved
4550,1271,2025-09-29,Emergency Leave,1,Approved
4551,1244,2025-08-12,Emergency Leave,2,Approved
4552,1447,2025-01-09,Sick Leave,1,Approved
4553,1038,2025-05-08,Earned Leave,1,Pending
4554,1042,2025-08-18,Emergency Leave,1,Approved
4555,1013,2025-08-21,Sick Leave,1,Approved
4556,1325,2025-07-18,Casual Leave,2,Approved
4557,1192,2025-08-14,Earned Leave,1,Pending
4558,1161,2025-06-25,Emergency Leave,1,Approved
4559,1223,2025-11-13,Casual Leave,1,Approved
4560,1350,2025-05-18,Casual Leave,2,Pending
4561,1149,2025-08-01,Earned Leave,1,Approved
4562,1284,2025-05-18,Casual Leave,1,Approved
4563,1485,2025-05-06,Emergency Leave,1,Approved
4564,1227,2025-03-05,Earned Leave,1,Rejected
4565,1493,2025-10-14,Earned Leave,1,Approved
4566,1005,2025-02-08,Emergency Leave,1,Rejected
4567,1139,2025-08-30,Sick Leave,1,Approved
4568,1461,2025-09-29,Earned Leave,1,Approved
4569,1374,2025-05-27,Earned Leave,1,Approved
4570,1290,2025-08-12,Sick Leave,1,Rejected
4571,1085,2025-03-31,Casual Leave,3,Approved
4572,1038,2025-11-30,Earned Leave,1,Approved
4573,1336,2025-01-10,Emergency Leave,1,Approved
4574,1299,2025-04-27,Earned Leave,1,Approved
4575,1136,2025-10-25,Emergency Leave,1,Pending
4576,1405,2025-06-15,Emergency Leave,1,Approved
4577,1447,2025-11-19,Emergency Leave,1,Approved
4578,1395,2025-07-19,Emergency Leave,1,Approved
4579,1104,2025-07-24,Casual Leave,1,Approved
4580,1216,2025-06-05,Earned Leave,1,Approved
4581,1215,2025-10-30,Earned Leave,1,Approved
4582,1446,2025-05-03,Sick Leave,2,Approved
4583,1022,2025-08-12,Casual Leave,1,Approved
4584,1111,2025-01-16,Earned Leave,2,Approved
4585,1285,2025-11-19,Sick Leave,1,Approved
4586,1440,2025-01-13,Emergency Leave,1,Approved
4587,1037,2025-03-13,Earned Leave,1,Approved
4588,1022,2025-12-20,Earned Leave,1,Pending
4589,1458,2025-11-12,Casual Leave,1,Approved
4590,1375,2025-07-10,Earned Leave,2,Approved
4591,1226,2025-11-05,Sick Leave,1,Approved
4592,1209,2025-02-16,Emergency Leave,1,Rejected
4593,1065,2025-03-29,Casual Leave,1,Approved
4594,1301,2025-05-25,Casual Leave,1,Approved
4595,1245,2025-12-08,Sick Leave,1,Approved
4596,1134,2025-01-13,Casual Leave,2,Approved
4597,1157,2025-04-05,Earned Leave,1,Rejected
4598,1413,2025-05-25,Earned Leave,1,Approved
4599,1257,2025-07-23,Earned Leave,1,Approved
4600,1478,2025-01-31,Casual Leave,1,Approved
4601,1167,2025-09-06,Casual Leave,1,Rejected
4602,1204,2025-11-26,Casual Leave,1,Approved
4603,1151,2025-06-16,Casual Leave,1,Approved
4604,1076,2025-01-15,Sick Leave,1,Approved
4605,1168,2025-03-06,Earned Leave,1,Approved
4606,1320,2025-03-12,Sick Leave,1,Rejected
4607,1283,2025-06-03,Earned Leave,1,Approved
4608,1157,2025-12-01,Earned Leave,1,Approved
4609,1284,2025-04-18,Earned Leave,1,Approved
4610,1232,2025-02-12,Emergency Leave,1,Approved
4611,1155,2025-09-16,Earned Leave,2,Pending
4612,1318,2025-08-30,Emergency Leave,1,Approved
4613,1492,2025-07-10,Emergency Leave,1,Approved
4614,1037,2025-12-27,Casual Leave,1,Approved
4615,1499,2025-03-21,Casual Leave,1,Approved
4616,1117,2025-09-20,Sick Leave,3,Pending
4617,1229,2025-04-09,Casual Leave,1,Approved
4618,1439,2025-03-19,Emergency Leave,1,Approved
4619,1429,2025-05-05,Emergency Leave,1,Rejected
4620,1057,2025-09-29,Casual Leave,1,Approved
4621,1247,2025-02-16,Emergency Leave,1,Approved
4622,1003,2025-10-20,Casual Leave,2,Approved
4623,1263,2025-09-08,Earned Leave,2,Approved
4624,1306,2025-08-13,Emergency Leave,1,Pending
4625,1092,2025-08-12,Sick Leave,1,Pending
4626,1209,2025-12-03,Sick Leave,1,Approved
4627,1479,2025-03-30,Sick Leave,1,Approved
4628,1112,2025-11-02,Emergency Leave,2,Approved
4629,1360,2025-12-03,Casual Leave,1,Approved
4630,1059,2025-11-14,Casual Leave,1,Rejected
4631,1184,2025-05-15,Sick Leave,2,Approved
4632,1214,2025-11-27,Emergency Leave,1,Rejected
4633,1284,2025-10-25,Casual Leave,2,Approved
4634,1054,2025-10-30,Sick Leave,2,Pending
4635,1248,2025-11-18,Emergency Leave,2,Pending
4636,1025,2025-12-16,Casual Leave,1,Pending
4637,1120,2025-02-09,Emergency Leave,2,Approved
4638,1170,2025-05-08,Emergency Leave,1,Rejected
4639,1187,2025-04-25,Casual Leave,3,Approved
4640,1087,2025-05-21,Casual Leave,2,Approved
4641,1042,2025-10-27,Earned Leave,1,Approved
4642,1045,2025-11-05,,2,Approved
4643,1370,2025-05-06,Emergency Leave,2,Approved
4644,1131,2025-09-16,Casual Leave,1,Approved
4645,1465,2025-10-23,Casual Leave,1,Approved
4646,1095,2025-12-26,Emergency Leave,1,Approved
4647,1311,2025-11-30,Emergency Leave,1,Approved
4648,1076,2025-06-21,Casual Leave,1,Approved
4649,1487,2025-01-20,Earned Leave,1,Approved
4650,1412,2025-02-27,Casual Leave,1,Approved
4651,1160,2025-12-30,Casual Leave,1,Approved
4652,1099,2025-08-05,Earned Leave,2,Approved
4653,1457,2025-02-05,Emergency Leave,1,Approved
4654,1360,2025-08-27,Sick Leave,1,Approved
4655,1458,2025-12-16,Sick Leave,3,Approved
4656,1130,2025-02-26,Earned Leave,1,Rejected
4657,1099,2025-05-29,Sick Leave,2,Approved
4658,1480,2025-07-31,Casual Leave,1,Approved
4659,1136,2025-09-09,Emergency Leave,1,Approved
4660,1168,2025-12-04,Earned Leave,1,Rejected
4661,1256,2025-10-02,Casual Leave,1,Approved
4662,1071,2025-02-24,Sick Leave,2,Approved
4663,1447,2025-07-17,Casual Leave,1,Approved
4664,1220,2025-06-18,Emergency Leave,2,Pending
4665,1373,2025-09-01,Casual Leave,1,Approved
4666,1434,2025-12-17,Sick Leave,1,Approved
4667,1054,2025-01-12,Emergency Leave,3,Approved
4668,1371,2025-11-16,Casual Leave,3,Rejected
4669,1330,2025-04-15,Sick Leave,2,Approved
4670,1500,2025-08-03,Casual Leave,2,Rejected
4671,1218,2025-10-14,Casual Leave,1,Approved
4672,1039,2025-04-17,Sick Leave,1,Approved
4673,1226,2025-05-25,Emergency Leave,3,Approved
4674,1086,2025-07-15,Earned Leave,1,Approved
4675,1407,2025-07-17,Sick Leave,3,Pending
4676,1142,2025-07-11,Casual Leave,1,Pending
4677,1116,2025-08-29,Sick Leave,1,Approved
4678,1178,2025-08-16,Casual Leave,1,Approved
4679,1126,2025-08-21,Earned Leave,1,Approved
4680,1116,2025-06-24,Emergency Leave,2,Approved
4681,1296,2025-04-28,Casual Leave,1,Approved
4682,1426,2025-02-24,Earned Leave,1,Approved
4683,1092,2025-01-07,Emergency Leave,1,Approved
4684,1043,2025-11-26,Sick Leave,1,Approved
4685,1351,2025-12-28,Earned Leave,1,Approved
4686,1109,2025-10-05,Sick Leave,1,Approved
4687,1002,2025-11-30,Emergency Leave,1,Approved
4688,1263,2025-10-10,Earned Leave,1,Rejected
4689,1420,2025-10-05,Sick Leave,2,Pending
4690,1290,2025-11-03,Emergency Leave,1,Pending
4691,1442,2025-06-07,Earned Leave,1,Approved
4692,1291,2025-05-20,Emergency Leave,1,Approved
4693,1300,2025-09-29,Earned Leave,1,Approved
4694,1221,2025-12-06,Sick Leave,1,Approved
4695,1303,2025-02-23,Emergency Leave,1,Approved
4696,1342,2025-04-30,Earned Leave,2,Approved
4697,1426,2025-06-12,Emergency Leave,2,Approved
4698,1338,2025-12-30,Emergency Leave,1,Pending
4699,1055,2025-03-25,Sick Leave,1,Approved
4700,1440,2025-09-24,Earned Leave,1,Approved
4701,1186,2025-11-27,Sick Leave,1,Rejected
4702,1430,2025-06-17,Earned Leave,1,Approved
4703,1337,2025-09-16,Casual Leave,1,Approved
4704,1203,2025-09-16,Sick Leave,2,Approved
4705,1316,2025-05-11,Casual Leave,1,Approved
4706,1093,2025-06-20,Emergency Leave,1,Approved
4707,1205,2025-07-29,Emergency Leave,2,Approved
4708,1137,2025-01-14,Earned Leave,2,Rejected
4709,1314,2025-03-26,Casual Leave,1,Pending
4710,1324,2025-04-19,Casual Leave,1,Approved
4711,1233,2025-02-09,Casual Leave,1,Approved
4712,1284,2025-07-07,Casual Leave,1,Approved
4713,1372,2025-01-01,Earned Leave,1,Pending
4714,1325,2025-11-13,Casual Leave,1,Rejected
4715,1287,2025-12-07,Casual Leave,1,Approved
4716,1092,2025-08-01,Earned Leave,1,Approved
4717,1279,2025-07-31,Casual Leave,1,Approved
4718,1144,2025-11-11,Sick Leave,1,Approved
4719,1366,2025-06-12,Casual Leave,1,Approved
4720,1105,2025-04-27,Sick Leave,1,Rejected
4721,1435,2025-09-27,Emergency Leave,1,Approved
4722,1004,2025-10-01,Earned Leave,1,Approved
4723,1103,2025-07-21,Sick Leave,2,Rejected
4724,1091,2025-07-13,Sick Leave,1,Approved
4725,1416,2025-05-16,Casual Leave,1,Approved
4726,1081,2025-08-10,Casual Leave,3,Approved
4727,1325,2025-11-12,Earned Leave,1,Approved
4728,1392,2025-12-13,Emergency Leave,1,Approved
4729,1429,2025-07-19,Casual Leave,2,Approved
4730,1222,2025-07-04,Sick Leave,2,Approved
4731,1280,2025-10-15,Casual Leave,3,Approved
4732,1497,2025-07-04,Emergency Leave,1,Approved
4733,1211,2025-01-03,Casual Leave,1,Approved
4734,1006,2025-06-18,Emergency Leave,1,Approved
4735,1307,2025-10-19,Casual Leave,1,Approved
4736,1473,2025-01-31,Casual Leave,2,Rejected
4737,1439,2025-06-29,Sick Leave,1,Approved
4738,1197,2025-05-06,Earned Leave,3,Approved
4739,1177,2025-06-29,Earned Leave,1,Rejected
4740,1095,2025-07-12,Emergency Leave,1,Approved
4741,1431,2025-09-14,Casual Leave,3,Approved
4742,1325,2025-05-23,Sick Leave,1,Approved
4743,1116,2025-04-27,Emergency Leave,1,Approved
4744,1448,2025-02-03,Earned Leave,1,Approved
4745,1016,2025-11-14,Sick Leave,1,Approved
4746,1312,2025-02-13,Casual Leave,1,Pending
4747,1002,2025-05-12,Sick Leave,2,Rejected
4748,1283,2025-07-26,Sick Leave,1,Approved
4749,1086,2025-06-28,Casual Leave,2,Approved
4750,1198,2025-02-22,Casual Leave,1,Approved
4751,1444,2025-09-06,Casual Leave,1,Approved
4752,1148,2025-11-15,Emergency Leave,1,Approved
4753,1331,2025-03-07,Sick Leave,1,Approved
4754,1430,2025-09-13,Emergency Leave,1,Approved
4755,1113,2025-08-08,Earned Leave,1,Approved
4756,1489,2025-04-14,Emergency Leave,2,Approved
4757,1110,2025-05-15,Casual Leave,1,Approved
4758,1103,2025-11-21,Sick Leave,3,Rejected
4759,1027,2025-09-17,Casual Leave,1,Pending
4760,1437,2025-07-17,Sick Leave,3,Approved
4761,1323,2025-11-03,Sick Leave,1,Approved
4762,1243,2025-09-25,Earned Leave,1,Approved
4763,1278,2025-03-27,Earned Leave,2,Approved
4764,1249,2025-03-29,Sick Leave,1,Pending
4765,1166,2025-07-16,Sick Leave,1,Approved
4766,1461,2025-01-17,Sick Leave,1,Approved
4767,1074,2025-03-20,Earned Leave,2,Approved
4768,1263,2025-02-16,Sick Leave,2,Approved
4769,1487,2025-04-17,Emergency Leave,1,Approved
4770,1466,2025-08-23,Earned Leave,1,Approved
4771,1154,2025-12-05,Earned Leave,1,Rejected
4772,1422,2025-01-29,Casual Leave,1,Pending
4773,1430,2025-05-02,Emergency Leave,1,Approved
4774,1289,2025-10-31,Sick Leave,1,Pending
4775,1021,2025-07-12,Emergency Leave,2,Rejected
4776,1173,2025-08-29,Earned Leave,1,Pending
4777,1099,2025-03-21,Casual Leave,2,Approved
4778,1063,2025-10-17,Casual Leave,1,Approved
4779,1003,2025-11-13,Sick Leave,1,Approved
4780,1119,2025-02-22,Sick Leave,1,Rejected
4781,1282,2025-09-13,Earned Leave,2,Rejected
4782,1484,2025-04-25,Earned Leave,1,Approved
4783,1085,2025-07-01,Emergency Leave,1,Approved
4784,1252,2025-10-12,Sick Leave,1,Approved
4785,1399,2025-08-02,Casual Leave,2,Approved
4786,1121,2025-08-17,Casual Leave,1,Approved
4787,1267,2025-02-25,Emergency Leave,1,Approved
4788,1496,2025-07-24,Emergency Leave,1,Approved
4789,1314,2025-12-31,Sick Leave,3,Approved
4790,1403,2025-05-28,Emergency Leave,1,Approved
4791,1261,2025-03-09,Casual Leave,1,Approved
4792,1076,2025-09-28,Casual Leave,2,Rejected
4793,1461,2025-10-28,Sick Leave,1,Approved
4794,1157,2025-01-17,Emergency Leave,1,Rejected
4795,1168,2025-02-23,Sick Leave,1,Approved
4796,1050,2025-07-24,Emergency Leave,1,Approved
4797,1484,2025-03-31,Casual Leave,1,Approved
4798,1391,2025-05-31,Sick Leave,1,Approved
4799,1359,2025-06-03,Sick Leave,2,Approved
4800,1165,2025-11-10,Sick Leave,1,Approved
4801,1026,2025-04-03,Emergency Leave,1,Rejected
4802,1150,2025-03-10,Sick Leave,1,Approved
4803,1245,2025-03-31,Earned Leave,1,Approved
4804,1074,2025-12-19,Earned Leave,3,Approved
4805,1429,2025-02-15,Sick Leave,2,Approved
4806,1338,2025-06-02,Emergency Leave,1,Pending
4807,1269,2025-02-17,Sick Leave,1,Approved
4808,1433,2025-11-20,Sick Leave,1,Approved
4809,1209,2025-10-08,Emergency Leave,1,Approved
4810,1437,2025-07-03,Sick Leave,1,Rejected
4811,1308,2025-08-03,Earned Leave,2,Approved
4812,1216,2025-03-06,Earned Leave,1,Approved
4813,1468,2025-02-24,Sick Leave,1,Pending
4814,1106,2025-12-03,Sick Leave,1,Approved
4815,1438,2025-05-09,Casual Leave,2,Approved
4816,1327,2025-10-23,Earned Leave,2,Approved
4817,1084,2025-12-03,Sick Leave,1,Approved
4818,1330,2025-05-11,Emergency Leave,1,Pending
4819,1065,2025-06-01,Casual Leave,1,Approved
4820,1082,2025-08-23,Emergency Leave,1,Approved
4821,1027,2025-07-06,Emergency Leave,3,Approved
4822,1215,2025-01-03,Sick Leave,1,Approved
4823,1243,2025-09-28,Emergency Leave,1,Rejected
4824,1060,2025-04-20,Emergency Leave,1,Approved
4825,1474,2025-03-03,Emergency Leave,1,Approved
4826,1093,2025-07-12,Earned Leave,1,Approved
4827,1033,2025-03-20,Sick Leave,3,Approved
4828,1500,2025-01-03,Sick Leave,1,Approved
4829,1484,2025-11-02,Emergency Leave,1,Approved
4830,1120,2025-05-07,Earned Leave,1,Rejected
4831,1410,2025-02-28,Casual Leave,1,Approved
4832,1369,2025-11-11,Earned Leave,1,Approved
4833,1406,2025-07-21,Casual Leave,1,Pending
4834,1472,2025-08-07,Casual Leave,1,Approved
4835,1221,2025-08-25,Emergency Leave,1,Approved
4836,1152,2025-12-01,Earned Leave,1,Approved
4837,1122,2025-04-11,Casual Leave,1,Approved
4838,1453,2025-04-20,Casual Leave,1,Approved
4839,1400,2025-02-23,Casual Leave,2,Approved
4840,1176,2025-11-01,Emergency Leave,1,Approved
4841,1113,2025-08-10,Casual Leave,1,Approved
4842,1279,2025-06-29,Casual Leave,1,Approved
4843,1306,2025-12-13,Casual Leave,1,Approved
4844,1240,2025-10-28,Earned Leave,2,Approved
4845,1220,2025-01-08,Earned Leave,1,Rejected
4846,1010,2025-11-27,Emergency Leave,1,Approved
4847,1409,2025-11-22,Emergency Leave,1,Approved
4848,1055,2025-03-21,Sick Leave,1,Approved
4849,1400,2025-04-25,Emergency Leave,1,Pending
4850,1049,2025-07-13,Emergency Leave,1,Approved
4851,1210,2025-11-30,Earned Leave,1,Approved
4852,1485,2025-12-11,Earned Leave,1,Approved
4853,1335,2025-02-25,Emergency Leave,2,Approved
4854,1253,2025-04-13,Sick Leave,3,Approved
4855,1240,2025-10-21,Emergency Leave,1,Approved
4856,1461,2025-01-10,Sick Leave,1,Rejected
4857,1281,2025-10-15,Sick Leave,2,Approved
4858,1107,2025-05-29,Earned Leave,1,Approved
4859,1161,2025-11-10,Emergency Leave,1,Approved
4860,1140,2025-12-27,Emergency Leave,1,Approved
4861,1321,2025-12-09,Emergency Leave,2,Approved
4862,1221,2025-06-20,Casual Leave,1,Approved
4863,1498,2025-12-25,Sick Leave,2,Pending
4864,1173,2025-08-28,Sick Leave,2,Approved
4865,1163,2025-12-05,Casual Leave,1,Approved
4866,1465,2025-06-19,Earned Leave,1,Approved
4867,1150,2025-07-30,Earned Leave,1,Approved
4868,1267,2025-04-03,Emergency Leave,1,Approved
4869,1159,2025-02-24,Earned Leave,1,Approved
4870,1411,2025-08-27,Casual Leave,2,Approved
4871,1001,2025-02-27,Casual Leave,1,Approved
4872,1496,2025-09-28,Earned Leave,1,Approved
4873,1104,2025-07-30,Earned Leave,1,Approved
4874,1356,2025-11-09,Sick Leave,1,Approved
4875,1368,2025-01-21,Emergency Leave,1,Approved
4876,1451,2025-03-02,Earned Leave,2,Approved
4877,1294,2025-10-26,Earned Leave,1,Rejected
4878,1236,2025-09-29,Emergency Leave,1,Approved
4879,1344,2025-12-20,Earned Leave,1,Approved
4880,1023,2025-06-30,Earned Leave,1,Approved
4881,1030,2025-11-15,Emergency Leave,1,Approved
4882,1410,2025-08-18,Emergency Leave,1,Approved
4883,1500,2025-11-26,Sick Leave,1,Approved
4884,1150,2025-11-21,Sick Leave,1,Pending
4885,1474,2025-03-31,Emergency Leave,1,Approved
4886,1276,2025-02-28,Emergency Leave,1,Approved
4887,1198,2025-06-30,Casual Leave,1,Rejected
4888,1104,2025-08-14,Sick Leave,1,Approved
4889,1027,2025-12-22,Emergency Leave,1,Approved
4890,1495,2025-08-18,Sick Leave,1,Approved
4891,1274,2025-05-14,Emergency Leave,1,Rejected
4892,1176,2025-04-27,Casual Leave,2,Approved
4893,1312,2025-12-17,Casual Leave,1,Approved
4894,1392,2025-01-13,Emergency Leave,1,Rejected
4895,1420,2025-01-04,Casual Leave,2,Approved
4896,1103,2025-03-30,Earned Leave,2,Approved
4897,1415,2025-02-11,Sick Leave,2,Approved
4898,1031,2025-12-05,Sick Leave,1,Approved
4899,1403,2025-04-12,Casual Leave,2,Approved
4900,1205,2025-08-10,Earned Leave,2,Approved
4901,1376,2025-10-14,Earned Leave,1,Approved
4902,1319,2025-03-19,Sick Leave,1,Approved
4903,1125,2025-04-15,Sick Leave,1,Approved
4904,1308,2025-03-03,Emergency Leave,1,Rejected
4905,1375,2025-01-02,Casual Leave,1,Pending
4906,1375,2025-10-04,Earned Leave,1,Pending
4907,1203,2025-11-19,Emergency Leave,1,Approved
4908,1338,2025-12-20,Earned Leave,3,Pending
4909,1443,2025-10-07,Earned Leave,1,Approved
4910,1034,2025-06-02,Casual Leave,1,Approved
4911,1402,2025-12-04,Casual Leave,1,Approved
4912,1486,2025-05-24,Sick Leave,1,Approved
4913,1231,2025-07-07,Emergency Leave,2,Approved
4914,1049,2025-10-23,Emergency Leave,1,Approved
4915,1176,2025-08-06,Emergency Leave,1,Approved
4916,1480,2025-02-02,Sick Leave,1,Approved
4917,1045,2025-02-16,Sick Leave,2,Rejected
4918,1246,2025-03-22,Emergency Leave,1,Approved
4919,1134,2025-11-29,Earned Leave,1,Rejected
4920,1193,2025-12-29,Emergency Leave,1,Approved
4921,1209,2025-07-20,Earned Leave,1,Pending
4922,1294,2025-12-13,Earned Leave,1,Approved
4923,1417,2025-11-12,Earned Leave,1,Approved
4924,1294,2025-11-14,Emergency Leave,1,Approved
4925,1304,2025-09-12,Emergency Leave,1,Approved
4926,1390,2025-10-18,Earned Leave,1,Pending
4927,1333,2025-05-20,Sick Leave,1,Rejected
4928,1202,2025-06-03,Sick Leave,1,Approved
4929,1031,2025-06-26,Emergency Leave,2,Approved
4930,1011,2025-11-16,Casual Leave,2,Rejected
4931,1330,2025-07-08,Emergency Leave,1,Approved
4932,1468,2025-04-25,Emergency Leave,2,Rejected
4933,1246,2025-03-14,Earned Leave,1,Approved
4934,1415,2025-02-03,Casual Leave,1,Pending
4935,1470,2025-02-20,Earned Leave,1,Rejected
4936,1438,2025-09-21,Casual Leave,1,Approved
4937,1473,2025-02-25,Emergency Leave,1,Pending
4938,1041,2025-10-21,Casual Leave,1,Approved
4939,1369,2025-04-08,Casual Leave,1,Approved
4940,1029,2025-06-24,Casual Leave,2,Approved
4941,1476,2025-01-06,Emergency Leave,1,Rejected
4942,1102,2025-02-13,Sick Leave,2,Approved
4943,1254,2025-03-19,Sick Leave,1,Approved
4944,1487,2025-09-18,Casual Leave,1,Approved
4945,1370,2025-10-16,Sick Leave,1,Pending
4946,1360,2025-01-27,Emergency Leave,2,Pending
4947,1058,2025-10-06,Emergency Leave,1,Pending
4948,1055,2025-03-08,Sick Leave,1,Approved
4949,1163,2025-04-14,Casual Leave,1,Pending
4950,1277,2025-12-18,Emergency Leave,2,Approved
4951,1222,2025-12-11,Emergency Leave,1,Approved
4952,1046,2025-04-16,Emergency Leave,1,Approved
4953,1487,2025-12-20,Earned Leave,2,Approved
4954,1156,2025-01-07,Sick Leave,1,Pending
4955,1487,2025-01-01,Earned Leave,1,Rejected
4956,1489,2025-08-15,Sick Leave,1,Approved
4957,1428,2025-01-19,Casual Leave,1,Approved
4958,1071,2025-01-06,Earned Leave,1,Approved
4959,1347,2025-03-19,Casual Leave,2,Approved
4960,1320,2025-12-21,Casual Leave,2,Approved
4961,1325,2025-01-03,Casual Leave,2,Approved
4962,1026,2025-12-31,Sick Leave,1,Approved
4963,1307,2025-09-23,Earned Leave,1,Approved
4964,1290,2025-11-24,Emergency Leave,1,Rejected
4965,1498,2025-08-28,Earned Leave,1,Approved
4966,1157,2025-02-07,Earned Leave,1,Approved
4967,1069,2025-10-26,Sick Leave,1,Pending
4968,1377,2025-11-06,Sick Leave,1,Approved
4969,1347,2025-12-04,Sick Leave,1,Approved
4970,1012,2025-01-20,Sick Leave,1,Approved
4971,1293,2025-09-11,Emergency Leave,1,Approved
4972,1187,2025-08-12,Emergency Leave,3,Approved
4973,1188,2025-05-06,Sick Leave,1,Pending
4974,1468,2025-12-20,Casual Leave,1,Approved
4975,1171,2025-03-02,Earned Leave,1,Approved
4976,1044,2025-06-10,Sick Leave,1,Rejected
4977,1085,2025-02-17,Emergency Leave,1,Approved
4978,1118,2025-11-11,Sick Leave,1,Approved
4979,1188,2025-08-16,Emergency Leave,1,Approved
4980,1035,2025-08-27,Earned Leave,1,Approved
4981,1017,2025-07-31,Emergency Leave,1,Approved
4982,1092,2025-05-14,Emergency Leave,1,Approved
4983,1454,2025-08-20,Emergency Leave,2,Approved
4984,1400,2025-11-05,Casual Leave,2,Approved
4985,1359,2025-01-18,Sick Leave,1,Rejected
4986,1279,2025-02-23,Emergency Leave,1,Approved
4987,1351,2025-12-27,Sick Leave,1,Approved
4988,1389,2025-09-15,Emergency Leave,1,Approved
4989,1074,2025-01-07,Emergency Leave,2,Approved
4990,1265,2025-06-07,Earned Leave,2,Approved
4991,1435,2025-01-11,Emergency Leave,1,Approved
4992,1038,2025-08-04,Sick Leave,1,Rejected
4993,1429,2025-09-28,Sick Leave,1,Approved
4994,1102,2025-03-05,Emergency Leave,1,Approved
4995,1204,2025-10-29,Casual Leave,2,Approved
4996,1088,2025-10-13,Sick Leave,1,Approved
4997,1399,2025-06-07,Emergency Leave,2,Pending
4998,1449,2025-08-07,Emergency Leave,1,Rejected
4999,1234,2025-02-20,Emergency Leave,1,Rejected
5000,1080,2025-01-04,Emergency Leave,1,Approved
11,1444,2025-01-16,Emergency Leave,1,Approved
51,1092,2025-08-21,Earned Leave,1,Approved
501,1017,2025-10-15,Emergency Leave,1,Approved
