Performance_ID,Employee_ID,Review_Month,Performance_Score,Productivity_Score,Manager_Rating
1,1001,2025-01-01,5.9,95.1,5.9
2,1001,2025-02-01,7.5,81.5,7.6
3,1001,2025-03-01,8.7,73.9,9.5
4,1001,2025-04-01,8.1,65.2,8.7
5,1001,2025-05-01,6.4,58.4,5.6
6,1001,2025-06-01,7.0,72.5,7.7
7,1001,2025-07-01,6.1,66.0,6.9
8,1001,2025-08-01,7.1,59.9,8.6
9,1001,2025-09-01,5.9,75.1,5.2
10,1001,2025-10-01,7.2,30.0,8.6
11,1001,2025-11-01,5.8,53.6,6.1
12,1001,2025-12-01,,97.8,9.6
13,1002,2025-01-01,5.3,65.6,6.0
14,1002,2025-02-01,7.3,94.0,7.9
15,1002,2025-03-01,7.3,68.7,6.4
16,1002,2025-04-01,8.0,39.2,8.5
17,1002,2025-05-01,7.4,82.3,5.0
18,1002,2025-06-01,9.3,75.9,8.3
19,1002,2025-07-01,9.0,89.7,7.9
20,1002,2025-08-01,10.0,79.6,9.1
21,1002,2025-09-01,6.5,73.9,5.5
22,1002,2025-10-01,6.2,60.2,7.6
23,1002,2025-11-01,5.3,77.1,5.9
24,1002,2025-12-01,7.9,71.6,8.4
25,1003,2025-01-01,7.8,81.7,7.5
26,1003,2025-02-01,6.6,82.5,6.4
27,1003,2025-03-01,7.5,74.2,9.1
28,1003,2025-04-01,7.6,91.9,6.6
29,1003,2025-05-01,10.0,71.0,10.0
30,1003,2025-06-01,6.7,57.1,6.6
31,1003,2025-07-01,7.0,65.8,7.5
32,1003,2025-08-01,8.3,77.2,8.6
33,1003,2025-09-01,7.7,79.8,7.0
34,1003,2025-10-01,5.7,79.4,4.9
35,1003,2025-11-01,8.0,43.0,6.9
36,1003,2025-12-01,9.0,95.9,7.9
37,1004,2025-01-01,8.4,66.9,8.4
38,1004,2025-02-01,7.0,32.2,7.3
39,1004,2025-03-01,5.9,71.5,7.5
40,1004,2025-04-01,7.5,71.2,6.3
41,1004,2025-05-01,7.1,72.2,9.1
42,1004,2025-06-01,7.3,47.3,5.4
43,1004,2025-07-01,6.3,68.4,7.5
44,1004,2025-08-01,7.5,78.0,7.3
45,1004,2025-09-01,6.6,72.6,7.6
46,1004,2025-10-01,5.3,77.9,4.4
47,1004,2025-11-01,7.5,65.5,7.8
48,1004,2025-12-01,9.7,67.4,8.6
49,1005,2025-01-01,8.4,77.1,6.7
50,1005,2025-02-01,6.8,76.7,6.7
51,1005,2025-03-01,9.3,66.0,10.0
52,1005,2025-04-01,7.0,63.4,6.1
53,1005,2025-05-01,8.0,72.7,7.6
54,1005,2025-06-01,7.3,66.4,6.4
55,1005,2025-07-01,10.0,87.4,9.4
56,1005,2025-08-01,10.0,98.2,10.0
57,1005,2025-09-01,9.2,74.8,10.0
58,1005,2025-10-01,5.6,95.2,5.5
59,1005,2025-11-01,6.3,97.1,6.0
60,1005,2025-12-01,5.6,99.5,5.0
61,1006,2025-01-01,6.7,77.8,5.2
62,1006,2025-02-01,6.8,77.9,6.6
63,1006,2025-03-01,6.0,68.8,5.7
64,1006,2025-04-01,7.2,68.6,7.3
65,1006,2025-05-01,8.6,70.9,9.3
66,1006,2025-06-01,6.7,69.7,6.9
67,1006,2025-07-01,5.7,60.8,5.0
68,1006,2025-08-01,6.5,70.0,6.2
69,1006,2025-09-01,8.1,76.6,8.6
70,1006,2025-10-01,7.2,73.9,7.2
71,1006,2025-11-01,7.7,58.2,7.5
72,1006,2025-12-01,8.6,98.9,7.6
73,1007,2025-01-01,5.2,45.8,5.7
74,1007,2025-02-01,6.2,67.7,7.2
75,1007,2025-03-01,7.7,68.0,6.6
76,1007,2025-04-01,5.0,63.7,4.5
77,1007,2025-05-01,7.4,71.9,7.2
78,1007,2025-06-01,7.4,59.8,9.7
79,1007,2025-07-01,8.9,72.8,9.6
80,1007,2025-08-01,6.7,46.5,6.2
81,1007,2025-09-01,7.4,60.7,8.7
82,1007,2025-10-01,5.3,100.0,5.5
83,1007,2025-11-01,6.7,100.0,7.4
84,1007,2025-12-01,7.3,67.8,6.3
85,1008,2025-01-01,5.5,91.2,6.1
86,1008,2025-02-01,6.9,55.6,6.1
87,1008,2025-03-01,6.7,79.3,6.4
88,1008,2025-04-01,4.0,76.4,4.4
89,1008,2025-05-01,8.2,66.8,7.4
90,1008,2025-06-01,8.0,68.5,7.4
91,1008,2025-07-01,6.1,72.6,7.1
92,1008,2025-08-01,9.1,75.5,8.9
93,1008,2025-09-01,5.8,100.0,5.8
94,1008,2025-10-01,8.8,92.5,7.6
95,1008,2025-11-01,8.0,74.1,8.2
96,1008,2025-12-01,5.2,74.4,5.2
97,1009,2025-01-01,5.4,96.0,5.9
98,1009,2025-02-01,6.7,80.6,5.8
99,1009,2025-03-01,7.5,60.7,7.6
100,1009,2025-04-01,10.0,78.7,9.6
101,1009,2025-05-01,6.1,56.5,4.9
102,1009,2025-06-01,2.8,77.6,3.5
103,1009,2025-07-01,4.0,70.1,4.6
104,1009,2025-08-01,8.0,65.4,9.7
105,1009,2025-09-01,8.5,64.1,9.3
106,1009,2025-10-01,7.6,76.7,7.4
107,1009,2025-11-01,8.9,80.4,9.3
108,1009,2025-12-01,9.6,78.1,9.7
109,1010,2025-01-01,7.5,78.3,6.9
110,1010,2025-02-01,8.5,73.7,9.2
111,1010,2025-03-01,7.8,80.2,8.2
112,1010,2025-04-01,5.8,84.1,5.8
113,1010,2025-05-01,6.8,76.5,6.3
114,1010,2025-06-01,8.4,58.5,10.0
115,1010,2025-07-01,7.0,66.6,7.8
116,1010,2025-08-01,6.8,63.2,6.0
117,1010,2025-09-01,7.3,83.1,8.3
118,1010,2025-10-01,7.5,82.7,6.9
119,1010,2025-11-01,5.7,82.3,5.7
120,1010,2025-12-01,5.7,72.0,5.2
121,1011,2025-01-01,6.2,54.2,5.1
122,1011,2025-02-01,5.9,73.4,7.4
123,1011,2025-03-01,9.4,86.4,9.5
124,1011,2025-04-01,8.3,74.2,8.1
125,1011,2025-05-01,7.6,80.1,8.3
126,1011,2025-06-01,8.8,75.4,8.6
127,1011,2025-07-01,6.8,71.2,5.7
128,1011,2025-08-01,6.7,67.1,6.8
129,1011,2025-09-01,6.7,61.6,7.2
130,1011,2025-10-01,8.0,70.0,7.2
131,1011,2025-11-01,7.6,78.2,7.3
132,1011,2025-12-01,9.2,92.4,7.8
133,1012,2025-01-01,7.9,70.7,7.6
134,1012,2025-02-01,5.9,71.7,6.0
135,1012,2025-03-01,5.7,52.5,6.3
136,1012,2025-04-01,7.9,79.8,7.9
137,1012,2025-05-01,9.3,81.4,10.0
138,1012,2025-06-01,7.3,60.5,7.3
139,1012,2025-07-01,6.0,70.2,6.7
140,1012,2025-08-01,8.5,66.3,8.5
141,1012,2025-09-01,7.5,75.1,7.1
142,1012,2025-10-01,6.0,88.0,6.9
143,1012,2025-11-01,4.4,87.9,5.1
144,1012,2025-12-01,6.0,98.1,4.2
145,1013,2025-01-01,5.9,74.5,7.0
146,1013,2025-02-01,7.3,71.5,7.4
147,1013,2025-03-01,6.0,52.2,4.9
148,1013,2025-04-01,8.0,46.6,7.3
149,1013,2025-05-01,9.7,93.2,10.0
150,1013,2025-06-01,6.6,88.0,7.4
151,1013,2025-07-01,6.4,67.8,7.4
152,1013,2025-08-01,7.3,57.6,8.2
153,1013,2025-09-01,8.0,72.7,7.4
154,1013,2025-10-01,6.8,68.9,5.1
155,1013,2025-11-01,5.7,79.3,6.2
156,1013,2025-12-01,9.2,89.0,8.0
157,1014,2025-01-01,7.0,71.3,7.5
158,1014,2025-02-01,7.6,85.0,7.2
159,1014,2025-03-01,6.1,86.6,4.8
160,1014,2025-04-01,5.4,59.4,6.3
161,1014,2025-05-01,6.8,64.6,7.6
162,1014,2025-06-01,4.2,57.0,4.5
163,1014,2025-07-01,6.7,71.0,5.7
164,1014,2025-08-01,7.6,59.2,9.8
165,1014,2025-09-01,7.3,92.2,6.8
166,1014,2025-10-01,6.3,62.5,6.0
167,1014,2025-11-01,7.5,63.5,7.3
168,1014,2025-12-01,5.6,45.2,4.2
169,1015,2025-01-01,8.0,72.5,6.3
170,1015,2025-02-01,4.4,72.2,4.4
171,1015,2025-03-01,8.4,77.6,9.3
172,1015,2025-04-01,7.3,78.4,8.6
173,1015,2025-05-01,8.3,76.5,9.6
174,1015,2025-06-01,4.8,75.8,4.9
175,1015,2025-07-01,8.3,75.3,8.6
176,1015,2025-08-01,,93.8,7.1
177,1015,2025-09-01,7.6,68.2,8.6
178,1015,2025-10-01,7.0,83.2,6.1
179,1015,2025-11-01,8.4,34.0,8.3
180,1015,2025-12-01,5.5,150.0,5.2
181,1016,2025-01-01,8.9,72.4,9.3
182,1016,2025-02-01,6.8,45.3,6.9
183,1016,2025-03-01,7.5,76.8,8.7
184,1016,2025-04-01,9.3,100.0,8.6
185,1016,2025-05-01,9.9,88.9,9.7
186,1016,2025-06-01,9.2,95.1,9.7
187,1016,2025-07-01,7.0,69.3,7.3
188,1016,2025-08-01,5.9,63.7,4.3
189,1016,2025-09-01,4.3,66.5,4.3
190,1016,2025-10-01,6.1,58.9,5.9
191,1016,2025-11-01,4.9,73.0,7.0
192,1016,2025-12-01,7.4,89.2,8.9
193,1017,2025-01-01,7.2,64.7,6.4
194,1017,2025-02-01,8.5,49.7,8.8
195,1017,2025-03-01,8.7,65.9,8.2
196,1017,2025-04-01,7.1,73.5,7.2
197,1017,2025-05-01,7.4,68.2,9.2
198,1017,2025-06-01,5.1,56.7,5.1
199,1017,2025-07-01,7.9,81.0,6.8
200,1017,2025-08-01,7.7,68.1,8.9
201,1017,2025-09-01,8.0,82.9,10.0
202,1017,2025-10-01,7.2,79.9,7.2
203,1017,2025-11-01,7.6,67.2,7.7
204,1017,2025-12-01,7.7,88.8,7.4
205,1018,2025-01-01,5.8,81.0,6.1
206,1018,2025-02-01,7.5,58.5,6.7
207,1018,2025-03-01,7.5,57.9,7.5
208,1018,2025-04-01,9.1,55.7,8.7
209,1018,2025-05-01,6.9,67.9,8.0
210,1018,2025-06-01,7.2,71.1,5.3
211,1018,2025-07-01,7.5,77.1,8.1
212,1018,2025-08-01,4.6,45.7,3.7
213,1018,2025-09-01,6.9,93.9,7.0
214,1018,2025-10-01,3.9,87.7,5.7
215,1018,2025-11-01,7.7,75.2,8.7
216,1018,2025-12-01,6.9,98.9,7.5
217,1019,2025-01-01,6.6,64.8,5.1
218,1019,2025-02-01,5.7,50.1,6.1
219,1019,2025-03-01,9.3,74.3,8.7
220,1019,2025-04-01,8.1,100.0,6.8
221,1019,2025-05-01,6.1,56.1,5.3
222,1019,2025-06-01,7.0,80.2,7.9
223,1019,2025-07-01,6.2,76.3,5.2
224,1019,2025-08-01,8.4,83.1,9.0
225,1019,2025-09-01,9.4,71.2,8.3
226,1019,2025-10-01,7.4,79.5,8.4
227,1019,2025-11-01,6.3,79.2,6.5
228,1019,2025-12-01,5.6,75.8,5.4
229,1020,2025-01-01,6.5,84.8,8.0
230,1020,2025-02-01,8.1,65.2,7.3
231,1020,2025-03-01,8.0,72.0,7.9
232,1020,2025-04-01,7.7,86.6,7.8
233,1020,2025-05-01,6.9,76.1,6.8
234,1020,2025-06-01,8.7,73.2,9.8
235,1020,2025-07-01,6.8,63.1,8.0
236,1020,2025-08-01,7.5,93.6,8.6
237,1020,2025-09-01,6.8,59.3,6.8
238,1020,2025-10-01,5.4,78.7,5.0
239,1020,2025-11-01,5.8,30.0,5.4
240,1020,2025-12-01,10.0,91.2,8.9
241,1021,2025-01-01,7.6,80.7,7.2
242,1021,2025-02-01,7.9,69.7,7.4
243,1021,2025-03-01,7.0,43.7,8.7
244,1021,2025-04-01,7.3,57.5,6.8
245,1021,2025-05-01,6.0,78.3,8.4
246,1021,2025-06-01,6.7,51.8,6.5
247,1021,2025-07-01,9.3,92.1,8.6
248,1021,2025-08-01,8.1,90.1,9.2
249,1021,2025-09-01,9.4,94.7,9.2
250,1021,2025-10-01,8.1,73.4,6.7
251,1021,2025-11-01,6.5,70.7,8.4
252,1021,2025-12-01,5.9,59.4,8.1
253,1022,2025-01-01,6.9,74.9,6.5
254,1022,2025-02-01,7.1,69.9,6.3
255,1022,2025-03-01,10.0,89.6,10.0
256,1022,2025-04-01,8.4,63.4,8.1
257,1022,2025-05-01,5.0,72.1,5.2
258,1022,2025-06-01,6.6,71.0,6.4
259,1022,2025-07-01,8.3,81.7,9.0
260,1022,2025-08-01,5.2,76.2,4.3
261,1022,2025-09-01,6.9,63.5,5.2
262,1022,2025-10-01,7.6,60.6,7.8
263,1022,2025-11-01,7.3,85.2,7.2
264,1022,2025-12-01,6.9,80.6,6.4
265,1023,2025-01-01,7.2,82.7,6.2
266,1023,2025-02-01,5.1,72.1,5.6
267,1023,2025-03-01,5.2,39.2,6.2
268,1023,2025-04-01,6.2,64.4,6.6
269,1023,2025-05-01,6.9,79.6,6.8
270,1023,2025-06-01,7.1,60.2,6.1
271,1023,2025-07-01,5.7,61.3,6.0
272,1023,2025-08-01,7.3,38.9,7.9
273,1023,2025-09-01,8.5,90.1,8.5
274,1023,2025-10-01,8.1,66.0,7.4
275,1023,2025-11-01,7.4,84.4,6.7
276,1023,2025-12-01,8.4,100.0,8.2
277,1024,2025-01-01,8.4,56.3,8.1
278,1024,2025-02-01,9.0,67.5,10.0
279,1024,2025-03-01,8.7,67.2,7.0
280,1024,2025-04-01,7.7,89.7,6.6
281,1024,2025-05-01,7.9,75.2,9.1
282,1024,2025-06-01,8.8,78.2,8.3
283,1024,2025-07-01,7.8,67.6,7.2
284,1024,2025-08-01,5.4,52.0,4.9
285,1024,2025-09-01,9.4,62.6,10.0
286,1024,2025-10-01,8.3,84.6,7.9
287,1024,2025-11-01,6.8,55.5,7.9
288,1024,2025-12-01,,75.1,5.3
289,1025,2025-01-01,7.8,82.2,8.4
290,1025,2025-02-01,7.0,70.8,7.1
291,1025,2025-03-01,6.4,84.8,6.0
292,1025,2025-04-01,6.8,73.0,6.6
293,1025,2025-05-01,6.0,60.5,5.3
294,1025,2025-06-01,8.8,76.9,8.8
295,1025,2025-07-01,9.8,69.1,10.0
296,1025,2025-08-01,9.8,78.6,10.0
297,1025,2025-09-01,6.4,79.3,5.7
298,1025,2025-10-01,8.9,98.7,8.9
299,1025,2025-11-01,6.4,49.1,6.6
300,1025,2025-12-01,7.4,57.1,8.1
301,1026,2025-01-01,8.5,92.9,8.2
302,1026,2025-02-01,8.8,61.0,7.8
303,1026,2025-03-01,5.4,60.8,4.5
304,1026,2025-04-01,8.3,58.8,7.4
305,1026,2025-05-01,5.6,76.2,5.1
306,1026,2025-06-01,8.1,94.0,8.7
307,1026,2025-07-01,7.8,60.3,6.9
308,1026,2025-08-01,7.8,86.8,8.7
309,1026,2025-09-01,8.1,59.2,9.1
310,1026,2025-10-01,8.0,81.5,9.5
311,1026,2025-11-01,7.9,83.7,7.1
312,1026,2025-12-01,6.8,88.6,5.6
313,1027,2025-01-01,6.4,83.3,8.6
314,1027,2025-02-01,7.1,57.6,7.0
315,1027,2025-03-01,4.3,83.8,5.1
316,1027,2025-04-01,7.2,48.2,7.5
317,1027,2025-05-01,7.8,62.7,7.7
318,1027,2025-06-01,6.0,100.0,6.0
319,1027,2025-07-01,8.8,62.4,9.9
320,1027,2025-08-01,7.3,57.4,8.2
321,1027,2025-09-01,7.5,88.9,6.0
322,1027,2025-10-01,9.3,96.4,9.4
323,1027,2025-11-01,8.1,88.6,7.2
324,1027,2025-12-01,7.8,53.4,8.6
325,1028,2025-01-01,8.9,66.5,9.5
326,1028,2025-02-01,6.6,62.7,6.3
327,1028,2025-03-01,8.4,76.2,9.2
328,1028,2025-04-01,7.6,78.3,8.3
329,1028,2025-05-01,8.2,72.7,6.3
330,1028,2025-06-01,5.1,70.0,4.7
331,1028,2025-07-01,8.8,50.5,9.3
332,1028,2025-08-01,8.9,79.4,10.0
333,1028,2025-09-01,5.1,70.1,5.0
334,1028,2025-10-01,7.2,62.0,6.9
335,1028,2025-11-01,7.8,88.9,8.9
336,1028,2025-12-01,7.1,93.3,8.1
337,1029,2025-01-01,9.4,78.3,7.6
338,1029,2025-02-01,7.1,47.2,7.3
339,1029,2025-03-01,5.2,66.4,6.5
340,1029,2025-04-01,3.4,69.3,4.2
341,1029,2025-05-01,5.7,80.5,4.7
342,1029,2025-06-01,9.4,69.6,9.5
343,1029,2025-07-01,6.4,84.3,6.3
344,1029,2025-08-01,6.1,83.4,6.4
345,1029,2025-09-01,4.3,91.2,3.0
346,1029,2025-10-01,9.1,79.2,8.8
347,1029,2025-11-01,7.9,73.6,7.8
348,1029,2025-12-01,7.1,81.0,7.5
349,1030,2025-01-01,8.3,83.8,9.3
350,1030,2025-02-01,3.7,68.6,4.3
351,1030,2025-03-01,7.7,44.8,7.1
352,1030,2025-04-01,7.0,93.1,7.8
353,1030,2025-05-01,6.7,82.7,7.0
354,1030,2025-06-01,7.8,45.6,8.8
355,1030,2025-07-01,9.4,78.2,8.3
356,1030,2025-08-01,6.4,57.7,6.8
357,1030,2025-09-01,6.9,67.1,7.5
358,1030,2025-10-01,8.9,81.1,7.2
359,1030,2025-11-01,8.1,61.7,8.1
360,1030,2025-12-01,5.9,61.6,5.5
361,1031,2025-01-01,7.5,71.8,7.4
362,1031,2025-02-01,6.8,54.8,6.9
363,1031,2025-03-01,8.0,71.5,7.7
364,1031,2025-04-01,9.9,81.7,10.0
365,1031,2025-05-01,7.8,62.7,7.1
366,1031,2025-06-01,7.1,76.6,7.5
367,1031,2025-07-01,6.2,65.5,7.0
368,1031,2025-08-01,9.4,83.9,9.8
369,1031,2025-09-01,8.6,57.8,8.3
370,1031,2025-10-01,6.3,82.8,7.7
371,1031,2025-11-01,8.0,83.1,7.1
372,1031,2025-12-01,9.7,76.2,10.0
373,1032,2025-01-01,7.8,100.0,7.1
374,1032,2025-02-01,6.7,78.5,5.5
375,1032,2025-03-01,7.7,90.5,6.1
376,1032,2025-04-01,7.1,55.0,8.1
377,1032,2025-05-01,7.7,75.4,8.0
378,1032,2025-06-01,6.3,63.1,7.9
379,1032,2025-07-01,5.6,63.4,5.5
380,1032,2025-08-01,7.2,71.1,6.4
381,1032,2025-09-01,,88.3,9.7
382,1032,2025-10-01,8.0,63.1,9.0
383,1032,2025-11-01,7.6,95.9,9.3
384,1032,2025-12-01,8.2,93.6,7.8
385,1033,2025-01-01,9.8,45.5,9.6
386,1033,2025-02-01,4.4,96.0,5.5
387,1033,2025-03-01,8.7,72.9,9.6
388,1033,2025-04-01,7.5,66.1,7.6
389,1033,2025-05-01,,52.9,8.6
390,1033,2025-06-01,8.7,72.1,7.0
391,1033,2025-07-01,7.2,65.7,6.9
392,1033,2025-08-01,6.9,48.9,7.5
393,1033,2025-09-01,5.7,100.0,6.4
394,1033,2025-10-01,7.4,73.6,9.7
395,1033,2025-11-01,10.0,91.6,9.9
396,1033,2025-12-01,9.8,89.8,10.0
397,1034,2025-01-01,6.5,45.8,6.5
398,1034,2025-02-01,8.5,92.1,8.6
399,1034,2025-03-01,8.3,53.3,8.8
400,1034,2025-04-01,5.6,73.7,5.4
401,1034,2025-05-01,6.1,82.8,4.7
402,1034,2025-06-01,9.3,85.3,9.8
403,1034,2025-07-01,8.8,50.8,9.7
404,1034,2025-08-01,6.5,92.1,6.4
405,1034,2025-09-01,7.2,70.5,6.6
406,1034,2025-10-01,7.0,92.9,7.5
407,1034,2025-11-01,7.8,83.6,8.1
408,1034,2025-12-01,6.1,80.6,5.9
409,1035,2025-01-01,8.3,60.8,8.5
410,1035,2025-02-01,7.7,71.4,8.0
411,1035,2025-03-01,6.1,87.3,6.2
412,1035,2025-04-01,7.8,76.1,9.5
413,1035,2025-05-01,9.1,54.7,10.0
414,1035,2025-06-01,6.6,75.4,6.2
415,1035,2025-07-01,8.0,82.2,7.7
416,1035,2025-08-01,7.7,73.5,7.9
417,1035,2025-09-01,7.0,64.2,7.6
418,1035,2025-10-01,5.0,72.1,4.7
419,1035,2025-11-01,8.6,53.3,10.0
420,1035,2025-12-01,7.0,87.6,8.4
421,1036,2025-01-01,7.2,80.3,7.1
422,1036,2025-02-01,6.8,77.3,6.9
423,1036,2025-03-01,6.9,76.9,6.9
424,1036,2025-04-01,5.4,52.4,5.8
425,1036,2025-05-01,8.6,86.2,10.0
426,1036,2025-06-01,9.9,76.9,10.0
427,1036,2025-07-01,7.1,100.0,8.4
428,1036,2025-08-01,7.7,83.9,8.4
429,1036,2025-09-01,7.4,75.4,5.8
430,1036,2025-10-01,5.1,75.6,4.5
431,1036,2025-11-01,8.8,100.0,7.9
432,1036,2025-12-01,5.2,61.6,4.0
433,1037,2025-01-01,7.1,59.6,6.4
434,1037,2025-02-01,8.3,86.5,7.5
435,1037,2025-03-01,6.3,60.6,6.2
436,1037,2025-04-01,8.1,59.2,8.4
437,1037,2025-05-01,9.2,80.3,10.0
438,1037,2025-06-01,7.3,72.2,8.0
439,1037,2025-07-01,6.6,63.9,8.5
440,1037,2025-08-01,6.4,77.6,6.4
441,1037,2025-09-01,5.9,71.4,5.1
442,1037,2025-10-01,8.1,91.4,7.6
443,1037,2025-11-01,7.9,82.4,8.5
444,1037,2025-12-01,7.8,92.7,9.1
445,1038,2025-01-01,8.8,75.4,7.9
446,1038,2025-02-01,8.8,89.2,7.4
447,1038,2025-03-01,7.0,89.8,6.5
448,1038,2025-04-01,7.9,68.9,8.0
449,1038,2025-05-01,9.1,73.1,9.3
450,1038,2025-06-01,5.4,70.8,5.7
451,1038,2025-07-01,8.8,65.9,7.9
452,1038,2025-08-01,9.6,78.2,8.4
453,1038,2025-09-01,7.7,100.0,7.8
454,1038,2025-10-01,8.2,96.4,6.9
455,1038,2025-11-01,5.8,60.1,5.2
456,1038,2025-12-01,5.9,88.3,5.3
457,1039,2025-01-01,6.1,68.3,4.9
458,1039,2025-02-01,9.0,61.9,10.0
459,1039,2025-03-01,4.7,82.3,4.0
460,1039,2025-04-01,7.5,73.7,6.4
461,1039,2025-05-01,6.8,68.3,5.0
462,1039,2025-06-01,7.5,76.1,9.0
463,1039,2025-07-01,8.2,93.0,9.1
464,1039,2025-08-01,7.7,45.2,7.4
465,1039,2025-09-01,6.1,75.7,7.1
466,1039,2025-10-01,2.9,91.1,2.8
467,1039,2025-11-01,7.9,92.9,8.4
468,1039,2025-12-01,5.4,60.2,5.2
469,1040,2025-01-01,6.5,91.2,6.4
470,1040,2025-02-01,7.0,64.7,9.2
471,1040,2025-03-01,5.4,76.8,5.5
472,1040,2025-04-01,6.3,88.2,7.0
473,1040,2025-05-01,5.3,92.3,4.9
474,1040,2025-06-01,5.9,39.3,5.8
475,1040,2025-07-01,6.1,54.6,6.7
476,1040,2025-08-01,6.6,82.0,7.6
477,1040,2025-09-01,4.4,58.7,3.9
478,1040,2025-10-01,7.7,66.7,7.8
479,1040,2025-11-01,9.6,72.2,9.4
480,1040,2025-12-01,5.8,77.6,7.0
481,1041,2025-01-01,6.5,54.6,6.9
482,1041,2025-02-01,5.3,88.2,5.7
483,1041,2025-03-01,7.5,55.6,6.8
484,1041,2025-04-01,7.4,92.9,8.4
485,1041,2025-05-01,7.2,81.5,6.5
486,1041,2025-06-01,6.3,86.1,7.8
487,1041,2025-07-01,8.7,97.9,8.7
488,1041,2025-08-01,8.4,87.9,8.4
489,1041,2025-09-01,6.8,81.6,7.4
490,1041,2025-10-01,3.6,75.7,4.7
491,1041,2025-11-01,6.8,71.3,8.0
492,1041,2025-12-01,8.3,64.2,8.9
493,1042,2025-01-01,7.6,74.7,6.3
494,1042,2025-02-01,5.4,100.0,4.3
495,1042,2025-03-01,7.4,89.4,6.4
496,1042,2025-04-01,7.0,52.3,6.7
497,1042,2025-05-01,4.6,91.5,5.6
498,1042,2025-06-01,5.1,94.1,4.2
499,1042,2025-07-01,8.6,92.6,10.0
500,1042,2025-08-01,6.1,90.2,6.1
501,1042,2025-09-01,9.8,95.0,10.0
502,1042,2025-10-01,7.8,56.3,7.0
503,1042,2025-11-01,7.8,77.3,8.3
504,1042,2025-12-01,3.8,73.0,2.5
505,1043,2025-01-01,7.1,75.5,7.9
506,1043,2025-02-01,7.6,62.5,6.9
507,1043,2025-03-01,5.9,61.8,6.0
508,1043,2025-04-01,3.8,83.4,6.4
509,1043,2025-05-01,7.1,83.3,6.4
510,1043,2025-06-01,8.1,69.1,8.6
511,1043,2025-07-01,6.5,79.5,7.5
512,1043,2025-08-01,7.3,58.8,8.4
513,1043,2025-09-01,6.0,93.0,5.1
514,1043,2025-10-01,7.4,73.7,7.3
515,1043,2025-11-01,7.9,77.2,7.3
516,1043,2025-12-01,8.1,72.2,8.9
517,1044,2025-01-01,6.0,85.1,6.8
518,1044,2025-02-01,5.6,67.4,4.4
519,1044,2025-03-01,7.3,42.8,7.1
520,1044,2025-04-01,9.1,91.9,8.3
521,1044,2025-05-01,6.9,87.3,7.8
522,1044,2025-06-01,6.9,53.4,7.0
523,1044,2025-07-01,6.7,100.0,6.9
524,1044,2025-08-01,5.6,76.9,5.4
525,1044,2025-09-01,7.8,97.0,8.0
526,1044,2025-10-01,5.2,48.0,6.6
527,1044,2025-11-01,7.6,86.5,7.4
528,1044,2025-12-01,5.2,58.3,5.3
529,1045,2025-01-01,7.0,74.9,7.3
530,1045,2025-02-01,7.5,36.9,6.2
531,1045,2025-03-01,5.8,100.0,4.5
532,1045,2025-04-01,5.7,82.3,7.5
533,1045,2025-05-01,5.9,84.5,5.8
534,1045,2025-06-01,6.2,100.0,6.0
535,1045,2025-07-01,5.6,90.1,5.3
536,1045,2025-08-01,9.0,43.7,9.5
537,1045,2025-09-01,7.4,48.7,8.8
538,1045,2025-10-01,5.0,100.0,6.2
539,1045,2025-11-01,8.1,70.0,8.0
540,1045,2025-12-01,7.5,77.9,7.4
541,1046,2025-01-01,7.0,74.7,6.8
542,1046,2025-02-01,6.2,72.9,7.0
543,1046,2025-03-01,7.1,50.2,7.8
544,1046,2025-04-01,5.3,88.4,5.5
545,1046,2025-05-01,6.0,85.0,5.2
546,1046,2025-06-01,6.1,70.0,5.1
547,1046,2025-07-01,9.5,63.3,8.8
548,1046,2025-08-01,8.1,68.6,8.2
549,1046,2025-09-01,6.6,55.1,7.2
550,1046,2025-10-01,8.9,100.0,8.5
551,1046,2025-11-01,8.1,71.2,7.4
552,1046,2025-12-01,6.6,88.1,7.7
553,1047,2025-01-01,7.8,97.8,5.3
554,1047,2025-02-01,4.7,91.5,5.9
555,1047,2025-03-01,7.1,70.3,6.9
556,1047,2025-04-01,7.6,86.7,8.1
557,1047,2025-05-01,6.3,49.2,6.2
558,1047,2025-06-01,7.5,95.3,6.9
559,1047,2025-07-01,6.9,72.1,6.9
560,1047,2025-08-01,7.6,50.1,7.5
561,1047,2025-09-01,7.5,98.5,8.6
562,1047,2025-10-01,8.5,86.8,8.2
563,1047,2025-11-01,7.8,65.1,7.7
564,1047,2025-12-01,4.6,66.7,4.5
565,1048,2025-01-01,8.0,39.2,9.8
566,1048,2025-02-01,7.6,100.0,7.6
567,1048,2025-03-01,5.8,64.8,6.4
568,1048,2025-04-01,7.6,60.9,6.6
569,1048,2025-05-01,7.6,76.0,7.1
570,1048,2025-06-01,9.0,100.0,9.2
571,1048,2025-07-01,5.8,74.7,6.0
572,1048,2025-08-01,3.8,79.6,3.8
573,1048,2025-09-01,7.1,93.7,7.1
574,1048,2025-10-01,8.2,55.3,8.5
575,1048,2025-11-01,8.1,55.6,7.5
576,1048,2025-12-01,8.3,79.7,8.0
577,1049,2025-01-01,9.0,78.7,7.1
578,1049,2025-02-01,7.9,71.0,7.8
579,1049,2025-03-01,5.7,64.5,5.2
580,1049,2025-04-01,9.2,73.9,8.8
581,1049,2025-05-01,5.4,100.0,5.7
582,1049,2025-06-01,5.2,78.9,3.9
583,1049,2025-07-01,6.5,65.9,6.9
584,1049,2025-08-01,7.4,52.0,8.8
585,1049,2025-09-01,8.5,80.0,7.1
586,1049,2025-10-01,8.7,68.4,10.0
587,1049,2025-11-01,8.2,73.3,6.6
588,1049,2025-12-01,9.3,67.2,9.3
589,1050,2025-01-01,7.1,77.2,6.5
590,1050,2025-02-01,9.1,67.9,9.3
591,1050,2025-03-01,8.5,80.2,8.2
592,1050,2025-04-01,8.2,73.1,7.5
593,1050,2025-05-01,4.8,78.1,6.0
594,1050,2025-06-01,7.6,75.2,7.9
595,1050,2025-07-01,3.9,70.9,3.2
596,1050,2025-08-01,7.5,69.3,8.0
597,1050,2025-09-01,6.9,70.0,6.2
598,1050,2025-10-01,4.5,87.3,4.6
599,1050,2025-11-01,8.0,54.6,9.8
600,1050,2025-12-01,6.4,100.0,8.0
601,1051,2025-01-01,10.0,71.7,10.0
602,1051,2025-02-01,7.7,74.6,8.6
603,1051,2025-03-01,5.6,70.5,5.3
604,1051,2025-04-01,7.5,90.7,8.0
605,1051,2025-05-01,,75.1,8.5
606,1051,2025-06-01,5.6,88.5,5.4
607,1051,2025-07-01,6.5,67.3,6.9
608,1051,2025-08-01,4.0,99.8,6.3
609,1051,2025-09-01,8.3,65.0,8.8
610,1051,2025-10-01,6.7,81.7,6.5
611,1051,2025-11-01,,87.8,5.7
612,1051,2025-12-01,5.2,77.4,6.2
613,1052,2025-01-01,7.6,62.3,7.9
614,1052,2025-02-01,7.9,96.1,8.0
615,1052,2025-03-01,9.8,56.9,8.5
616,1052,2025-04-01,8.7,83.8,9.3
617,1052,2025-05-01,8.2,78.2,9.8
618,1052,2025-06-01,7.4,98.4,6.4
619,1052,2025-07-01,9.5,81.5,10.0
620,1052,2025-08-01,9.2,100.0,9.1
621,1052,2025-09-01,7.4,87.8,7.9
622,1052,2025-10-01,6.9,60.4,7.3
623,1052,2025-11-01,6.0,63.2,6.4
624,1052,2025-12-01,7.6,50.9,9.4
625,1053,2025-01-01,8.3,84.2,8.6
626,1053,2025-02-01,5.9,82.6,6.6
627,1053,2025-03-01,7.8,97.6,9.0
628,1053,2025-04-01,10.0,66.3,10.0
629,1053,2025-05-01,9.3,90.1,9.5
630,1053,2025-06-01,9.3,87.1,7.8
631,1053,2025-07-01,7.3,72.4,6.3
632,1053,2025-08-01,6.8,100.0,6.9
633,1053,2025-09-01,8.3,86.5,9.2
634,1053,2025-10-01,5.0,97.1,4.2
635,1053,2025-11-01,4.8,89.6,4.9
636,1053,2025-12-01,7.2,100.0,6.9
637,1054,2025-01-01,7.8,56.7,8.4
638,1054,2025-02-01,6.1,91.4,6.6
639,1054,2025-03-01,5.9,62.3,7.3
640,1054,2025-04-01,8.5,96.0,10.0
641,1054,2025-05-01,10.0,91.7,10.0
642,1054,2025-06-01,7.7,82.7,6.5
643,1054,2025-07-01,6.3,74.3,5.7
644,1054,2025-08-01,9.1,59.6,9.0
645,1054,2025-09-01,7.5,75.8,8.1
646,1054,2025-10-01,7.8,32.9,8.1
647,1054,2025-11-01,6.3,71.6,7.6
648,1054,2025-12-01,7.5,67.5,7.2
649,1055,2025-01-01,6.5,76.4,4.9
650,1055,2025-02-01,8.3,73.8,9.4
651,1055,2025-03-01,4.6,94.8,4.6
652,1055,2025-04-01,7.5,62.8,9.7
653,1055,2025-05-01,8.9,82.3,9.6
654,1055,2025-06-01,6.8,81.4,7.2
655,1055,2025-07-01,7.0,97.1,5.3
656,1055,2025-08-01,7.4,99.2,5.7
657,1055,2025-09-01,9.5,87.2,8.4
658,1055,2025-10-01,6.2,68.0,7.4
659,1055,2025-11-01,6.9,58.9,8.4
660,1055,2025-12-01,5.8,74.7,8.2
661,1056,2025-01-01,5.9,66.0,4.7
662,1056,2025-02-01,6.9,62.5,6.2
663,1056,2025-03-01,6.4,87.3,6.6
664,1056,2025-04-01,6.3,79.7,5.9
665,1056,2025-05-01,7.1,87.2,6.8
666,1056,2025-06-01,8.8,50.5,8.7
667,1056,2025-07-01,4.9,62.3,4.0
668,1056,2025-08-01,6.8,82.6,5.0
669,1056,2025-09-01,5.4,79.6,5.8
670,1056,2025-10-01,6.6,53.5,7.2
671,1056,2025-11-01,5.5,58.4,5.1
672,1056,2025-12-01,5.8,61.0,6.5
673,1057,2025-01-01,9.0,80.2,7.7
674,1057,2025-02-01,8.6,70.2,9.2
675,1057,2025-03-01,7.8,84.4,8.1
676,1057,2025-04-01,6.7,95.5,5.5
677,1057,2025-05-01,7.0,75.0,7.1
678,1057,2025-06-01,6.9,92.1,7.3
679,1057,2025-07-01,7.7,93.5,8.4
680,1057,2025-08-01,6.7,70.7,8.6
681,1057,2025-09-01,7.8,84.6,7.1
682,1057,2025-10-01,6.9,83.7,5.5
683,1057,2025-11-01,7.9,60.9,7.6
684,1057,2025-12-01,6.7,67.6,6.0
685,1058,2025-01-01,7.0,72.0,5.9
686,1058,2025-02-01,3.9,80.9,3.8
687,1058,2025-03-01,6.0,47.1,5.0
688,1058,2025-04-01,5.7,70.6,5.0
689,1058,2025-05-01,7.0,78.1,7.0
690,1058,2025-06-01,5.6,72.4,4.6
691,1058,2025-07-01,9.3,85.9,10.0
692,1058,2025-08-01,6.7,88.5,7.1
693,1058,2025-09-01,9.2,73.8,7.9
694,1058,2025-10-01,,92.7,6.6
695,1058,2025-11-01,,85.9,8.5
696,1058,2025-12-01,5.7,92.9,6.5
697,1059,2025-01-01,6.5,47.8,5.9
698,1059,2025-02-01,7.5,77.4,6.3
699,1059,2025-03-01,6.8,70.5,6.6
700,1059,2025-04-01,7.6,90.4,8.6
701,1059,2025-05-01,7.5,48.3,8.3
702,1059,2025-06-01,6.9,100.0,7.1
703,1059,2025-07-01,7.1,79.8,6.5
704,1059,2025-08-01,5.7,98.6,6.5
705,1059,2025-09-01,6.5,76.6,5.9
706,1059,2025-10-01,6.2,84.8,6.5
707,1059,2025-11-01,7.5,84.0,6.5
708,1059,2025-12-01,6.7,82.3,6.1
709,1060,2025-01-01,7.2,59.9,8.3
710,1060,2025-02-01,6.3,85.4,7.0
711,1060,2025-03-01,8.3,78.7,10.0
712,1060,2025-04-01,7.5,42.8,7.1
713,1060,2025-05-01,5.4,79.6,5.6
714,1060,2025-06-01,5.8,59.6,6.0
715,1060,2025-07-01,9.4,41.4,8.8
716,1060,2025-08-01,7.1,63.1,7.4
717,1060,2025-09-01,7.5,89.6,8.2
718,1060,2025-10-01,2.6,88.5,1.0
719,1060,2025-11-01,7.3,94.2,6.6
720,1060,2025-12-01,7.0,54.8,7.8
721,1061,2025-01-01,6.5,67.2,6.5
722,1061,2025-02-01,8.4,79.5,8.2
723,1061,2025-03-01,8.3,75.1,8.8
724,1061,2025-04-01,7.2,89.4,5.9
725,1061,2025-05-01,9.5,90.4,10.0
726,1061,2025-06-01,9.0,82.9,8.2
727,1061,2025-07-01,6.1,86.3,4.6
728,1061,2025-08-01,6.1,87.7,5.8
729,1061,2025-09-01,9.2,81.1,7.4
730,1061,2025-10-01,6.0,48.6,5.6
731,1061,2025-11-01,7.8,86.3,9.0
732,1061,2025-12-01,5.7,48.9,4.8
733,1062,2025-01-01,8.4,62.6,9.6
734,1062,2025-02-01,8.5,71.2,10.0
735,1062,2025-03-01,7.9,85.0,8.7
736,1062,2025-04-01,6.2,69.9,7.0
737,1062,2025-05-01,7.7,93.8,6.3
738,1062,2025-06-01,5.8,65.3,7.2
739,1062,2025-07-01,7.7,87.4,9.3
740,1062,2025-08-01,9.0,84.6,8.0
741,1062,2025-09-01,8.6,63.8,10.0
742,1062,2025-10-01,7.2,60.9,6.8
743,1062,2025-11-01,5.1,89.3,4.7
744,1062,2025-12-01,5.7,83.7,6.8
745,1063,2025-01-01,8.4,69.7,8.6
746,1063,2025-02-01,7.1,87.3,7.8
747,1063,2025-03-01,5.5,70.2,5.2
748,1063,2025-04-01,6.5,93.2,6.8
749,1063,2025-05-01,7.9,73.1,6.7
750,1063,2025-06-01,6.9,53.1,5.9
751,1063,2025-07-01,8.1,67.1,8.2
752,1063,2025-08-01,8.8,88.6,8.2
753,1063,2025-09-01,5.3,67.4,5.7
754,1063,2025-10-01,5.2,75.4,5.8
755,1063,2025-11-01,7.5,91.3,7.3
756,1063,2025-12-01,7.1,76.3,8.7
757,1064,2025-01-01,8.3,83.7,8.7
758,1064,2025-02-01,8.4,54.8,8.9
759,1064,2025-03-01,6.4,47.5,6.2
760,1064,2025-04-01,5.9,76.8,5.6
761,1064,2025-05-01,8.1,51.8,6.7
762,1064,2025-06-01,6.4,78.2,5.3
763,1064,2025-07-01,5.8,88.9,6.5
764,1064,2025-08-01,3.8,68.5,3.0
765,1064,2025-09-01,8.1,83.7,8.1
766,1064,2025-10-01,4.3,42.4,3.3
767,1064,2025-11-01,6.3,100.0,6.2
768,1064,2025-12-01,6.8,54.0,6.7
769,1065,2025-01-01,6.3,95.3,8.3
770,1065,2025-02-01,8.2,73.6,10.0
771,1065,2025-03-01,8.2,66.6,9.7
772,1065,2025-04-01,7.6,51.7,7.1
773,1065,2025-05-01,8.0,65.6,10.0
774,1065,2025-06-01,6.6,98.0,6.5
775,1065,2025-07-01,9.4,42.8,8.0
776,1065,2025-08-01,9.1,69.4,7.8
777,1065,2025-09-01,4.3,54.9,4.2
778,1065,2025-10-01,9.6,81.3,9.4
779,1065,2025-11-01,6.8,57.4,7.9
780,1065,2025-12-01,9.0,85.7,7.6
781,1066,2025-01-01,7.7,58.9,8.8
782,1066,2025-02-01,8.9,64.6,10.0
783,1066,2025-03-01,7.6,59.3,9.1
784,1066,2025-04-01,8.9,88.1,9.4
785,1066,2025-05-01,7.1,93.4,7.5
786,1066,2025-06-01,8.8,68.3,8.0
787,1066,2025-07-01,8.7,80.4,8.8
788,1066,2025-08-01,7.7,64.5,7.6
789,1066,2025-09-01,4.8,61.7,4.8
790,1066,2025-10-01,7.9,69.1,6.8
791,1066,2025-11-01,8.9,54.9,7.8
792,1066,2025-12-01,6.5,87.5,4.1
793,1067,2025-01-01,5.5,81.0,5.4
794,1067,2025-02-01,5.8,69.6,8.2
795,1067,2025-03-01,5.7,70.4,7.3
796,1067,2025-04-01,10.0,49.4,9.9
797,1067,2025-05-01,8.8,39.8,10.0
798,1067,2025-06-01,9.5,79.5,9.6
799,1067,2025-07-01,8.1,95.1,8.6
800,1067,2025-08-01,6.7,47.1,7.5
801,1067,2025-09-01,5.9,62.9,6.0
802,1067,2025-10-01,9.6,85.6,9.0
803,1067,2025-11-01,9.7,76.9,10.0
804,1067,2025-12-01,7.6,76.9,7.3
805,1068,2025-01-01,6.3,80.8,6.1
806,1068,2025-02-01,8.3,54.5,8.1
807,1068,2025-03-01,7.6,66.4,7.9
808,1068,2025-04-01,8.1,60.5,8.1
809,1068,2025-05-01,7.8,41.7,8.5
810,1068,2025-06-01,7.6,85.5,7.1
811,1068,2025-07-01,6.2,83.2,6.5
812,1068,2025-08-01,8.0,91.9,9.0
813,1068,2025-09-01,8.7,74.3,10.0
814,1068,2025-10-01,7.8,67.7,6.7
815,1068,2025-11-01,7.6,99.9,7.0
816,1068,2025-12-01,8.8,75.9,9.6
817,1069,2025-01-01,6.8,70.3,5.3
818,1069,2025-02-01,8.2,84.4,9.9
819,1069,2025-03-01,7.8,77.4,8.0
820,1069,2025-04-01,8.3,64.2,6.1
821,1069,2025-05-01,4.0,58.2,3.8
822,1069,2025-06-01,6.4,90.0,5.6
823,1069,2025-07-01,5.3,53.5,7.0
824,1069,2025-08-01,9.3,79.2,10.0
825,1069,2025-09-01,6.4,86.1,7.5
826,1069,2025-10-01,4.7,76.8,4.7
827,1069,2025-11-01,8.4,79.5,7.2
828,1069,2025-12-01,7.5,100.0,7.4
829,1070,2025-01-01,7.4,72.5,8.1
830,1070,2025-02-01,9.2,67.1,10.0
831,1070,2025-03-01,7.4,91.7,7.6
832,1070,2025-04-01,8.5,77.1,6.2
833,1070,2025-05-01,8.4,99.8,7.9
834,1070,2025-06-01,7.2,85.0,6.6
835,1070,2025-07-01,6.5,96.7,7.5
836,1070,2025-08-01,7.2,81.0,5.7
837,1070,2025-09-01,6.7,57.1,6.4
838,1070,2025-10-01,2.9,81.5,4.0
839,1070,2025-11-01,5.4,100.0,5.7
840,1070,2025-12-01,8.9,62.3,8.3
841,1071,2025-01-01,6.7,82.7,7.6
842,1071,2025-02-01,6.8,84.0,8.2
843,1071,2025-03-01,6.4,69.9,6.5
844,1071,2025-04-01,9.1,60.5,9.1
845,1071,2025-05-01,7.2,68.2,6.4
846,1071,2025-06-01,8.1,64.1,8.2
847,1071,2025-07-01,7.8,78.2,8.3
848,1071,2025-08-01,10.0,69.7,10.0
849,1071,2025-09-01,6.8,86.5,8.6
850,1071,2025-10-01,6.3,86.6,7.8
851,1071,2025-11-01,7.0,59.3,7.7
852,1071,2025-12-01,6.7,45.7,6.6
853,1072,2025-01-01,6.8,71.8,5.4
854,1072,2025-02-01,6.9,55.4,6.1
855,1072,2025-03-01,8.5,70.9,8.3
856,1072,2025-04-01,8.1,79.8,8.5
857,1072,2025-05-01,6.7,90.0,6.2
858,1072,2025-06-01,7.6,62.1,7.8
859,1072,2025-07-01,7.2,73.3,6.5
860,1072,2025-08-01,5.3,77.3,5.2
861,1072,2025-09-01,10.0,88.2,10.0
862,1072,2025-10-01,8.8,52.1,7.6
863,1072,2025-11-01,6.4,74.2,6.6
864,1072,2025-12-01,7.0,51.7,6.9
865,1073,2025-01-01,10.0,74.8,10.0
866,1073,2025-02-01,7.4,65.1,8.3
867,1073,2025-03-01,7.3,84.6,7.4
868,1073,2025-04-01,8.4,68.7,7.6
869,1073,2025-05-01,5.4,61.9,5.6
870,1073,2025-06-01,8.8,94.3,7.6
871,1073,2025-07-01,6.8,91.7,5.7
872,1073,2025-08-01,6.5,75.1,7.6
873,1073,2025-09-01,5.4,73.2,3.7
874,1073,2025-10-01,7.2,100.0,5.7
875,1073,2025-11-01,7.7,84.8,7.8
876,1073,2025-12-01,6.3,56.3,6.0
877,1074,2025-01-01,6.6,78.9,6.5
878,1074,2025-02-01,8.2,80.5,6.8
879,1074,2025-03-01,6.7,62.3,6.7
880,1074,2025-04-01,6.8,67.6,8.1
881,1074,2025-05-01,7.0,53.9,7.5
882,1074,2025-06-01,5.1,53.7,5.8
883,1074,2025-07-01,5.4,92.1,3.2
884,1074,2025-08-01,8.9,95.7,8.5
885,1074,2025-09-01,6.8,56.2,7.2
886,1074,2025-10-01,5.5,71.4,3.9
887,1074,2025-11-01,4.0,76.6,4.1
888,1074,2025-12-01,7.1,74.5,7.9
889,1075,2025-01-01,9.3,82.4,7.7
890,1075,2025-02-01,8.0,72.6,7.4
891,1075,2025-03-01,6.9,44.3,6.2
892,1075,2025-04-01,4.9,87.2,4.7
893,1075,2025-05-01,7.8,58.7,8.3
894,1075,2025-06-01,7.3,92.0,6.0
895,1075,2025-07-01,9.1,79.2,8.0
896,1075,2025-08-01,10.0,83.8,10.0
897,1075,2025-09-01,7.7,72.9,8.4
898,1075,2025-10-01,7.2,72.3,7.0
899,1075,2025-11-01,4.9,61.5,5.7
900,1075,2025-12-01,5.6,70.0,4.8
901,1076,2025-01-01,8.0,80.5,6.6
902,1076,2025-02-01,7.5,73.3,8.8
903,1076,2025-03-01,6.4,99.6,5.4
904,1076,2025-04-01,6.2,75.3,6.8
905,1076,2025-05-01,5.8,77.3,6.8
906,1076,2025-06-01,7.7,150.0,8.5
907,1076,2025-07-01,7.6,85.2,8.1
908,1076,2025-08-01,5.6,98.6,5.2
909,1076,2025-09-01,6.3,58.2,6.3
910,1076,2025-10-01,6.9,67.7,4.9
911,1076,2025-11-01,4.6,88.8,3.2
912,1076,2025-12-01,8.5,59.4,9.8
913,1077,2025-01-01,7.9,74.1,7.7
914,1077,2025-02-01,8.5,47.1,9.8
915,1077,2025-03-01,6.5,79.0,5.9
916,1077,2025-04-01,8.1,72.4,7.9
917,1077,2025-05-01,7.6,95.2,8.5
918,1077,2025-06-01,7.1,86.8,5.6
919,1077,2025-07-01,7.1,70.3,8.6
920,1077,2025-08-01,5.7,71.1,6.2
921,1077,2025-09-01,8.5,57.8,7.6
922,1077,2025-10-01,9.4,66.3,10.0
923,1077,2025-11-01,7.7,84.6,6.8
924,1077,2025-12-01,7.1,60.4,6.9
925,1078,2025-01-01,6.6,100.0,9.5
926,1078,2025-02-01,6.8,85.8,6.6
927,1078,2025-03-01,4.9,71.0,3.3
928,1078,2025-04-01,8.8,66.9,9.7
929,1078,2025-05-01,7.2,93.7,7.2
930,1078,2025-06-01,7.5,62.6,6.3
931,1078,2025-07-01,6.4,62.5,6.1
932,1078,2025-08-01,5.9,57.5,5.3
933,1078,2025-09-01,7.8,69.1,7.0
934,1078,2025-10-01,6.3,82.8,3.6
935,1078,2025-11-01,5.6,75.4,6.1
936,1078,2025-12-01,6.3,91.1,6.0
937,1079,2025-01-01,4.3,86.7,3.6
938,1079,2025-02-01,8.3,78.4,9.9
939,1079,2025-03-01,6.4,78.1,7.3
940,1079,2025-04-01,7.8,88.8,8.1
941,1079,2025-05-01,5.0,78.2,5.2
942,1079,2025-06-01,4.9,100.0,3.9
943,1079,2025-07-01,9.3,81.3,10.0
944,1079,2025-08-01,2.8,66.4,1.8
945,1079,2025-09-01,6.7,72.4,6.9
946,1079,2025-10-01,4.6,79.1,4.6
947,1079,2025-11-01,5.4,88.9,5.8
948,1079,2025-12-01,5.9,69.5,6.9
949,1080,2025-01-01,6.6,52.9,5.1
950,1080,2025-02-01,5.9,82.6,4.7
951,1080,2025-03-01,7.9,83.1,6.9
952,1080,2025-04-01,7.2,87.2,6.5
953,1080,2025-05-01,7.8,78.9,10.0
954,1080,2025-06-01,6.2,78.0,5.1
955,1080,2025-07-01,6.5,61.8,5.7
956,1080,2025-08-01,8.2,52.0,7.0
957,1080,2025-09-01,8.1,86.2,8.6
958,1080,2025-10-01,6.6,76.2,4.5
959,1080,2025-11-01,8.9,65.6,10.0
960,1080,2025-12-01,7.5,68.2,7.4
961,1081,2025-01-01,7.0,73.5,7.3
962,1081,2025-02-01,7.8,53.1,7.1
963,1081,2025-03-01,6.2,52.8,7.1
964,1081,2025-04-01,6.2,77.4,7.1
965,1081,2025-05-01,7.6,70.3,7.9
966,1081,2025-06-01,7.6,75.6,8.6
967,1081,2025-07-01,5.2,88.2,3.3
968,1081,2025-08-01,9.1,61.8,9.4
969,1081,2025-09-01,8.3,92.5,7.3
970,1081,2025-10-01,6.3,87.4,6.3
971,1081,2025-11-01,7.2,100.0,8.3
972,1081,2025-12-01,7.1,62.8,6.8
973,1082,2025-01-01,7.6,74.0,7.8
974,1082,2025-02-01,8.8,64.3,7.7
975,1082,2025-03-01,6.1,97.9,7.3
976,1082,2025-04-01,7.7,53.3,8.2
977,1082,2025-05-01,6.5,62.3,6.1
978,1082,2025-06-01,6.7,69.9,7.5
979,1082,2025-07-01,9.0,71.1,9.3
980,1082,2025-08-01,8.7,92.7,7.8
981,1082,2025-09-01,8.4,68.2,7.9
982,1082,2025-10-01,,61.0,6.8
983,1082,2025-11-01,6.3,70.0,6.3
984,1082,2025-12-01,5.7,87.2,4.6
985,1083,2025-01-01,7.0,72.1,7.4
986,1083,2025-02-01,8.2,79.4,8.1
987,1083,2025-03-01,7.1,72.5,8.9
988,1083,2025-04-01,7.2,84.8,6.8
989,1083,2025-05-01,7.2,73.8,6.1
990,1083,2025-06-01,7.2,100.0,8.7
991,1083,2025-07-01,5.1,96.0,5.3
992,1083,2025-08-01,6.5,78.5,5.1
993,1083,2025-09-01,4.9,87.7,5.3
994,1083,2025-10-01,6.0,83.3,6.6
995,1083,2025-11-01,7.8,73.5,8.2
996,1083,2025-12-01,6.2,93.0,6.4
997,1084,2025-01-01,,64.9,6.9
998,1084,2025-02-01,4.7,85.4,5.3
999,1084,2025-03-01,5.7,100.0,6.5
1000,1084,2025-04-01,10.0,81.2,10.0
1001,1084,2025-05-01,2.9,100.0,1.9
1002,1084,2025-06-01,7.8,90.6,7.1
1003,1084,2025-07-01,7.5,100.0,7.0
1004,1084,2025-08-01,6.7,95.5,5.9
1005,1084,2025-09-01,7.4,82.2,7.7
1006,1084,2025-10-01,,67.6,8.1
1007,1084,2025-11-01,5.1,57.4,3.6
1008,1084,2025-12-01,10.0,82.1,8.7
1009,1085,2025-01-01,7.6,88.1,8.7
1010,1085,2025-02-01,6.5,77.9,7.4
1011,1085,2025-03-01,7.8,70.3,8.2
1012,1085,2025-04-01,6.1,64.2,5.5
1013,1085,2025-05-01,7.6,54.4,5.6
1014,1085,2025-06-01,5.2,58.5,5.4
1015,1085,2025-07-01,5.3,49.6,5.0
1016,1085,2025-08-01,6.3,100.0,6.0
1017,1085,2025-09-01,6.1,96.0,6.8
1018,1085,2025-10-01,6.5,95.8,6.9
1019,1085,2025-11-01,8.8,85.7,9.5
1020,1085,2025-12-01,9.2,79.0,9.1
1021,1086,2025-01-01,8.4,84.3,9.4
1022,1086,2025-02-01,8.0,95.5,7.9
1023,1086,2025-03-01,5.3,76.7,5.4
1024,1086,2025-04-01,6.9,94.9,5.4
1025,1086,2025-05-01,9.6,44.7,9.6
1026,1086,2025-06-01,7.9,81.2,7.3
1027,1086,2025-07-01,6.4,57.2,6.5
1028,1086,2025-08-01,6.0,49.5,7.2
1029,1086,2025-09-01,6.3,62.8,6.1
1030,1086,2025-10-01,6.6,79.1,6.7
1031,1086,2025-11-01,5.6,64.5,4.9
1032,1086,2025-12-01,6.7,68.1,8.2
1033,1087,2025-01-01,6.4,79.7,6.4
1034,1087,2025-02-01,8.0,82.3,7.4
1035,1087,2025-03-01,7.2,100.0,7.5
1036,1087,2025-04-01,6.7,77.6,7.7
1037,1087,2025-05-01,8.0,73.0,6.0
1038,1087,2025-06-01,9.6,71.7,7.7
1039,1087,2025-07-01,6.9,95.4,7.2
1040,1087,2025-08-01,6.8,76.5,7.4
1041,1087,2025-09-01,7.1,80.9,5.8
1042,1087,2025-10-01,6.7,82.2,6.7
1043,1087,2025-11-01,8.0,150.0,8.0
1044,1087,2025-12-01,7.3,59.1,6.9
1045,1088,2025-01-01,7.7,67.6,7.6
1046,1088,2025-02-01,6.5,97.9,7.7
1047,1088,2025-03-01,5.4,76.8,4.5
1048,1088,2025-04-01,6.7,71.4,9.0
1049,1088,2025-05-01,5.0,84.4,4.7
1050,1088,2025-06-01,7.0,72.4,7.0
1051,1088,2025-07-01,5.9,83.4,5.9
1052,1088,2025-08-01,6.7,79.4,6.6
1053,1088,2025-09-01,7.7,67.2,6.9
1054,1088,2025-10-01,7.0,78.4,5.2
1055,1088,2025-11-01,9.2,78.2,10.0
1056,1088,2025-12-01,6.2,77.6,6.4
1057,1089,2025-01-01,7.0,72.9,7.9
1058,1089,2025-02-01,8.6,94.3,9.2
1059,1089,2025-03-01,8.2,100.0,7.4
1060,1089,2025-04-01,5.8,87.2,5.4
1061,1089,2025-05-01,7.5,97.8,6.4
1062,1089,2025-06-01,7.3,63.3,8.5
1063,1089,2025-07-01,5.7,76.6,6.0
1064,1089,2025-08-01,4.1,74.2,2.6
1065,1089,2025-09-01,7.4,82.6,7.5
1066,1089,2025-10-01,6.4,88.6,6.6
1067,1089,2025-11-01,7.9,77.8,8.3
1068,1089,2025-12-01,7.2,82.4,7.6
1069,1090,2025-01-01,8.4,88.2,8.6
1070,1090,2025-02-01,5.4,70.3,6.5
1071,1090,2025-03-01,8.4,59.8,9.2
1072,1090,2025-04-01,10.0,76.8,9.0
1073,1090,2025-05-01,5.3,79.6,5.2
1074,1090,2025-06-01,6.3,78.9,8.6
1075,1090,2025-07-01,8.5,69.5,8.6
1076,1090,2025-08-01,4.5,61.7,4.9
1077,1090,2025-09-01,6.4,35.1,7.0
1078,1090,2025-10-01,9.2,75.4,8.7
1079,1090,2025-11-01,5.5,68.2,4.2
1080,1090,2025-12-01,5.5,94.7,7.0
1081,1091,2025-01-01,7.7,72.5,7.9
1082,1091,2025-02-01,8.1,53.0,8.9
1083,1091,2025-03-01,4.4,83.8,3.4
1084,1091,2025-04-01,8.6,74.7,8.4
1085,1091,2025-05-01,8.4,100.0,8.2
1086,1091,2025-06-01,6.4,69.8,5.7
1087,1091,2025-07-01,6.2,68.3,7.9
1088,1091,2025-08-01,4.8,65.6,6.3
1089,1091,2025-09-01,9.7,64.9,9.8
1090,1091,2025-10-01,8.3,58.6,9.3
1091,1091,2025-11-01,9.6,77.9,10.0
1092,1091,2025-12-01,6.6,92.7,5.9
1093,1092,2025-01-01,7.1,56.7,6.2
1094,1092,2025-02-01,9.0,68.2,8.3
1095,1092,2025-03-01,8.4,50.8,7.6
1096,1092,2025-04-01,8.3,64.0,7.9
1097,1092,2025-05-01,6.5,52.1,7.7
1098,1092,2025-06-01,7.3,68.4,6.4
1099,1092,2025-07-01,5.1,68.1,5.1
1100,1092,2025-08-01,9.4,89.7,10.0
1101,1092,2025-09-01,6.0,81.7,6.5
1102,1092,2025-10-01,6.8,82.0,5.6
1103,1092,2025-11-01,10.0,74.5,9.1
1104,1092,2025-12-01,9.3,85.6,10.0
1105,1093,2025-01-01,9.8,87.4,9.2
1106,1093,2025-02-01,7.5,50.8,6.8
1107,1093,2025-03-01,7.6,66.6,7.8
1108,1093,2025-04-01,7.5,89.9,6.6
1109,1093,2025-05-01,7.9,71.6,9.0
1110,1093,2025-06-01,9.1,93.6,8.7
1111,1093,2025-07-01,7.8,73.9,7.4
1112,1093,2025-08-01,9.0,90.2,7.9
1113,1093,2025-09-01,4.3,65.0,5.5
1114,1093,2025-10-01,7.1,52.0,6.6
1115,1093,2025-11-01,9.4,72.5,9.7
1116,1093,2025-12-01,6.1,73.5,7.0
1117,1094,2025-01-01,9.0,76.7,8.7
1118,1094,2025-02-01,7.9,85.6,6.5
1119,1094,2025-03-01,7.2,83.6,5.9
1120,1094,2025-04-01,7.4,59.0,6.3
1121,1094,2025-05-01,6.4,68.5,8.9
1122,1094,2025-06-01,6.9,54.1,8.0
1123,1094,2025-07-01,9.2,71.2,10.0
1124,1094,2025-08-01,7.1,84.2,7.9
1125,1094,2025-09-01,6.4,100.0,6.3
1126,1094,2025-10-01,7.5,66.2,7.8
1127,1094,2025-11-01,7.2,74.6,7.4
1128,1094,2025-12-01,7.5,91.7,7.7
1129,1095,2025-01-01,10.0,70.8,9.2
1130,1095,2025-02-01,9.7,99.5,9.1
1131,1095,2025-03-01,6.8,60.2,6.5
1132,1095,2025-04-01,8.3,85.6,7.6
1133,1095,2025-05-01,6.2,71.1,6.4
1134,1095,2025-06-01,9.1,60.1,9.5
1135,1095,2025-07-01,7.4,66.6,9.0
1136,1095,2025-08-01,8.0,86.1,8.8
1137,1095,2025-09-01,8.4,70.2,7.2
1138,1095,2025-10-01,7.4,150.0,8.2
1139,1095,2025-11-01,7.9,95.0,7.3
1140,1095,2025-12-01,7.6,80.1,8.8
1141,1096,2025-01-01,8.0,95.3,10.0
1142,1096,2025-02-01,6.1,84.6,6.1
1143,1096,2025-03-01,7.2,95.7,7.6
1144,1096,2025-04-01,10.0,84.2,10.0
1145,1096,2025-05-01,6.1,41.5,6.1
1146,1096,2025-06-01,6.8,65.4,7.1
1147,1096,2025-07-01,6.6,65.5,6.8
1148,1096,2025-08-01,7.4,89.2,8.3
1149,1096,2025-09-01,7.1,67.2,6.8
1150,1096,2025-10-01,6.4,70.0,5.2
1151,1096,2025-11-01,8.0,57.1,9.8
1152,1096,2025-12-01,7.6,98.7,7.6
1153,1097,2025-01-01,5.2,81.1,6.6
1154,1097,2025-02-01,7.7,89.7,7.7
1155,1097,2025-03-01,10.0,95.9,8.6
1156,1097,2025-04-01,6.2,76.2,5.5
1157,1097,2025-05-01,8.4,39.4,8.7
1158,1097,2025-06-01,7.9,64.8,6.8
1159,1097,2025-07-01,6.1,80.4,7.0
1160,1097,2025-08-01,3.7,36.3,2.9
1161,1097,2025-09-01,8.9,70.9,8.7
1162,1097,2025-10-01,7.4,75.9,7.3
1163,1097,2025-11-01,7.2,84.5,6.0
1164,1097,2025-12-01,9.3,77.4,9.2
1165,1098,2025-01-01,9.1,52.8,9.8
1166,1098,2025-02-01,5.9,57.9,7.4
1167,1098,2025-03-01,6.7,66.6,5.0
1168,1098,2025-04-01,7.5,94.5,4.0
1169,1098,2025-05-01,7.4,67.3,8.4
1170,1098,2025-06-01,6.3,150.0,5.0
1171,1098,2025-07-01,9.7,97.4,9.6
1172,1098,2025-08-01,6.1,80.8,4.8
1173,1098,2025-09-01,8.5,82.4,8.2
1174,1098,2025-10-01,5.6,57.9,5.9
1175,1098,2025-11-01,6.3,74.1,4.6
1176,1098,2025-12-01,9.7,87.9,10.0
1177,1099,2025-01-01,5.1,51.6,6.0
1178,1099,2025-02-01,7.1,85.5,6.5
1179,1099,2025-03-01,7.0,150.0,6.9
1180,1099,2025-04-01,6.4,78.8,6.1
1181,1099,2025-05-01,6.1,77.2,7.0
1182,1099,2025-06-01,4.9,62.0,6.3
1183,1099,2025-07-01,7.4,79.5,6.8
1184,1099,2025-08-01,5.9,78.8,5.3
1185,1099,2025-09-01,7.9,64.8,7.2
1186,1099,2025-10-01,7.4,97.8,8.7
1187,1099,2025-11-01,7.5,66.9,7.4
1188,1099,2025-12-01,6.4,89.5,6.0
1189,1100,2025-01-01,5.9,66.0,7.1
1190,1100,2025-02-01,7.1,64.3,6.6
1191,1100,2025-03-01,6.4,88.2,5.7
1192,1100,2025-04-01,8.2,73.5,7.3
1193,1100,2025-05-01,7.4,97.0,6.7
1194,1100,2025-06-01,6.7,41.2,7.9
1195,1100,2025-07-01,10.0,84.9,9.5
1196,1100,2025-08-01,7.7,100.0,8.6
1197,1100,2025-09-01,7.2,93.6,6.9
1198,1100,2025-10-01,7.1,87.8,6.2
1199,1100,2025-11-01,5.6,75.7,5.8
1200,1100,2025-12-01,7.0,74.2,6.7
1201,1101,2025-01-01,6.5,65.0,6.7
1202,1101,2025-02-01,8.1,67.1,8.4
1203,1101,2025-03-01,5.8,76.9,5.3
1204,1101,2025-04-01,7.9,80.4,6.9
1205,1101,2025-05-01,7.0,65.7,9.0
1206,1101,2025-06-01,8.1,84.3,6.9
1207,1101,2025-07-01,9.6,91.6,10.0
1208,1101,2025-08-01,10.0,54.3,10.0
1209,1101,2025-09-01,4.5,75.0,5.2
1210,1101,2025-10-01,9.3,95.4,9.8
1211,1101,2025-11-01,8.5,72.6,7.5
1212,1101,2025-12-01,5.7,90.2,3.8
1213,1102,2025-01-01,8.8,68.5,9.4
1214,1102,2025-02-01,7.6,81.5,6.8
1215,1102,2025-03-01,5.1,50.1,5.6
1216,1102,2025-04-01,,95.7,9.0
1217,1102,2025-05-01,8.8,70.0,8.7
1218,1102,2025-06-01,6.4,73.5,5.2
1219,1102,2025-07-01,10.0,91.6,8.5
1220,1102,2025-08-01,6.4,62.6,6.5
1221,1102,2025-09-01,6.0,93.5,4.9
1222,1102,2025-10-01,5.7,81.7,6.0
1223,1102,2025-11-01,7.1,94.8,7.9
1224,1102,2025-12-01,6.3,93.9,6.7
1225,1103,2025-01-01,7.1,85.0,6.3
1226,1103,2025-02-01,6.6,64.9,6.3
1227,1103,2025-03-01,7.7,76.9,6.7
1228,1103,2025-04-01,6.8,60.4,5.7
1229,1103,2025-05-01,5.6,96.7,6.2
1230,1103,2025-06-01,6.6,73.5,8.2
1231,1103,2025-07-01,8.9,100.0,7.1
1232,1103,2025-08-01,8.3,97.0,8.8
1233,1103,2025-09-01,6.7,81.8,6.8
1234,1103,2025-10-01,8.0,76.9,7.1
1235,1103,2025-11-01,5.6,80.5,5.6
1236,1103,2025-12-01,7.0,97.5,4.6
1237,1104,2025-01-01,5.6,59.6,5.0
1238,1104,2025-02-01,8.8,77.2,8.9
1239,1104,2025-03-01,5.1,63.9,3.7
1240,1104,2025-04-01,4.7,90.4,6.5
1241,1104,2025-05-01,7.4,77.4,8.2
1242,1104,2025-06-01,6.6,84.7,5.6
1243,1104,2025-07-01,7.8,77.0,7.4
1244,1104,2025-08-01,7.8,77.0,9.5
1245,1104,2025-09-01,6.6,97.2,5.9
1246,1104,2025-10-01,7.6,60.1,6.3
1247,1104,2025-11-01,7.3,55.9,7.0
1248,1104,2025-12-01,8.9,61.3,9.4
1249,1105,2025-01-01,7.4,43.3,6.6
1250,1105,2025-02-01,8.4,55.2,7.7
1251,1105,2025-03-01,7.2,76.4,8.6
1252,1105,2025-04-01,9.2,100.0,9.0
1253,1105,2025-05-01,9.1,76.3,8.3
1254,1105,2025-06-01,8.1,76.4,7.8
1255,1105,2025-07-01,7.7,65.2,7.0
1256,1105,2025-08-01,7.4,52.0,8.1
1257,1105,2025-09-01,8.3,79.1,8.2
1258,1105,2025-10-01,6.1,70.2,5.9
1259,1105,2025-11-01,7.7,72.5,9.0
1260,1105,2025-12-01,7.0,80.1,6.7
1261,1106,2025-01-01,6.1,85.5,6.4
1262,1106,2025-02-01,5.7,82.6,5.1
1263,1106,2025-03-01,5.8,72.7,4.5
1264,1106,2025-04-01,7.0,75.2,6.2
1265,1106,2025-05-01,5.1,88.3,4.5
1266,1106,2025-06-01,7.6,100.0,7.3
1267,1106,2025-07-01,6.2,63.8,5.0
1268,1106,2025-08-01,6.9,71.9,7.2
1269,1106,2025-09-01,10.0,83.3,10.0
1270,1106,2025-10-01,9.6,74.7,9.8
1271,1106,2025-11-01,8.8,87.6,8.5
1272,1106,2025-12-01,6.6,72.9,6.6
1273,1107,2025-01-01,8.3,83.6,8.7
1274,1107,2025-02-01,9.2,77.7,9.7
1275,1107,2025-03-01,8.1,77.6,7.7
1276,1107,2025-04-01,9.8,100.0,10.0
1277,1107,2025-05-01,8.2,53.4,8.1
1278,1107,2025-06-01,7.8,78.2,6.6
1279,1107,2025-07-01,8.3,73.1,7.3
1280,1107,2025-08-01,7.6,94.2,6.2
1281,1107,2025-09-01,7.1,70.3,7.6
1282,1107,2025-10-01,8.9,63.3,10.0
1283,1107,2025-11-01,6.4,72.2,5.6
1284,1107,2025-12-01,6.5,93.9,6.4
1285,1108,2025-01-01,6.6,69.4,8.3
1286,1108,2025-02-01,7.1,84.5,6.4
1287,1108,2025-03-01,6.6,92.8,6.9
1288,1108,2025-04-01,10.0,69.5,9.6
1289,1108,2025-05-01,6.2,89.0,4.8
1290,1108,2025-06-01,6.1,75.1,5.8
1291,1108,2025-07-01,9.6,71.4,10.0
1292,1108,2025-08-01,7.0,49.6,7.5
1293,1108,2025-09-01,5.8,62.3,6.3
1294,1108,2025-10-01,8.1,45.3,8.6
1295,1108,2025-11-01,6.6,73.2,6.2
1296,1108,2025-12-01,7.5,61.3,6.7
1297,1109,2025-01-01,7.8,86.6,9.4
1298,1109,2025-02-01,8.1,58.4,8.9
1299,1109,2025-03-01,4.5,76.6,5.2
1300,1109,2025-04-01,6.2,70.5,7.8
1301,1109,2025-05-01,7.0,63.5,7.7
1302,1109,2025-06-01,7.6,81.5,7.8
1303,1109,2025-07-01,8.5,92.1,8.3
1304,1109,2025-08-01,7.5,58.0,8.1
1305,1109,2025-09-01,8.0,53.7,7.6
1306,1109,2025-10-01,5.4,52.2,3.8
1307,1109,2025-11-01,4.2,75.4,5.4
1308,1109,2025-12-01,7.1,78.0,9.2
1309,1110,2025-01-01,6.8,78.0,6.5
1310,1110,2025-02-01,6.6,89.2,6.4
1311,1110,2025-03-01,5.9,85.5,5.3
1312,1110,2025-04-01,6.3,91.6,6.4
1313,1110,2025-05-01,8.0,95.4,9.4
1314,1110,2025-06-01,9.0,100.0,8.8
1315,1110,2025-07-01,9.5,62.2,10.0
1316,1110,2025-08-01,7.3,82.0,8.3
1317,1110,2025-09-01,5.0,83.3,4.4
1318,1110,2025-10-01,10.0,59.3,10.0
1319,1110,2025-11-01,5.4,67.9,4.3
1320,1110,2025-12-01,5.1,86.2,5.1
1321,1111,2025-01-01,6.8,77.1,6.6
1322,1111,2025-02-01,8.2,82.3,8.2
1323,1111,2025-03-01,8.9,59.7,7.9
1324,1111,2025-04-01,5.5,78.1,6.7
1325,1111,2025-05-01,7.4,83.5,5.6
1326,1111,2025-06-01,6.7,88.7,7.7
1327,1111,2025-07-01,7.9,100.0,7.4
1328,1111,2025-08-01,7.3,91.2,7.8
1329,1111,2025-09-01,5.1,56.3,4.7
1330,1111,2025-10-01,7.4,73.9,8.0
1331,1111,2025-11-01,6.5,74.9,8.7
1332,1111,2025-12-01,5.8,63.3,3.9
1333,1112,2025-01-01,5.6,78.4,7.3
1334,1112,2025-02-01,7.8,77.8,8.0
1335,1112,2025-03-01,5.9,64.5,6.4
1336,1112,2025-04-01,7.7,78.0,8.0
1337,1112,2025-05-01,5.4,90.5,5.9
1338,1112,2025-06-01,6.5,73.5,7.5
1339,1112,2025-07-01,6.8,71.7,5.8
1340,1112,2025-08-01,5.9,72.6,7.6
1341,1112,2025-09-01,7.4,87.5,7.7
1342,1112,2025-10-01,7.7,69.1,8.1
1343,1112,2025-11-01,5.4,52.9,5.1
1344,1112,2025-12-01,6.8,59.0,8.1
1345,1113,2025-01-01,8.6,99.7,8.1
1346,1113,2025-02-01,8.9,85.9,8.3
1347,1113,2025-03-01,7.1,99.6,6.7
1348,1113,2025-04-01,6.4,90.8,6.1
1349,1113,2025-05-01,9.2,100.0,9.6
1350,1113,2025-06-01,9.2,70.2,10.0
1351,1113,2025-07-01,8.3,67.4,7.5
1352,1113,2025-08-01,7.8,95.6,7.3
1353,1113,2025-09-01,10.0,82.4,9.5
1354,1113,2025-10-01,7.4,63.8,6.6
1355,1113,2025-11-01,9.2,74.2,9.3
1356,1113,2025-12-01,6.0,71.2,6.3
1357,1114,2025-01-01,6.4,91.0,7.2
1358,1114,2025-02-01,4.7,93.4,5.7
1359,1114,2025-03-01,9.0,81.6,9.0
1360,1114,2025-04-01,8.3,53.0,8.2
1361,1114,2025-05-01,9.1,87.4,8.9
1362,1114,2025-06-01,7.0,81.9,6.3
1363,1114,2025-07-01,7.5,77.5,7.8
1364,1114,2025-08-01,6.3,62.5,6.0
1365,1114,2025-09-01,6.3,81.4,6.2
1366,1114,2025-10-01,10.0,80.0,9.9
1367,1114,2025-11-01,6.5,100.0,6.7
1368,1114,2025-12-01,8.3,54.7,9.2
1369,1115,2025-01-01,8.7,75.5,8.8
1370,1115,2025-02-01,8.7,77.6,7.5
1371,1115,2025-03-01,4.6,77.9,5.9
1372,1115,2025-04-01,6.8,47.8,9.1
1373,1115,2025-05-01,5.7,59.9,6.6
1374,1115,2025-06-01,8.0,64.6,9.7
1375,1115,2025-07-01,6.8,44.9,6.6
1376,1115,2025-08-01,4.7,88.1,5.2
1377,1115,2025-09-01,5.7,66.6,5.9
1378,1115,2025-10-01,7.0,100.0,7.7
1379,1115,2025-11-01,6.8,80.0,8.1
1380,1115,2025-12-01,6.8,95.7,5.9
1381,1116,2025-01-01,8.4,90.1,7.5
1382,1116,2025-02-01,6.5,50.4,6.2
1383,1116,2025-03-01,6.1,63.3,5.8
1384,1116,2025-04-01,7.7,74.6,9.0
1385,1116,2025-05-01,5.4,83.8,5.7
1386,1116,2025-06-01,6.5,59.2,6.8
1387,1116,2025-07-01,7.3,70.8,7.8
1388,1116,2025-08-01,9.0,78.0,7.0
1389,1116,2025-09-01,9.5,63.2,9.7
1390,1116,2025-10-01,8.5,72.9,8.6
1391,1116,2025-11-01,7.6,92.8,9.1
1392,1116,2025-12-01,6.6,72.0,5.7
1393,1117,2025-01-01,5.8,52.1,6.2
1394,1117,2025-02-01,7.5,65.6,8.5
1395,1117,2025-03-01,7.9,70.7,7.8
1396,1117,2025-04-01,6.5,51.2,6.9
1397,1117,2025-05-01,6.9,85.0,7.7
1398,1117,2025-06-01,6.3,73.1,5.6
1399,1117,2025-07-01,5.5,81.5,2.6
1400,1117,2025-08-01,8.2,81.4,7.9
1401,1117,2025-09-01,8.1,63.7,8.0
1402,1117,2025-10-01,10.0,71.5,10.0
1403,1117,2025-11-01,7.1,72.6,8.3
1404,1117,2025-12-01,5.0,51.5,6.1
1405,1118,2025-01-01,7.1,55.3,6.6
1406,1118,2025-02-01,4.9,58.9,5.7
1407,1118,2025-03-01,8.4,80.3,8.7
1408,1118,2025-04-01,7.0,65.2,7.8
1409,1118,2025-05-01,8.7,85.1,7.0
1410,1118,2025-06-01,8.1,69.3,8.2
1411,1118,2025-07-01,6.0,65.0,6.8
1412,1118,2025-08-01,6.6,77.0,7.0
1413,1118,2025-09-01,9.3,86.5,9.1
1414,1118,2025-10-01,8.7,63.1,8.0
1415,1118,2025-11-01,6.5,86.7,5.8
1416,1118,2025-12-01,7.5,82.9,7.8
1417,1119,2025-01-01,7.1,72.5,7.3
1418,1119,2025-02-01,7.6,86.3,6.8
1419,1119,2025-03-01,7.8,89.7,8.3
1420,1119,2025-04-01,10.0,63.4,10.0
1421,1119,2025-05-01,10.0,51.7,10.0
1422,1119,2025-06-01,7.1,78.4,7.0
1423,1119,2025-07-01,3.7,80.0,4.8
1424,1119,2025-08-01,6.2,81.9,7.0
1425,1119,2025-09-01,8.4,69.8,8.5
1426,1119,2025-10-01,7.0,70.5,7.2
1427,1119,2025-11-01,6.4,71.3,6.1
1428,1119,2025-12-01,8.6,64.1,7.6
1429,1120,2025-01-01,7.4,90.8,6.3
1430,1120,2025-02-01,8.7,77.1,9.1
1431,1120,2025-03-01,7.0,82.7,8.5
1432,1120,2025-04-01,9.2,64.0,7.8
1433,1120,2025-05-01,8.0,77.3,6.7
1434,1120,2025-06-01,7.9,50.8,6.8
1435,1120,2025-07-01,5.9,80.4,5.7
1436,1120,2025-08-01,7.2,77.6,6.4
1437,1120,2025-09-01,7.0,71.6,8.5
1438,1120,2025-10-01,8.6,83.3,8.0
1439,1120,2025-11-01,7.0,100.0,6.7
1440,1120,2025-12-01,6.4,87.0,7.3
1441,1121,2025-01-01,8.2,84.4,7.2
1442,1121,2025-02-01,7.7,60.8,8.7
1443,1121,2025-03-01,7.6,68.1,5.8
1444,1121,2025-04-01,10.0,54.5,7.9
1445,1121,2025-05-01,6.5,93.7,7.1
1446,1121,2025-06-01,6.0,66.4,6.1
1447,1121,2025-07-01,5.9,61.3,6.3
1448,1121,2025-08-01,7.7,64.6,7.4
1449,1121,2025-09-01,7.9,88.6,7.2
1450,1121,2025-10-01,6.4,84.9,6.5
1451,1121,2025-11-01,6.2,66.9,6.8
1452,1121,2025-12-01,6.2,80.9,6.2
1453,1122,2025-01-01,5.8,64.8,5.9
1454,1122,2025-02-01,8.5,68.9,9.0
1455,1122,2025-03-01,10.0,69.0,10.0
1456,1122,2025-04-01,6.9,81.8,6.9
1457,1122,2025-05-01,7.2,62.9,7.7
1458,1122,2025-06-01,9.9,83.3,10.0
1459,1122,2025-07-01,8.5,76.4,7.3
1460,1122,2025-08-01,7.5,55.2,8.9
1461,1122,2025-09-01,8.0,75.1,7.0
1462,1122,2025-10-01,6.8,56.6,7.3
1463,1122,2025-11-01,7.5,75.2,7.1
1464,1122,2025-12-01,7.7,66.4,7.8
1465,1123,2025-01-01,5.1,66.0,5.1
1466,1123,2025-02-01,7.9,60.9,9.3
1467,1123,2025-03-01,8.5,56.5,9.7
1468,1123,2025-04-01,8.6,74.7,9.2
1469,1123,2025-05-01,5.0,92.1,6.0
1470,1123,2025-06-01,4.5,74.4,3.3
1471,1123,2025-07-01,8.3,86.3,10.0
1472,1123,2025-08-01,8.8,79.2,8.6
1473,1123,2025-09-01,6.2,74.2,8.8
1474,1123,2025-10-01,8.6,71.8,9.1
1475,1123,2025-11-01,7.8,51.0,8.1
1476,1123,2025-12-01,5.6,88.4,6.4
1477,1124,2025-01-01,8.4,100.0,7.6
1478,1124,2025-02-01,4.7,66.1,4.9
1479,1124,2025-03-01,7.2,69.7,8.5
1480,1124,2025-04-01,6.8,42.3,5.7
1481,1124,2025-05-01,9.4,91.1,7.9
1482,1124,2025-06-01,,87.8,10.0
1483,1124,2025-07-01,6.9,46.3,7.8
1484,1124,2025-08-01,4.9,81.6,5.2
1485,1124,2025-09-01,7.9,47.2,7.2
1486,1124,2025-10-01,6.3,73.3,6.0
1487,1124,2025-11-01,7.8,83.0,5.9
1488,1124,2025-12-01,6.8,47.2,4.3
1489,1125,2025-01-01,6.6,77.8,5.6
1490,1125,2025-02-01,6.1,93.8,7.2
1491,1125,2025-03-01,9.0,58.8,10.0
1492,1125,2025-04-01,7.7,100.0,7.8
1493,1125,2025-05-01,6.2,87.6,5.3
1494,1125,2025-06-01,6.6,50.6,7.5
1495,1125,2025-07-01,6.2,86.2,6.1
1496,1125,2025-08-01,6.0,90.2,4.5
1497,1125,2025-09-01,8.1,70.4,7.8
1498,1125,2025-10-01,5.9,45.1,5.7
1499,1125,2025-11-01,8.1,63.8,9.3
1500,1125,2025-12-01,9.8,62.9,10.0
1501,1126,2025-01-01,7.2,79.5,7.0
1502,1126,2025-02-01,9.4,65.2,10.0
1503,1126,2025-03-01,7.6,64.8,7.0
1504,1126,2025-04-01,6.2,100.0,6.4
1505,1126,2025-05-01,7.5,55.6,8.4
1506,1126,2025-06-01,9.0,61.9,10.0
1507,1126,2025-07-01,7.5,65.4,8.2
1508,1126,2025-08-01,8.5,66.1,10.0
1509,1126,2025-09-01,9.1,81.4,8.3
1510,1126,2025-10-01,5.6,75.6,6.8
1511,1126,2025-11-01,7.4,81.6,8.0
1512,1126,2025-12-01,9.6,56.8,8.8
1513,1127,2025-01-01,9.1,72.7,9.1
1514,1127,2025-02-01,10.0,100.0,10.0
1515,1127,2025-03-01,6.2,81.9,7.4
1516,1127,2025-04-01,9.2,94.5,9.0
1517,1127,2025-05-01,6.5,70.0,6.3
1518,1127,2025-06-01,10.0,63.8,10.0
1519,1127,2025-07-01,8.5,72.7,10.0
1520,1127,2025-08-01,7.0,69.4,7.9
1521,1127,2025-09-01,7.6,61.0,7.9
1522,1127,2025-10-01,5.8,75.5,7.5
1523,1127,2025-11-01,6.9,67.9,6.4
1524,1127,2025-12-01,8.4,86.9,7.8
1525,1128,2025-01-01,9.6,61.7,9.4
1526,1128,2025-02-01,6.5,84.6,8.5
1527,1128,2025-03-01,7.2,83.8,9.1
1528,1128,2025-04-01,9.7,63.8,9.7
1529,1128,2025-05-01,4.4,100.0,4.5
1530,1128,2025-06-01,8.6,59.9,7.6
1531,1128,2025-07-01,8.4,100.0,8.3
1532,1128,2025-08-01,6.0,67.2,5.7
1533,1128,2025-09-01,5.7,79.0,6.1
1534,1128,2025-10-01,8.8,64.1,8.6
1535,1128,2025-11-01,4.5,69.8,3.0
1536,1128,2025-12-01,6.0,85.6,5.8
1537,1129,2025-01-01,5.0,59.2,5.3
1538,1129,2025-02-01,8.4,88.8,7.4
1539,1129,2025-03-01,5.2,78.0,4.3
1540,1129,2025-04-01,6.9,94.8,7.3
1541,1129,2025-05-01,7.5,54.0,7.9
1542,1129,2025-06-01,6.0,57.1,6.5
1543,1129,2025-07-01,7.2,67.0,9.5
1544,1129,2025-08-01,7.9,73.6,10.0
1545,1129,2025-09-01,6.1,83.0,4.4
1546,1129,2025-10-01,7.1,92.5,6.0
1547,1129,2025-11-01,6.3,59.9,4.9
1548,1129,2025-12-01,5.5,49.1,4.8
1549,1130,2025-01-01,5.2,65.3,6.4
1550,1130,2025-02-01,8.0,61.0,8.4
1551,1130,2025-03-01,7.4,68.6,7.8
1552,1130,2025-04-01,6.9,67.7,6.8
1553,1130,2025-05-01,6.4,66.3,4.9
1554,1130,2025-06-01,9.5,56.2,9.2
1555,1130,2025-07-01,9.9,59.4,10.0
1556,1130,2025-08-01,7.5,97.1,7.5
1557,1130,2025-09-01,8.1,73.3,6.8
1558,1130,2025-10-01,5.7,85.7,6.1
1559,1130,2025-11-01,9.6,93.1,10.0
1560,1130,2025-12-01,8.0,81.3,8.1
1561,1131,2025-01-01,5.2,79.9,5.8
1562,1131,2025-02-01,7.5,81.8,7.4
1563,1131,2025-03-01,7.0,74.8,7.4
1564,1131,2025-04-01,4.2,96.9,5.1
1565,1131,2025-05-01,8.3,85.0,7.7
1566,1131,2025-06-01,4.2,57.9,4.0
1567,1131,2025-07-01,6.3,58.2,8.1
1568,1131,2025-08-01,7.4,74.8,7.0
1569,1131,2025-09-01,7.0,74.4,6.8
1570,1131,2025-10-01,6.2,74.8,6.4
1571,1131,2025-11-01,7.7,74.7,5.9
1572,1131,2025-12-01,6.3,74.9,6.3
1573,1132,2025-01-01,6.5,78.5,6.6
1574,1132,2025-02-01,7.6,76.2,7.6
1575,1132,2025-03-01,6.6,71.5,6.2
1576,1132,2025-04-01,6.6,70.2,6.3
1577,1132,2025-05-01,8.9,69.5,8.2
1578,1132,2025-06-01,8.7,71.1,8.4
1579,1132,2025-07-01,8.6,33.5,9.0
1580,1132,2025-08-01,7.1,92.1,6.5
1581,1132,2025-09-01,9.4,54.7,9.4
1582,1132,2025-10-01,5.2,71.2,5.6
1583,1132,2025-11-01,,59.1,7.9
1584,1132,2025-12-01,8.7,69.7,9.7
1585,1133,2025-01-01,8.1,65.4,7.2
1586,1133,2025-02-01,7.2,33.2,8.3
1587,1133,2025-03-01,8.0,98.6,7.1
1588,1133,2025-04-01,6.9,90.8,7.1
1589,1133,2025-05-01,6.6,62.7,5.9
1590,1133,2025-06-01,6.9,66.8,7.3
1591,1133,2025-07-01,7.2,75.6,7.2
1592,1133,2025-08-01,5.7,63.1,4.2
1593,1133,2025-09-01,,99.6,4.8
1594,1133,2025-10-01,6.0,73.3,4.5
1595,1133,2025-11-01,9.5,90.9,9.5
1596,1133,2025-12-01,7.6,57.6,8.8
1597,1134,2025-01-01,6.5,96.6,8.2
1598,1134,2025-02-01,6.6,95.0,7.0
1599,1134,2025-03-01,7.7,66.3,8.7
1600,1134,2025-04-01,8.6,58.4,7.2
1601,1134,2025-05-01,6.6,50.6,6.0
1602,1134,2025-06-01,6.5,86.7,5.2
1603,1134,2025-07-01,7.7,81.4,7.5
1604,1134,2025-08-01,6.4,70.5,6.7
1605,1134,2025-09-01,6.8,72.4,5.1
1606,1134,2025-10-01,5.8,76.4,5.7
1607,1134,2025-11-01,7.3,82.3,7.1
1608,1134,2025-12-01,9.2,81.0,10.0
1609,1135,2025-01-01,5.4,100.0,5.9
1610,1135,2025-02-01,8.7,88.7,8.6
1611,1135,2025-03-01,6.0,62.6,6.3
1612,1135,2025-04-01,9.6,55.5,9.9
1613,1135,2025-05-01,6.5,93.2,4.9
1614,1135,2025-06-01,7.1,100.0,7.8
1615,1135,2025-07-01,5.7,74.1,6.1
1616,1135,2025-08-01,5.0,90.8,4.8
1617,1135,2025-09-01,7.1,71.3,7.7
1618,1135,2025-10-01,8.3,97.1,9.5
1619,1135,2025-11-01,6.8,71.7,8.9
1620,1135,2025-12-01,9.9,56.8,10.0
1621,1136,2025-01-01,6.6,79.3,7.7
1622,1136,2025-02-01,5.4,60.1,4.4
1623,1136,2025-03-01,8.0,77.5,9.1
1624,1136,2025-04-01,9.3,100.0,10.0
1625,1136,2025-05-01,6.2,70.1,4.4
1626,1136,2025-06-01,7.3,60.2,4.8
1627,1136,2025-07-01,5.0,85.5,5.0
1628,1136,2025-08-01,6.5,88.6,4.7
1629,1136,2025-09-01,7.5,92.2,8.3
1630,1136,2025-10-01,7.8,86.1,8.1
1631,1136,2025-11-01,7.7,56.9,9.2
1632,1136,2025-12-01,5.6,100.0,7.2
1633,1137,2025-01-01,7.4,68.4,8.5
1634,1137,2025-02-01,6.5,86.7,7.5
1635,1137,2025-03-01,7.5,87.8,6.6
1636,1137,2025-04-01,9.5,65.9,10.0
1637,1137,2025-05-01,7.2,62.5,7.6
1638,1137,2025-06-01,6.0,100.0,6.4
1639,1137,2025-07-01,5.4,64.6,7.1
1640,1137,2025-08-01,8.3,78.8,7.9
1641,1137,2025-09-01,5.3,77.8,6.3
1642,1137,2025-10-01,8.2,83.6,9.2
1643,1137,2025-11-01,8.4,69.8,9.9
1644,1137,2025-12-01,6.6,100.0,6.9
1645,1138,2025-01-01,9.5,30.8,9.7
1646,1138,2025-02-01,6.9,73.8,7.0
1647,1138,2025-03-01,6.5,60.3,8.7
1648,1138,2025-04-01,7.4,87.5,8.3
1649,1138,2025-05-01,8.5,73.7,9.2
1650,1138,2025-06-01,8.9,81.2,7.9
1651,1138,2025-07-01,5.8,80.1,4.0
1652,1138,2025-08-01,7.9,55.0,7.7
1653,1138,2025-09-01,6.4,73.1,5.7
1654,1138,2025-10-01,9.7,80.3,10.0
1655,1138,2025-11-01,6.6,70.2,4.9
1656,1138,2025-12-01,9.3,84.8,9.0
1657,1139,2025-01-01,8.5,70.5,8.8
1658,1139,2025-02-01,7.7,81.4,4.8
1659,1139,2025-03-01,7.0,67.6,5.8
1660,1139,2025-04-01,7.6,76.3,7.9
1661,1139,2025-05-01,9.9,87.6,10.0
1662,1139,2025-06-01,,58.7,5.5
1663,1139,2025-07-01,5.3,68.0,4.6
1664,1139,2025-08-01,6.2,73.6,6.3
1665,1139,2025-09-01,8.6,94.3,8.9
1666,1139,2025-10-01,7.1,61.1,8.7
1667,1139,2025-11-01,5.9,58.8,3.9
1668,1139,2025-12-01,6.9,59.5,7.2
1669,1140,2025-01-01,9.3,71.7,9.6
1670,1140,2025-02-01,5.1,91.5,5.2
1671,1140,2025-03-01,9.6,81.8,9.2
1672,1140,2025-04-01,6.7,63.1,7.2
1673,1140,2025-05-01,5.4,91.9,5.7
1674,1140,2025-06-01,7.9,82.2,8.3
1675,1140,2025-07-01,5.7,48.3,5.8
1676,1140,2025-08-01,7.5,64.1,6.8
1677,1140,2025-09-01,7.6,73.9,9.9
1678,1140,2025-10-01,6.8,68.5,5.8
1679,1140,2025-11-01,6.2,78.7,6.4
1680,1140,2025-12-01,4.3,97.4,5.6
1681,1141,2025-01-01,8.5,84.1,8.2
1682,1141,2025-02-01,5.1,54.4,5.1
1683,1141,2025-03-01,7.7,60.7,7.7
1684,1141,2025-04-01,7.8,73.5,9.9
1685,1141,2025-05-01,4.1,85.8,3.6
1686,1141,2025-06-01,6.2,60.7,6.4
1687,1141,2025-07-01,7.9,81.6,7.4
1688,1141,2025-08-01,7.6,68.2,7.3
1689,1141,2025-09-01,3.8,58.9,3.5
1690,1141,2025-10-01,6.5,58.0,6.8
1691,1141,2025-11-01,7.2,65.3,7.1
1692,1141,2025-12-01,8.7,75.6,9.0
1693,1142,2025-01-01,3.9,79.7,4.5
1694,1142,2025-02-01,7.9,75.1,5.7
1695,1142,2025-03-01,7.2,65.9,6.3
1696,1142,2025-04-01,6.1,64.9,6.6
1697,1142,2025-05-01,7.3,68.1,7.2
1698,1142,2025-06-01,8.7,82.1,9.6
1699,1142,2025-07-01,7.8,72.4,7.1
1700,1142,2025-08-01,6.3,65.3,7.2
1701,1142,2025-09-01,4.8,88.1,4.9
1702,1142,2025-10-01,6.8,74.5,6.2
1703,1142,2025-11-01,7.3,64.3,8.2
1704,1142,2025-12-01,5.1,81.9,5.9
1705,1143,2025-01-01,7.5,70.5,7.3
1706,1143,2025-02-01,8.7,69.2,7.7
1707,1143,2025-03-01,10.0,65.5,9.2
1708,1143,2025-04-01,7.2,69.5,7.7
1709,1143,2025-05-01,7.5,59.5,9.4
1710,1143,2025-06-01,10.0,73.8,8.4
1711,1143,2025-07-01,5.8,74.7,5.5
1712,1143,2025-08-01,8.2,90.4,9.9
1713,1143,2025-09-01,5.2,78.0,6.3
1714,1143,2025-10-01,9.5,75.5,9.7
1715,1143,2025-11-01,5.9,81.6,7.2
1716,1143,2025-12-01,8.7,80.1,8.7
1717,1144,2025-01-01,5.4,96.7,5.4
1718,1144,2025-02-01,7.8,98.3,6.3
1719,1144,2025-03-01,7.5,79.3,7.0
1720,1144,2025-04-01,8.3,100.0,8.3
1721,1144,2025-05-01,6.7,81.6,7.6
1722,1144,2025-06-01,9.2,61.0,9.6
1723,1144,2025-07-01,9.0,69.3,10.0
1724,1144,2025-08-01,5.9,93.9,6.8
1725,1144,2025-09-01,7.4,71.7,6.8
1726,1144,2025-10-01,9.7,74.5,10.0
1727,1144,2025-11-01,5.6,68.7,4.8
1728,1144,2025-12-01,6.5,58.9,7.5
1729,1145,2025-01-01,8.3,77.2,7.4
1730,1145,2025-02-01,5.9,73.5,5.9
1731,1145,2025-03-01,7.3,75.3,8.2
1732,1145,2025-04-01,5.9,91.0,6.7
1733,1145,2025-05-01,6.8,70.1,7.2
1734,1145,2025-06-01,7.2,77.2,7.2
1735,1145,2025-07-01,8.1,74.9,6.7
1736,1145,2025-08-01,5.5,72.5,4.4
1737,1145,2025-09-01,6.4,65.4,8.6
1738,1145,2025-10-01,6.7,72.9,6.5
1739,1145,2025-11-01,7.6,88.5,8.8
1740,1145,2025-12-01,6.4,61.3,5.7
1741,1146,2025-01-01,7.5,80.1,6.7
1742,1146,2025-02-01,6.1,80.8,5.5
1743,1146,2025-03-01,8.9,91.8,10.0
1744,1146,2025-04-01,6.9,67.4,7.3
1745,1146,2025-05-01,7.4,65.7,6.2
1746,1146,2025-06-01,5.6,63.1,3.3
1747,1146,2025-07-01,7.8,44.2,6.6
1748,1146,2025-08-01,6.3,71.1,5.5
1749,1146,2025-09-01,7.1,68.6,6.9
1750,1146,2025-10-01,7.8,95.6,9.1
1751,1146,2025-11-01,9.3,87.5,9.6
1752,1146,2025-12-01,7.1,83.5,7.5
1753,1147,2025-01-01,7.2,74.9,7.2
1754,1147,2025-02-01,4.3,51.3,4.7
1755,1147,2025-03-01,6.8,86.3,6.3
1756,1147,2025-04-01,4.8,73.8,5.8
1757,1147,2025-05-01,8.0,80.9,8.6
1758,1147,2025-06-01,6.7,86.5,7.7
1759,1147,2025-07-01,8.2,96.1,7.7
1760,1147,2025-08-01,5.9,92.2,7.8
1761,1147,2025-09-01,8.5,69.8,8.2
1762,1147,2025-10-01,8.2,61.6,7.0
1763,1147,2025-11-01,9.7,59.3,9.1
1764,1147,2025-12-01,5.7,63.3,3.8
1765,1148,2025-01-01,8.5,67.8,8.7
1766,1148,2025-02-01,9.6,84.9,9.2
1767,1148,2025-03-01,8.8,79.1,8.9
1768,1148,2025-04-01,8.1,58.1,6.9
1769,1148,2025-05-01,7.0,75.2,7.9
1770,1148,2025-06-01,8.1,100.0,9.1
1771,1148,2025-07-01,6.5,62.9,7.0
1772,1148,2025-08-01,5.5,87.0,8.6
1773,1148,2025-09-01,5.6,66.8,6.0
1774,1148,2025-10-01,7.6,87.2,9.8
1775,1148,2025-11-01,3.8,95.2,4.0
1776,1148,2025-12-01,6.3,70.0,5.2
1777,1149,2025-01-01,7.5,76.2,9.2
1778,1149,2025-02-01,6.9,97.4,6.6
1779,1149,2025-03-01,7.0,93.8,7.0
1780,1149,2025-04-01,9.3,60.8,10.0
1781,1149,2025-05-01,7.2,76.3,9.3
1782,1149,2025-06-01,6.3,62.5,6.1
1783,1149,2025-07-01,9.2,77.6,10.0
1784,1149,2025-08-01,7.0,70.6,7.3
1785,1149,2025-09-01,6.2,99.6,6.0
1786,1149,2025-10-01,4.5,67.2,3.8
1787,1149,2025-11-01,9.0,66.1,6.7
1788,1149,2025-12-01,10.0,74.7,10.0
1789,1150,2025-01-01,6.1,77.4,6.4
1790,1150,2025-02-01,8.1,68.6,7.9
1791,1150,2025-03-01,9.6,56.0,9.8
1792,1150,2025-04-01,6.8,71.8,4.6
1793,1150,2025-05-01,9.3,60.3,8.1
1794,1150,2025-06-01,8.2,88.7,6.8
1795,1150,2025-07-01,6.2,100.0,5.4
1796,1150,2025-08-01,8.3,65.4,9.8
1797,1150,2025-09-01,8.3,94.1,9.7
1798,1150,2025-10-01,8.5,74.2,8.9
1799,1150,2025-11-01,6.1,54.5,4.4
1800,1150,2025-12-01,6.9,59.6,7.0
1801,1151,2025-01-01,6.2,91.3,5.0
1802,1151,2025-02-01,6.9,96.4,7.9
1803,1151,2025-03-01,8.3,62.3,9.1
1804,1151,2025-04-01,6.4,69.5,7.0
1805,1151,2025-05-01,7.8,63.3,7.8
1806,1151,2025-06-01,6.8,61.6,6.6
1807,1151,2025-07-01,7.9,61.8,9.2
1808,1151,2025-08-01,5.3,69.2,5.8
1809,1151,2025-09-01,6.6,63.9,6.5
1810,1151,2025-10-01,8.7,85.9,8.9
1811,1151,2025-11-01,6.0,73.2,5.7
1812,1151,2025-12-01,6.7,50.4,6.5
1813,1152,2025-01-01,5.7,82.3,5.2
1814,1152,2025-02-01,9.2,74.5,10.0
1815,1152,2025-03-01,7.8,81.1,9.2
1816,1152,2025-04-01,7.2,82.5,5.3
1817,1152,2025-05-01,10.0,73.7,9.7
1818,1152,2025-06-01,8.2,76.6,9.2
1819,1152,2025-07-01,10.0,75.1,8.9
1820,1152,2025-08-01,7.2,75.2,6.7
1821,1152,2025-09-01,5.2,67.3,5.7
1822,1152,2025-10-01,9.8,81.1,10.0
1823,1152,2025-11-01,5.6,63.6,5.3
1824,1152,2025-12-01,7.5,94.9,7.1
1825,1153,2025-01-01,6.9,52.1,7.5
1826,1153,2025-02-01,5.6,83.5,4.1
1827,1153,2025-03-01,6.7,64.7,5.7
1828,1153,2025-04-01,9.3,56.1,9.0
1829,1153,2025-05-01,5.2,88.6,4.9
1830,1153,2025-06-01,7.9,73.6,10.0
1831,1153,2025-07-01,7.8,87.8,8.4
1832,1153,2025-08-01,6.4,70.3,5.8
1833,1153,2025-09-01,8.5,51.6,9.4
1834,1153,2025-10-01,6.2,96.5,5.1
1835,1153,2025-11-01,7.1,90.8,5.9
1836,1153,2025-12-01,7.9,100.0,7.7
1837,1154,2025-01-01,6.5,85.8,7.8
1838,1154,2025-02-01,8.8,72.3,10.0
1839,1154,2025-03-01,7.5,70.5,7.7
1840,1154,2025-04-01,8.4,66.5,9.0
1841,1154,2025-05-01,8.6,65.0,7.0
1842,1154,2025-06-01,5.9,77.1,6.8
1843,1154,2025-07-01,6.2,66.5,4.0
1844,1154,2025-08-01,6.0,63.6,7.7
1845,1154,2025-09-01,6.7,91.9,8.3
1846,1154,2025-10-01,8.1,69.1,7.9
1847,1154,2025-11-01,7.4,57.5,8.1
1848,1154,2025-12-01,6.1,79.1,7.0
1849,1155,2025-01-01,7.0,61.4,7.8
1850,1155,2025-02-01,6.9,60.4,6.3
1851,1155,2025-03-01,4.7,75.5,4.5
1852,1155,2025-04-01,7.0,43.1,6.4
1853,1155,2025-05-01,5.6,83.9,4.9
1854,1155,2025-06-01,6.9,44.6,5.8
1855,1155,2025-07-01,10.0,40.0,10.0
1856,1155,2025-08-01,7.8,71.7,8.7
1857,1155,2025-09-01,6.7,66.3,7.9
1858,1155,2025-10-01,7.7,83.0,8.1
1859,1155,2025-11-01,9.2,61.5,9.0
1860,1155,2025-12-01,4.5,51.6,5.7
1861,1156,2025-01-01,7.0,46.8,4.5
1862,1156,2025-02-01,5.2,66.1,5.0
1863,1156,2025-03-01,9.3,70.3,10.0
1864,1156,2025-04-01,8.3,79.7,7.5
1865,1156,2025-05-01,7.6,72.4,7.7
1866,1156,2025-06-01,6.0,80.0,6.7
1867,1156,2025-07-01,8.0,100.0,8.2
1868,1156,2025-08-01,7.8,87.7,7.5
1869,1156,2025-09-01,6.9,100.0,6.5
1870,1156,2025-10-01,4.6,78.0,5.5
1871,1156,2025-11-01,9.2,61.2,10.0
1872,1156,2025-12-01,8.0,58.6,7.2
1873,1157,2025-01-01,7.3,56.0,7.2
1874,1157,2025-02-01,6.4,66.8,7.5
1875,1157,2025-03-01,10.0,86.8,8.6
1876,1157,2025-04-01,8.5,65.7,8.0
1877,1157,2025-05-01,7.9,51.3,9.1
1878,1157,2025-06-01,8.3,58.2,8.2
1879,1157,2025-07-01,10.0,71.1,10.0
1880,1157,2025-08-01,7.3,70.6,6.6
1881,1157,2025-09-01,5.2,57.0,3.1
1882,1157,2025-10-01,6.4,79.6,5.5
1883,1157,2025-11-01,5.9,55.4,6.5
1884,1157,2025-12-01,7.0,84.1,8.0
1885,1158,2025-01-01,8.2,68.4,7.7
1886,1158,2025-02-01,6.4,81.3,6.5
1887,1158,2025-03-01,7.3,76.2,7.3
1888,1158,2025-04-01,7.7,59.7,7.3
1889,1158,2025-05-01,5.8,74.0,5.8
1890,1158,2025-06-01,6.4,79.2,5.6
1891,1158,2025-07-01,7.1,61.2,7.0
1892,1158,2025-08-01,8.0,65.1,7.3
1893,1158,2025-09-01,5.5,65.8,7.4
1894,1158,2025-10-01,4.8,42.7,2.3
1895,1158,2025-11-01,9.2,60.7,9.1
1896,1158,2025-12-01,10.0,99.4,9.5
1897,1159,2025-01-01,7.3,61.3,8.0
1898,1159,2025-02-01,5.2,67.5,5.2
1899,1159,2025-03-01,5.5,84.2,6.4
1900,1159,2025-04-01,6.8,79.2,6.8
1901,1159,2025-05-01,4.5,77.8,4.0
1902,1159,2025-06-01,7.7,53.3,7.6
1903,1159,2025-07-01,9.0,68.2,8.5
1904,1159,2025-08-01,7.4,80.7,6.7
1905,1159,2025-09-01,5.5,100.0,7.6
1906,1159,2025-10-01,8.2,38.5,9.0
1907,1159,2025-11-01,9.5,61.9,10.0
1908,1159,2025-12-01,9.0,69.9,8.6
1909,1160,2025-01-01,8.4,63.2,7.8
1910,1160,2025-02-01,6.6,150.0,6.7
1911,1160,2025-03-01,6.6,54.1,5.5
1912,1160,2025-04-01,8.8,65.4,10.0
1913,1160,2025-05-01,7.4,55.7,7.4
1914,1160,2025-06-01,5.9,72.0,6.2
1915,1160,2025-07-01,7.4,83.9,7.7
1916,1160,2025-08-01,7.0,47.9,6.7
1917,1160,2025-09-01,8.0,88.7,9.7
1918,1160,2025-10-01,6.2,80.3,7.2
1919,1160,2025-11-01,9.1,69.2,10.0
1920,1160,2025-12-01,7.7,63.5,8.0
1921,1161,2025-01-01,7.0,74.7,6.1
1922,1161,2025-02-01,5.9,81.8,5.3
1923,1161,2025-03-01,7.1,53.7,6.9
1924,1161,2025-04-01,6.6,77.6,5.7
1925,1161,2025-05-01,7.0,76.1,7.4
1926,1161,2025-06-01,9.3,87.8,10.0
1927,1161,2025-07-01,6.6,61.7,8.7
1928,1161,2025-08-01,7.4,87.6,7.1
1929,1161,2025-09-01,8.7,79.0,10.0
1930,1161,2025-10-01,5.2,66.2,4.7
1931,1161,2025-11-01,8.1,71.4,8.8
1932,1161,2025-12-01,10.0,45.9,10.0
1933,1162,2025-01-01,10.0,69.4,10.0
1934,1162,2025-02-01,6.0,61.5,6.0
1935,1162,2025-03-01,7.0,55.3,9.1
1936,1162,2025-04-01,6.5,96.5,8.6
1937,1162,2025-05-01,8.3,77.1,9.3
1938,1162,2025-06-01,9.1,82.0,10.0
1939,1162,2025-07-01,6.6,49.4,5.9
1940,1162,2025-08-01,7.9,83.7,7.5
1941,1162,2025-09-01,8.1,79.0,6.4
1942,1162,2025-10-01,6.1,65.7,8.1
1943,1162,2025-11-01,4.6,73.8,5.4
1944,1162,2025-12-01,7.2,100.0,6.7
1945,1163,2025-01-01,8.7,75.1,9.2
1946,1163,2025-02-01,8.0,66.2,7.4
1947,1163,2025-03-01,9.1,79.6,8.4
1948,1163,2025-04-01,5.7,90.0,5.4
1949,1163,2025-05-01,6.7,93.2,7.5
1950,1163,2025-06-01,7.2,46.7,7.6
1951,1163,2025-07-01,9.4,40.6,8.4
1952,1163,2025-08-01,4.9,78.7,5.1
1953,1163,2025-09-01,6.0,68.7,6.0
1954,1163,2025-10-01,6.7,80.2,5.5
1955,1163,2025-11-01,7.4,84.1,8.4
1956,1163,2025-12-01,7.3,85.3,7.5
1957,1164,2025-01-01,5.4,64.6,4.9
1958,1164,2025-02-01,6.8,82.7,8.0
1959,1164,2025-03-01,7.9,80.3,8.0
1960,1164,2025-04-01,10.0,70.2,10.0
1961,1164,2025-05-01,8.7,73.2,10.0
1962,1164,2025-06-01,6.1,97.0,6.0
1963,1164,2025-07-01,8.6,61.5,8.6
1964,1164,2025-08-01,6.0,72.6,4.6
1965,1164,2025-09-01,6.3,59.0,4.5
1966,1164,2025-10-01,6.3,96.2,7.2
1967,1164,2025-11-01,8.7,59.2,8.2
1968,1164,2025-12-01,7.6,81.3,7.3
1969,1165,2025-01-01,6.9,74.0,6.9
1970,1165,2025-02-01,6.3,66.2,4.9
1971,1165,2025-03-01,5.5,89.2,5.0
1972,1165,2025-04-01,4.7,69.0,5.7
1973,1165,2025-05-01,7.1,74.8,6.6
1974,1165,2025-06-01,7.8,80.5,8.4
1975,1165,2025-07-01,8.7,75.8,9.0
1976,1165,2025-08-01,6.3,90.8,5.3
1977,1165,2025-09-01,8.7,76.4,9.6
1978,1165,2025-10-01,,93.3,5.2
1979,1165,2025-11-01,5.5,79.9,5.7
1980,1165,2025-12-01,6.3,87.9,7.8
1981,1166,2025-01-01,3.9,89.2,4.5
1982,1166,2025-02-01,6.0,69.9,6.6
1983,1166,2025-03-01,7.3,75.1,6.6
1984,1166,2025-04-01,8.1,51.4,7.2
1985,1166,2025-05-01,6.4,72.3,6.2
1986,1166,2025-06-01,7.8,85.4,8.5
1987,1166,2025-07-01,6.1,73.0,6.3
1988,1166,2025-08-01,6.6,86.1,5.7
1989,1166,2025-09-01,6.1,72.8,6.1
1990,1166,2025-10-01,9.7,86.0,10.0
1991,1166,2025-11-01,6.7,55.3,8.3
1992,1166,2025-12-01,7.1,75.5,7.9
1993,1167,2025-01-01,7.4,66.7,7.4
1994,1167,2025-02-01,6.3,69.4,6.5
1995,1167,2025-03-01,5.3,85.3,6.2
1996,1167,2025-04-01,7.8,87.0,7.9
1997,1167,2025-05-01,8.2,68.2,7.4
1998,1167,2025-06-01,6.5,70.7,5.5
1999,1167,2025-07-01,7.8,89.5,8.8
2000,1167,2025-08-01,7.3,87.8,8.9
2001,1167,2025-09-01,7.7,90.3,6.8
2002,1167,2025-10-01,6.3,84.4,5.6
2003,1167,2025-11-01,8.8,69.9,8.7
2004,1167,2025-12-01,7.8,60.5,7.6
2005,1168,2025-01-01,9.6,56.8,7.7
2006,1168,2025-02-01,9.5,60.5,10.0
2007,1168,2025-03-01,6.8,81.9,8.4
2008,1168,2025-04-01,8.6,65.1,8.5
2009,1168,2025-05-01,5.4,74.5,5.9
2010,1168,2025-06-01,4.6,60.1,5.6
2011,1168,2025-07-01,8.3,100.0,7.2
2012,1168,2025-08-01,5.3,79.5,5.2
2013,1168,2025-09-01,7.7,79.5,6.1
2014,1168,2025-10-01,7.7,85.2,7.4
2015,1168,2025-11-01,8.4,88.6,9.8
2016,1168,2025-12-01,7.5,81.6,8.2
2017,1169,2025-01-01,7.4,90.1,7.3
2018,1169,2025-02-01,5.3,95.4,4.4
2019,1169,2025-03-01,8.6,62.7,7.6
2020,1169,2025-04-01,7.3,74.8,6.4
2021,1169,2025-05-01,6.1,94.4,6.7
2022,1169,2025-06-01,7.5,85.8,8.7
2023,1169,2025-07-01,9.7,83.0,10.0
2024,1169,2025-08-01,6.0,75.4,5.4
2025,1169,2025-09-01,8.2,45.9,7.4
2026,1169,2025-10-01,8.5,97.4,9.7
2027,1169,2025-11-01,4.9,56.8,5.5
2028,1169,2025-12-01,4.7,57.7,4.9
2029,1170,2025-01-01,7.5,75.5,8.5
2030,1170,2025-02-01,8.2,44.4,8.8
2031,1170,2025-03-01,6.8,85.3,5.7
2032,1170,2025-04-01,10.0,100.0,10.0
2033,1170,2025-05-01,10.0,58.8,10.0
2034,1170,2025-06-01,7.4,100.0,7.4
2035,1170,2025-07-01,6.8,46.3,7.5
2036,1170,2025-08-01,7.0,61.6,7.7
2037,1170,2025-09-01,8.4,75.7,7.4
2038,1170,2025-10-01,6.8,69.1,6.5
2039,1170,2025-11-01,8.4,100.0,8.4
2040,1170,2025-12-01,7.7,43.1,7.3
2041,1171,2025-01-01,6.8,43.2,7.3
2042,1171,2025-02-01,8.5,66.2,7.8
2043,1171,2025-03-01,5.3,57.5,5.7
2044,1171,2025-04-01,6.8,150.0,6.3
2045,1171,2025-05-01,8.5,77.2,8.8
2046,1171,2025-06-01,5.8,80.1,6.5
2047,1171,2025-07-01,10.0,93.7,10.0
2048,1171,2025-08-01,8.5,82.7,8.0
2049,1171,2025-09-01,7.4,61.8,5.3
2050,1171,2025-10-01,7.7,84.5,6.7
2051,1171,2025-11-01,8.8,77.9,9.6
2052,1171,2025-12-01,9.3,100.0,8.7
2053,1172,2025-01-01,7.0,73.3,7.3
2054,1172,2025-02-01,3.3,74.9,1.5
2055,1172,2025-03-01,9.6,74.6,10.0
2056,1172,2025-04-01,6.4,80.2,6.1
2057,1172,2025-05-01,8.8,57.3,6.8
2058,1172,2025-06-01,7.9,100.0,7.6
2059,1172,2025-07-01,8.7,80.3,9.6
2060,1172,2025-08-01,8.5,100.0,8.3
2061,1172,2025-09-01,6.5,49.2,7.3
2062,1172,2025-10-01,5.6,60.8,4.9
2063,1172,2025-11-01,7.5,100.0,7.2
2064,1172,2025-12-01,6.9,60.7,7.5
2065,1173,2025-01-01,5.2,39.5,6.1
2066,1173,2025-02-01,7.4,75.2,7.3
2067,1173,2025-03-01,8.5,70.4,8.1
2068,1173,2025-04-01,7.6,77.7,6.6
2069,1173,2025-05-01,9.6,58.2,8.8
2070,1173,2025-06-01,8.6,74.0,8.1
2071,1173,2025-07-01,5.5,56.1,4.9
2072,1173,2025-08-01,8.3,82.2,6.9
2073,1173,2025-09-01,8.0,74.7,7.9
2074,1173,2025-10-01,5.0,100.0,3.1
2075,1173,2025-11-01,6.2,68.1,5.0
2076,1173,2025-12-01,7.7,93.5,6.0
2077,1174,2025-01-01,9.2,74.3,8.8
2078,1174,2025-02-01,8.4,96.0,8.4
2079,1174,2025-03-01,8.6,82.0,8.4
2080,1174,2025-04-01,5.9,68.8,5.3
2081,1174,2025-05-01,10.0,98.1,9.9
2082,1174,2025-06-01,9.6,56.5,10.0
2083,1174,2025-07-01,7.0,82.4,9.4
2084,1174,2025-08-01,8.7,53.1,7.3
2085,1174,2025-09-01,8.0,93.9,8.6
2086,1174,2025-10-01,5.4,87.1,6.3
2087,1174,2025-11-01,7.5,86.6,7.9
2088,1174,2025-12-01,8.4,78.9,8.1
2089,1175,2025-01-01,5.5,64.5,4.8
2090,1175,2025-02-01,7.2,94.1,7.6
2091,1175,2025-03-01,8.8,68.9,8.6
2092,1175,2025-04-01,6.9,69.1,7.3
2093,1175,2025-05-01,7.6,82.3,7.7
2094,1175,2025-06-01,6.7,80.4,7.1
2095,1175,2025-07-01,6.1,64.5,5.5
2096,1175,2025-08-01,9.3,30.0,9.9
2097,1175,2025-09-01,9.5,66.3,10.0
2098,1175,2025-10-01,9.1,85.5,8.3
2099,1175,2025-11-01,6.3,84.1,5.9
2100,1175,2025-12-01,10.0,100.0,7.7
2101,1176,2025-01-01,8.4,76.0,9.6
2102,1176,2025-02-01,9.2,90.5,8.3
2103,1176,2025-03-01,6.5,64.6,6.6
2104,1176,2025-04-01,8.6,64.7,7.8
2105,1176,2025-05-01,6.2,50.7,5.7
2106,1176,2025-06-01,7.0,64.0,7.5
2107,1176,2025-07-01,8.4,96.1,9.4
2108,1176,2025-08-01,6.5,70.9,6.0
2109,1176,2025-09-01,5.4,89.9,5.3
2110,1176,2025-10-01,8.5,73.7,9.4
2111,1176,2025-11-01,4.0,72.1,3.9
2112,1176,2025-12-01,8.1,70.9,6.5
2113,1177,2025-01-01,5.2,100.0,6.1
2114,1177,2025-02-01,7.9,75.9,9.2
2115,1177,2025-03-01,7.0,75.3,6.5
2116,1177,2025-04-01,8.9,61.4,7.5
2117,1177,2025-05-01,6.5,72.4,6.9
2118,1177,2025-06-01,8.6,72.8,7.7
2119,1177,2025-07-01,8.1,91.4,9.5
2120,1177,2025-08-01,6.3,48.9,6.6
2121,1177,2025-09-01,7.0,66.8,7.9
2122,1177,2025-10-01,9.3,76.0,8.9
2123,1177,2025-11-01,4.7,81.3,4.8
2124,1177,2025-12-01,8.4,50.5,7.7
2125,1178,2025-01-01,6.9,55.5,6.8
2126,1178,2025-02-01,7.7,66.6,7.0
2127,1178,2025-03-01,8.6,92.2,8.1
2128,1178,2025-04-01,8.3,69.3,6.9
2129,1178,2025-05-01,5.7,80.5,3.6
2130,1178,2025-06-01,8.2,88.2,7.9
2131,1178,2025-07-01,7.0,36.6,4.4
2132,1178,2025-08-01,6.1,90.4,5.1
2133,1178,2025-09-01,8.1,78.6,7.7
2134,1178,2025-10-01,6.5,100.0,6.3
2135,1178,2025-11-01,9.0,88.4,8.9
2136,1178,2025-12-01,8.0,81.2,9.5
2137,1179,2025-01-01,8.5,89.6,8.3
2138,1179,2025-02-01,9.0,74.3,10.0
2139,1179,2025-03-01,9.7,89.2,9.9
2140,1179,2025-04-01,5.3,69.0,5.0
2141,1179,2025-05-01,7.1,85.7,8.5
2142,1179,2025-06-01,5.1,57.1,5.2
2143,1179,2025-07-01,7.1,83.4,7.4
2144,1179,2025-08-01,6.9,73.4,7.7
2145,1179,2025-09-01,6.9,80.9,8.3
2146,1179,2025-10-01,7.1,77.8,7.6
2147,1179,2025-11-01,5.9,68.3,6.7
2148,1179,2025-12-01,5.9,69.2,6.8
2149,1180,2025-01-01,6.7,80.3,4.5
2150,1180,2025-02-01,9.1,93.0,10.0
2151,1180,2025-03-01,6.9,83.4,6.3
2152,1180,2025-04-01,9.5,73.4,10.0
2153,1180,2025-05-01,6.7,83.6,7.1
2154,1180,2025-06-01,9.0,97.2,8.0
2155,1180,2025-07-01,5.8,100.0,7.4
2156,1180,2025-08-01,7.6,66.3,8.0
2157,1180,2025-09-01,8.2,85.3,6.8
2158,1180,2025-10-01,8.6,88.8,10.0
2159,1180,2025-11-01,9.0,100.0,10.0
2160,1180,2025-12-01,6.1,91.7,5.5
2161,1181,2025-01-01,5.9,99.5,3.9
2162,1181,2025-02-01,6.1,72.8,5.8
2163,1181,2025-03-01,6.2,69.3,5.2
2164,1181,2025-04-01,8.7,94.8,8.6
2165,1181,2025-05-01,9.2,82.5,10.0
2166,1181,2025-06-01,7.7,75.3,6.1
2167,1181,2025-07-01,7.1,53.9,6.6
2168,1181,2025-08-01,7.9,74.3,8.6
2169,1181,2025-09-01,6.3,93.7,6.0
2170,1181,2025-10-01,5.8,93.5,6.6
2171,1181,2025-11-01,7.6,89.9,8.6
2172,1181,2025-12-01,5.1,100.0,5.3
2173,1182,2025-01-01,7.5,53.9,6.7
2174,1182,2025-02-01,8.0,71.6,8.8
2175,1182,2025-03-01,7.4,87.4,8.7
2176,1182,2025-04-01,6.5,50.7,6.9
2177,1182,2025-05-01,6.9,85.6,7.3
2178,1182,2025-06-01,8.4,82.7,9.4
2179,1182,2025-07-01,5.7,86.4,6.0
2180,1182,2025-08-01,6.1,72.5,8.3
2181,1182,2025-09-01,7.6,86.1,7.0
2182,1182,2025-10-01,6.8,75.2,7.4
2183,1182,2025-11-01,4.6,94.2,4.4
2184,1182,2025-12-01,5.8,69.4,7.2
2185,1183,2025-01-01,7.8,74.4,7.6
2186,1183,2025-02-01,5.3,60.3,5.2
2187,1183,2025-03-01,8.6,67.7,9.8
2188,1183,2025-04-01,6.6,67.2,6.5
2189,1183,2025-05-01,7.0,97.8,6.3
2190,1183,2025-06-01,6.1,63.4,7.0
2191,1183,2025-07-01,4.1,68.8,2.8
2192,1183,2025-08-01,8.5,87.9,10.0
2193,1183,2025-09-01,7.8,77.4,6.7
2194,1183,2025-10-01,7.7,49.5,8.4
2195,1183,2025-11-01,7.5,70.7,7.0
2196,1183,2025-12-01,5.7,66.2,7.2
2197,1184,2025-01-01,7.9,65.5,9.3
2198,1184,2025-02-01,7.4,62.0,7.5
2199,1184,2025-03-01,5.3,59.9,4.7
2200,1184,2025-04-01,4.6,74.9,3.5
2201,1184,2025-05-01,5.8,100.0,7.5
2202,1184,2025-06-01,7.2,67.0,8.6
2203,1184,2025-07-01,7.7,89.1,7.7
2204,1184,2025-08-01,5.8,82.6,4.4
2205,1184,2025-09-01,5.1,100.0,4.3
2206,1184,2025-10-01,6.9,90.9,7.3
2207,1184,2025-11-01,8.3,85.9,7.9
2208,1184,2025-12-01,9.0,83.8,9.3
2209,1185,2025-01-01,7.0,78.3,7.2
2210,1185,2025-02-01,7.6,70.1,7.9
2211,1185,2025-03-01,10.0,83.3,10.0
2212,1185,2025-04-01,7.8,37.4,8.1
2213,1185,2025-05-01,6.9,74.8,7.6
2214,1185,2025-06-01,9.3,71.4,8.5
2215,1185,2025-07-01,8.0,87.2,8.0
2216,1185,2025-08-01,6.4,52.4,7.7
2217,1185,2025-09-01,9.4,80.0,9.1
2218,1185,2025-10-01,6.4,99.2,6.8
2219,1185,2025-11-01,7.4,100.0,7.6
2220,1185,2025-12-01,8.3,61.3,7.0
2221,1186,2025-01-01,4.9,83.3,5.3
2222,1186,2025-02-01,6.7,78.4,6.1
2223,1186,2025-03-01,8.6,89.2,6.8
2224,1186,2025-04-01,8.0,96.6,7.0
2225,1186,2025-05-01,7.0,84.6,7.7
2226,1186,2025-06-01,6.9,88.2,5.3
2227,1186,2025-07-01,7.0,63.3,8.9
2228,1186,2025-08-01,4.9,82.1,1.5
2229,1186,2025-09-01,7.4,88.4,7.9
2230,1186,2025-10-01,6.3,56.9,5.7
2231,1186,2025-11-01,8.8,56.9,9.5
2232,1186,2025-12-01,7.1,82.9,7.2
2233,1187,2025-01-01,8.8,97.1,9.1
2234,1187,2025-02-01,7.8,86.6,9.0
2235,1187,2025-03-01,7.5,47.7,7.2
2236,1187,2025-04-01,7.8,97.3,6.8
2237,1187,2025-05-01,9.2,77.5,9.0
2238,1187,2025-06-01,7.7,93.9,7.6
2239,1187,2025-07-01,5.7,76.1,6.9
2240,1187,2025-08-01,10.0,93.0,10.0
2241,1187,2025-09-01,5.5,83.6,6.3
2242,1187,2025-10-01,6.3,78.8,5.0
2243,1187,2025-11-01,8.8,71.1,9.3
2244,1187,2025-12-01,7.6,63.9,7.4
2245,1188,2025-01-01,5.4,57.2,5.7
2246,1188,2025-02-01,5.4,49.4,4.1
2247,1188,2025-03-01,7.3,95.6,8.0
2248,1188,2025-04-01,7.3,100.0,8.1
2249,1188,2025-05-01,7.2,100.0,5.5
2250,1188,2025-06-01,5.3,83.9,4.4
2251,1188,2025-07-01,9.2,50.0,9.7
2252,1188,2025-08-01,7.1,81.5,8.8
2253,1188,2025-09-01,5.6,67.8,3.9
2254,1188,2025-10-01,8.6,63.8,9.4
2255,1188,2025-11-01,8.8,98.1,10.0
2256,1188,2025-12-01,6.3,81.6,6.5
2257,1189,2025-01-01,9.0,99.5,9.4
2258,1189,2025-02-01,8.0,66.8,7.7
2259,1189,2025-03-01,6.4,85.7,7.7
2260,1189,2025-04-01,7.0,87.0,4.4
2261,1189,2025-05-01,6.5,66.1,8.5
2262,1189,2025-06-01,8.4,74.4,8.4
2263,1189,2025-07-01,8.5,48.5,6.6
2264,1189,2025-08-01,5.5,63.3,7.5
2265,1189,2025-09-01,9.1,48.0,10.0
2266,1189,2025-10-01,7.8,100.0,9.1
2267,1189,2025-11-01,8.2,78.8,9.4
2268,1189,2025-12-01,6.4,78.9,7.9
2269,1190,2025-01-01,9.1,65.7,8.7
2270,1190,2025-02-01,7.2,80.6,8.1
2271,1190,2025-03-01,5.1,77.4,3.4
2272,1190,2025-04-01,9.0,85.8,8.1
2273,1190,2025-05-01,8.6,90.0,8.6
2274,1190,2025-06-01,6.5,89.1,6.1
2275,1190,2025-07-01,7.9,84.9,6.8
2276,1190,2025-08-01,7.0,57.0,5.7
2277,1190,2025-09-01,4.5,71.3,2.3
2278,1190,2025-10-01,7.9,68.2,9.1
2279,1190,2025-11-01,5.0,71.3,4.0
2280,1190,2025-12-01,6.1,61.0,6.5
2281,1191,2025-01-01,6.6,79.8,5.5
2282,1191,2025-02-01,8.9,94.2,8.0
2283,1191,2025-03-01,4.4,75.7,4.0
2284,1191,2025-04-01,7.2,82.8,7.4
2285,1191,2025-05-01,6.3,96.9,4.2
2286,1191,2025-06-01,10.0,95.5,8.6
2287,1191,2025-07-01,9.2,100.0,10.0
2288,1191,2025-08-01,5.5,78.3,5.4
2289,1191,2025-09-01,8.0,67.7,6.1
2290,1191,2025-10-01,9.0,71.3,10.0
2291,1191,2025-11-01,7.2,85.8,7.2
2292,1191,2025-12-01,5.5,90.4,4.6
2293,1192,2025-01-01,5.7,57.2,6.2
2294,1192,2025-02-01,5.2,76.3,2.6
2295,1192,2025-03-01,6.2,80.7,6.5
2296,1192,2025-04-01,7.7,99.8,9.3
2297,1192,2025-05-01,7.7,66.5,6.7
2298,1192,2025-06-01,9.3,87.8,7.5
2299,1192,2025-07-01,6.6,88.7,5.8
2300,1192,2025-08-01,8.9,58.8,9.2
2301,1192,2025-09-01,9.2,60.3,10.0
2302,1192,2025-10-01,7.2,85.5,6.4
2303,1192,2025-11-01,8.6,100.0,8.2
2304,1192,2025-12-01,7.4,69.4,5.8
2305,1193,2025-01-01,4.7,100.0,5.0
2306,1193,2025-02-01,6.4,91.2,6.7
2307,1193,2025-03-01,9.1,54.8,10.0
2308,1193,2025-04-01,7.4,73.4,6.8
2309,1193,2025-05-01,7.7,89.8,6.6
2310,1193,2025-06-01,8.0,88.1,8.1
2311,1193,2025-07-01,8.1,81.4,8.0
2312,1193,2025-08-01,8.8,31.8,10.0
2313,1193,2025-09-01,8.3,65.8,7.4
2314,1193,2025-10-01,9.0,76.7,7.7
2315,1193,2025-11-01,5.0,59.2,4.9
2316,1193,2025-12-01,7.6,80.6,6.7
2317,1194,2025-01-01,8.7,63.5,7.3
2318,1194,2025-02-01,6.3,53.3,5.3
2319,1194,2025-03-01,6.2,65.8,6.3
2320,1194,2025-04-01,5.6,73.3,7.4
2321,1194,2025-05-01,7.1,71.1,8.1
2322,1194,2025-06-01,7.0,63.7,5.9
2323,1194,2025-07-01,3.2,82.4,3.9
2324,1194,2025-08-01,6.1,72.2,5.8
2325,1194,2025-09-01,6.2,85.6,6.4
2326,1194,2025-10-01,10.0,90.2,10.0
2327,1194,2025-11-01,10.0,54.1,10.0
2328,1194,2025-12-01,8.7,60.7,8.8
2329,1195,2025-01-01,9.2,73.1,10.0
2330,1195,2025-02-01,6.6,68.7,9.9
2331,1195,2025-03-01,5.4,64.4,5.1
2332,1195,2025-04-01,5.1,58.3,3.1
2333,1195,2025-05-01,9.0,84.3,9.7
2334,1195,2025-06-01,7.2,54.8,8.4
2335,1195,2025-07-01,7.2,82.6,7.5
2336,1195,2025-08-01,8.3,80.4,10.0
2337,1195,2025-09-01,8.1,75.6,9.3
2338,1195,2025-10-01,5.4,70.5,4.7
2339,1195,2025-11-01,5.5,73.2,4.6
2340,1195,2025-12-01,8.8,84.8,7.6
2341,1196,2025-01-01,5.9,78.1,5.3
2342,1196,2025-02-01,7.0,50.2,6.0
2343,1196,2025-03-01,4.2,62.3,3.7
2344,1196,2025-04-01,8.2,75.7,8.2
2345,1196,2025-05-01,7.6,76.2,5.8
2346,1196,2025-06-01,6.1,86.1,5.4
2347,1196,2025-07-01,9.6,50.0,8.2
2348,1196,2025-08-01,6.4,73.1,5.6
2349,1196,2025-09-01,8.5,88.7,7.4
2350,1196,2025-10-01,7.4,58.9,7.2
2351,1196,2025-11-01,6.6,74.4,7.6
2352,1196,2025-12-01,5.7,69.4,5.3
2353,1197,2025-01-01,5.6,150.0,6.4
2354,1197,2025-02-01,8.4,79.0,7.5
2355,1197,2025-03-01,5.3,64.4,5.5
2356,1197,2025-04-01,7.8,80.7,7.7
2357,1197,2025-05-01,6.5,94.1,6.5
2358,1197,2025-06-01,7.0,88.6,7.0
2359,1197,2025-07-01,7.2,100.0,7.1
2360,1197,2025-08-01,5.6,72.2,4.8
2361,1197,2025-09-01,10.0,83.8,7.9
2362,1197,2025-10-01,8.0,89.9,8.4
2363,1197,2025-11-01,8.4,75.5,7.8
2364,1197,2025-12-01,7.5,76.5,8.4
2365,1198,2025-01-01,8.3,100.0,7.0
2366,1198,2025-02-01,5.5,69.9,5.8
2367,1198,2025-03-01,7.1,83.9,6.0
2368,1198,2025-04-01,7.2,67.2,7.9
2369,1198,2025-05-01,6.7,67.6,6.9
2370,1198,2025-06-01,7.3,90.9,8.3
2371,1198,2025-07-01,5.0,68.5,6.7
2372,1198,2025-08-01,6.4,79.7,6.5
2373,1198,2025-09-01,6.0,100.0,5.8
2374,1198,2025-10-01,7.5,43.8,8.3
2375,1198,2025-11-01,5.4,68.2,5.7
2376,1198,2025-12-01,7.9,50.1,8.4
2377,1199,2025-01-01,4.6,69.9,4.2
2378,1199,2025-02-01,4.8,87.9,4.8
2379,1199,2025-03-01,8.7,88.7,8.7
2380,1199,2025-04-01,7.3,79.2,7.3
2381,1199,2025-05-01,8.2,89.5,7.3
2382,1199,2025-06-01,5.6,85.2,6.2
2383,1199,2025-07-01,8.1,67.7,7.7
2384,1199,2025-08-01,7.4,77.7,8.3
2385,1199,2025-09-01,5.7,91.6,5.7
2386,1199,2025-10-01,8.2,62.3,7.5
2387,1199,2025-11-01,6.0,71.4,6.1
2388,1199,2025-12-01,8.2,90.5,8.5
2389,1200,2025-01-01,6.0,67.3,4.7
2390,1200,2025-02-01,6.8,92.7,7.5
2391,1200,2025-03-01,8.2,92.8,9.0
2392,1200,2025-04-01,7.5,66.8,6.7
2393,1200,2025-05-01,7.1,78.3,6.5
2394,1200,2025-06-01,6.7,65.5,5.1
2395,1200,2025-07-01,7.4,85.2,7.3
2396,1200,2025-08-01,6.6,68.8,7.0
2397,1200,2025-09-01,5.7,100.0,5.4
2398,1200,2025-10-01,5.6,85.5,5.3
2399,1200,2025-11-01,6.9,67.5,6.4
2400,1200,2025-12-01,8.6,45.3,8.1
2401,1201,2025-01-01,7.0,71.3,6.9
2402,1201,2025-02-01,8.4,81.9,8.4
2403,1201,2025-03-01,9.5,89.3,10.0
2404,1201,2025-04-01,8.5,89.6,8.6
2405,1201,2025-05-01,7.7,78.4,7.7
2406,1201,2025-06-01,8.3,57.1,8.6
2407,1201,2025-07-01,6.8,100.0,8.4
2408,1201,2025-08-01,8.8,78.5,8.6
2409,1201,2025-09-01,7.8,68.3,8.5
2410,1201,2025-10-01,6.4,79.4,6.3
2411,1201,2025-11-01,8.5,83.0,9.1
2412,1201,2025-12-01,5.1,83.3,6.2
2413,1202,2025-01-01,8.2,77.3,7.5
2414,1202,2025-02-01,6.5,58.1,5.3
2415,1202,2025-03-01,9.2,73.0,9.0
2416,1202,2025-04-01,7.6,94.8,8.0
2417,1202,2025-05-01,8.5,78.0,9.3
2418,1202,2025-06-01,8.2,74.7,8.0
2419,1202,2025-07-01,5.0,85.6,5.7
2420,1202,2025-08-01,10.0,100.0,9.8
2421,1202,2025-09-01,9.5,73.2,8.5
2422,1202,2025-10-01,5.7,66.3,4.9
2423,1202,2025-11-01,6.5,73.9,4.9
2424,1202,2025-12-01,8.3,52.2,9.4
2425,1203,2025-01-01,8.9,70.6,9.8
2426,1203,2025-02-01,7.0,70.1,6.8
2427,1203,2025-03-01,6.4,80.2,4.5
2428,1203,2025-04-01,7.4,83.7,6.5
2429,1203,2025-05-01,5.4,71.2,4.9
2430,1203,2025-06-01,6.5,71.6,6.5
2431,1203,2025-07-01,6.5,71.8,6.8
2432,1203,2025-08-01,8.3,65.8,8.7
2433,1203,2025-09-01,7.1,70.1,7.8
2434,1203,2025-10-01,6.6,84.3,7.9
2435,1203,2025-11-01,8.9,82.3,8.6
2436,1203,2025-12-01,8.2,73.9,8.1
2437,1204,2025-01-01,4.4,71.3,5.8
2438,1204,2025-02-01,6.6,90.4,4.9
2439,1204,2025-03-01,6.3,66.0,4.6
2440,1204,2025-04-01,8.7,78.3,10.0
2441,1204,2025-05-01,6.8,69.9,6.6
2442,1204,2025-06-01,6.2,74.8,4.2
2443,1204,2025-07-01,8.6,89.4,10.0
2444,1204,2025-08-01,8.8,67.8,8.8
2445,1204,2025-09-01,7.1,77.8,4.6
2446,1204,2025-10-01,6.2,97.5,4.2
2447,1204,2025-11-01,9.2,75.4,9.1
2448,1204,2025-12-01,6.9,76.6,7.1
2449,1205,2025-01-01,7.7,87.4,7.6
2450,1205,2025-02-01,6.1,64.7,5.5
2451,1205,2025-03-01,7.2,83.0,5.6
2452,1205,2025-04-01,9.3,79.5,9.8
2453,1205,2025-05-01,8.1,81.2,8.6
2454,1205,2025-06-01,9.1,57.4,9.3
2455,1205,2025-07-01,5.1,82.6,4.5
2456,1205,2025-08-01,7.7,76.8,7.8
2457,1205,2025-09-01,7.5,64.1,6.5
2458,1205,2025-10-01,7.5,81.6,8.5
2459,1205,2025-11-01,7.5,86.0,9.1
2460,1205,2025-12-01,6.7,65.3,8.3
2461,1206,2025-01-01,7.0,86.2,5.8
2462,1206,2025-02-01,7.1,71.9,6.3
2463,1206,2025-03-01,7.1,39.6,6.0
2464,1206,2025-04-01,6.7,94.0,6.1
2465,1206,2025-05-01,5.9,97.3,6.3
2466,1206,2025-06-01,7.0,95.2,6.3
2467,1206,2025-07-01,8.6,53.8,8.7
2468,1206,2025-08-01,6.0,74.7,7.1
2469,1206,2025-09-01,8.0,84.1,7.3
2470,1206,2025-10-01,6.2,69.0,5.4
2471,1206,2025-11-01,3.9,77.1,4.0
2472,1206,2025-12-01,6.1,72.3,5.8
2473,1207,2025-01-01,6.9,47.1,6.9
2474,1207,2025-02-01,9.7,76.1,9.2
2475,1207,2025-03-01,4.7,81.6,4.7
2476,1207,2025-04-01,7.8,67.1,6.3
2477,1207,2025-05-01,8.5,82.9,7.7
2478,1207,2025-06-01,6.7,100.0,4.2
2479,1207,2025-07-01,6.6,83.2,6.5
2480,1207,2025-08-01,4.2,78.6,4.6
2481,1207,2025-09-01,8.5,63.2,9.8
2482,1207,2025-10-01,6.6,78.9,6.5
2483,1207,2025-11-01,8.7,66.5,8.3
2484,1207,2025-12-01,6.4,88.2,6.0
2485,1208,2025-01-01,7.0,97.8,6.0
2486,1208,2025-02-01,7.2,37.3,6.8
2487,1208,2025-03-01,4.7,94.6,3.6
2488,1208,2025-04-01,6.7,73.1,6.2
2489,1208,2025-05-01,8.6,92.0,8.9
2490,1208,2025-06-01,7.1,88.8,6.4
2491,1208,2025-07-01,7.2,77.1,7.1
2492,1208,2025-08-01,8.1,68.1,7.8
2493,1208,2025-09-01,5.8,70.3,6.6
2494,1208,2025-10-01,9.4,81.6,9.9
2495,1208,2025-11-01,6.1,63.0,6.8
2496,1208,2025-12-01,5.5,75.3,6.0
2497,1209,2025-01-01,8.2,80.1,9.0
2498,1209,2025-02-01,7.6,59.5,8.0
2499,1209,2025-03-01,6.9,50.1,7.4
2500,1209,2025-04-01,3.4,65.3,4.3
2501,1209,2025-05-01,7.3,46.5,6.6
2502,1209,2025-06-01,8.1,72.4,8.5
2503,1209,2025-07-01,7.1,63.8,6.2
2504,1209,2025-08-01,6.2,76.2,5.9
2505,1209,2025-09-01,9.0,76.7,8.8
2506,1209,2025-10-01,4.9,69.6,6.0
2507,1209,2025-11-01,8.4,50.6,9.6
2508,1209,2025-12-01,7.2,74.4,8.0
2509,1210,2025-01-01,5.0,76.1,5.2
2510,1210,2025-02-01,6.1,66.9,5.7
2511,1210,2025-03-01,10.0,71.4,8.3
2512,1210,2025-04-01,8.2,50.1,8.6
2513,1210,2025-05-01,6.7,65.8,7.1
2514,1210,2025-06-01,6.8,42.1,6.8
2515,1210,2025-07-01,7.8,37.5,6.7
2516,1210,2025-08-01,4.6,69.4,4.0
2517,1210,2025-09-01,8.4,61.1,8.5
2518,1210,2025-10-01,6.4,67.0,6.6
2519,1210,2025-11-01,5.8,83.8,4.5
2520,1210,2025-12-01,7.5,63.2,8.5
2521,1211,2025-01-01,4.2,30.0,4.3
2522,1211,2025-02-01,5.1,66.5,4.4
2523,1211,2025-03-01,7.5,87.6,6.6
2524,1211,2025-04-01,9.2,67.9,8.7
2525,1211,2025-05-01,6.3,67.6,6.2
2526,1211,2025-06-01,7.0,80.7,7.2
2527,1211,2025-07-01,8.7,94.9,8.0
2528,1211,2025-08-01,5.4,81.6,5.2
2529,1211,2025-09-01,6.0,74.2,5.6
2530,1211,2025-10-01,3.3,88.6,2.6
2531,1211,2025-11-01,7.1,86.7,5.5
2532,1211,2025-12-01,7.7,100.0,7.2
2533,1212,2025-01-01,7.9,60.4,5.8
2534,1212,2025-02-01,9.7,76.2,10.0
2535,1212,2025-03-01,7.3,53.6,9.2
2536,1212,2025-04-01,8.7,78.6,10.0
2537,1212,2025-05-01,2.4,78.6,3.6
2538,1212,2025-06-01,5.5,70.2,4.7
2539,1212,2025-07-01,6.2,56.7,4.6
2540,1212,2025-08-01,8.6,45.8,8.1
2541,1212,2025-09-01,10.0,63.7,10.0
2542,1212,2025-10-01,7.3,69.4,6.9
2543,1212,2025-11-01,7.2,92.0,6.7
2544,1212,2025-12-01,6.2,98.3,6.2
2545,1213,2025-01-01,6.3,80.5,6.3
2546,1213,2025-02-01,7.5,71.4,7.0
2547,1213,2025-03-01,8.5,87.4,6.3
2548,1213,2025-04-01,5.3,84.8,4.9
2549,1213,2025-05-01,7.4,67.4,7.6
2550,1213,2025-06-01,10.0,100.0,9.9
2551,1213,2025-07-01,5.0,60.4,3.7
2552,1213,2025-08-01,7.8,73.0,7.7
2553,1213,2025-09-01,5.8,83.2,5.0
2554,1213,2025-10-01,6.4,63.3,7.3
2555,1213,2025-11-01,8.5,69.8,8.3
2556,1213,2025-12-01,7.4,63.7,8.6
2557,1214,2025-01-01,6.0,61.9,4.0
2558,1214,2025-02-01,5.7,69.4,7.6
2559,1214,2025-03-01,7.1,77.6,7.0
2560,1214,2025-04-01,10.0,72.7,10.0
2561,1214,2025-05-01,8.6,75.3,8.3
2562,1214,2025-06-01,9.1,63.3,8.1
2563,1214,2025-07-01,7.2,82.5,6.5
2564,1214,2025-08-01,8.3,87.4,6.9
2565,1214,2025-09-01,9.8,76.5,9.4
2566,1214,2025-10-01,9.7,58.3,9.6
2567,1214,2025-11-01,8.1,76.2,7.5
2568,1214,2025-12-01,7.5,88.3,7.9
2569,1215,2025-01-01,7.8,76.9,7.6
2570,1215,2025-02-01,8.7,73.8,8.5
2571,1215,2025-03-01,8.5,63.1,7.7
2572,1215,2025-04-01,8.3,74.0,7.6
2573,1215,2025-05-01,9.3,54.2,8.9
2574,1215,2025-06-01,8.2,75.6,8.2
2575,1215,2025-07-01,4.7,74.1,5.3
2576,1215,2025-08-01,6.9,53.3,7.6
2577,1215,2025-09-01,6.8,100.0,5.2
2578,1215,2025-10-01,7.5,73.3,7.6
2579,1215,2025-11-01,7.0,86.0,6.2
2580,1215,2025-12-01,6.9,77.5,5.8
2581,1216,2025-01-01,3.7,67.7,3.7
2582,1216,2025-02-01,6.2,94.6,5.7
2583,1216,2025-03-01,7.2,60.1,7.5
2584,1216,2025-04-01,4.2,85.1,4.9
2585,1216,2025-05-01,5.6,72.0,5.1
2586,1216,2025-06-01,8.1,82.7,7.3
2587,1216,2025-07-01,7.6,69.9,7.2
2588,1216,2025-08-01,5.3,80.2,5.1
2589,1216,2025-09-01,7.5,97.5,7.6
2590,1216,2025-10-01,5.2,88.0,6.8
2591,1216,2025-11-01,8.3,77.6,6.3
2592,1216,2025-12-01,9.0,80.1,9.3
2593,1217,2025-01-01,8.7,100.0,8.9
2594,1217,2025-02-01,7.0,65.1,8.4
2595,1217,2025-03-01,7.7,68.1,7.1
2596,1217,2025-04-01,7.2,100.0,7.0
2597,1217,2025-05-01,7.4,96.7,7.5
2598,1217,2025-06-01,5.3,82.6,3.7
2599,1217,2025-07-01,8.1,87.6,9.0
2600,1217,2025-08-01,9.2,83.0,9.0
2601,1217,2025-09-01,8.7,84.7,7.4
2602,1217,2025-10-01,9.8,46.2,10.0
2603,1217,2025-11-01,5.8,62.4,6.9
2604,1217,2025-12-01,7.5,72.2,6.4
2605,1218,2025-01-01,8.0,150.0,7.7
2606,1218,2025-02-01,7.6,97.4,5.8
2607,1218,2025-03-01,9.2,82.8,8.2
2608,1218,2025-04-01,9.4,57.5,10.0
2609,1218,2025-05-01,7.9,77.9,6.7
2610,1218,2025-06-01,8.3,99.5,8.5
2611,1218,2025-07-01,7.5,77.2,6.8
2612,1218,2025-08-01,8.2,86.4,8.5
2613,1218,2025-09-01,9.4,34.8,9.9
2614,1218,2025-10-01,8.0,85.0,5.9
2615,1218,2025-11-01,9.7,64.4,10.0
2616,1218,2025-12-01,8.5,85.3,9.0
2617,1219,2025-01-01,6.9,91.2,6.7
2618,1219,2025-02-01,9.1,38.1,10.0
2619,1219,2025-03-01,7.8,65.1,9.2
2620,1219,2025-04-01,6.2,72.5,4.8
2621,1219,2025-05-01,6.2,70.0,6.5
2622,1219,2025-06-01,8.7,77.4,10.0
2623,1219,2025-07-01,,96.3,4.6
2624,1219,2025-08-01,8.8,80.9,9.0
2625,1219,2025-09-01,3.7,75.7,1.4
2626,1219,2025-10-01,8.5,66.4,8.9
2627,1219,2025-11-01,8.0,64.9,8.8
2628,1219,2025-12-01,9.0,40.4,9.4
2629,1220,2025-01-01,9.8,85.7,10.0
2630,1220,2025-02-01,9.0,100.0,8.3
2631,1220,2025-03-01,7.0,59.5,7.1
2632,1220,2025-04-01,8.5,70.5,8.7
2633,1220,2025-05-01,7.8,53.3,9.7
2634,1220,2025-06-01,7.2,96.3,7.3
2635,1220,2025-07-01,4.2,66.1,1.1
2636,1220,2025-08-01,7.0,65.9,7.1
2637,1220,2025-09-01,6.6,77.5,4.9
2638,1220,2025-10-01,7.9,57.9,8.8
2639,1220,2025-11-01,8.2,62.5,10.0
2640,1220,2025-12-01,8.2,83.2,8.8
2641,1221,2025-01-01,7.1,73.2,6.6
2642,1221,2025-02-01,7.2,58.0,6.7
2643,1221,2025-03-01,9.0,75.6,8.4
2644,1221,2025-04-01,8.1,77.9,6.7
2645,1221,2025-05-01,7.1,63.1,9.0
2646,1221,2025-06-01,5.6,89.6,5.7
2647,1221,2025-07-01,9.1,62.9,7.2
2648,1221,2025-08-01,6.9,77.9,8.6
2649,1221,2025-09-01,5.4,68.3,5.7
2650,1221,2025-10-01,5.3,54.7,5.2
2651,1221,2025-11-01,8.3,97.1,7.5
2652,1221,2025-12-01,7.7,75.3,8.2
2653,1222,2025-01-01,3.2,80.7,3.8
2654,1222,2025-02-01,7.6,95.1,10.0
2655,1222,2025-03-01,6.1,77.9,5.8
2656,1222,2025-04-01,6.2,76.1,7.3
2657,1222,2025-05-01,9.0,67.3,8.7
2658,1222,2025-06-01,5.2,71.1,6.6
2659,1222,2025-07-01,6.1,53.9,5.3
2660,1222,2025-08-01,9.3,70.0,9.1
2661,1222,2025-09-01,7.3,56.2,8.9
2662,1222,2025-10-01,6.8,53.5,6.8
2663,1222,2025-11-01,8.1,66.1,9.4
2664,1222,2025-12-01,6.2,90.4,7.0
2665,1223,2025-01-01,8.2,55.2,9.0
2666,1223,2025-02-01,6.2,61.8,7.4
2667,1223,2025-03-01,10.0,70.0,10.0
2668,1223,2025-04-01,6.7,58.6,5.1
2669,1223,2025-05-01,6.8,77.9,6.2
2670,1223,2025-06-01,5.7,80.8,7.3
2671,1223,2025-07-01,4.9,97.5,4.1
2672,1223,2025-08-01,7.8,52.9,8.1
2673,1223,2025-09-01,6.6,68.7,7.8
2674,1223,2025-10-01,6.3,100.0,7.4
2675,1223,2025-11-01,9.8,62.4,9.2
2676,1223,2025-12-01,5.9,68.6,5.4
2677,1224,2025-01-01,6.0,76.3,4.3
2678,1224,2025-02-01,9.6,82.2,9.0
2679,1224,2025-03-01,6.9,83.2,7.0
2680,1224,2025-04-01,7.2,60.9,7.2
2681,1224,2025-05-01,6.6,72.8,6.6
2682,1224,2025-06-01,6.0,58.7,6.3
2683,1224,2025-07-01,7.0,100.0,6.5
2684,1224,2025-08-01,5.6,93.8,4.5
2685,1224,2025-09-01,8.9,81.4,8.7
2686,1224,2025-10-01,7.1,87.8,8.1
2687,1224,2025-11-01,9.1,76.2,9.6
2688,1224,2025-12-01,6.7,77.5,5.7
2689,1225,2025-01-01,5.4,82.7,6.3
2690,1225,2025-02-01,6.6,63.1,6.7
2691,1225,2025-03-01,9.5,95.4,8.4
2692,1225,2025-04-01,8.6,68.8,9.0
2693,1225,2025-05-01,4.6,68.4,4.3
2694,1225,2025-06-01,5.3,67.0,3.8
2695,1225,2025-07-01,6.4,90.8,5.2
2696,1225,2025-08-01,6.8,79.1,5.0
2697,1225,2025-09-01,7.2,59.6,8.4
2698,1225,2025-10-01,6.9,57.4,8.0
2699,1225,2025-11-01,5.6,60.0,8.1
2700,1225,2025-12-01,5.1,66.2,4.8
2701,1226,2025-01-01,8.4,79.5,10.0
2702,1226,2025-02-01,5.1,77.2,7.0
2703,1226,2025-03-01,5.4,87.3,7.1
2704,1226,2025-04-01,8.6,54.4,6.4
2705,1226,2025-05-01,7.5,71.4,6.2
2706,1226,2025-06-01,5.8,64.8,6.2
2707,1226,2025-07-01,7.3,59.8,7.1
2708,1226,2025-08-01,4.9,77.7,5.5
2709,1226,2025-09-01,5.4,78.9,5.5
2710,1226,2025-10-01,9.4,51.7,8.6
2711,1226,2025-11-01,7.3,79.4,8.4
2712,1226,2025-12-01,4.5,80.6,4.6
2713,1227,2025-01-01,8.0,100.0,8.0
2714,1227,2025-02-01,5.7,72.6,6.3
2715,1227,2025-03-01,8.3,61.6,8.4
2716,1227,2025-04-01,6.7,64.2,6.5
2717,1227,2025-05-01,6.1,62.3,6.0
2718,1227,2025-06-01,5.1,82.5,4.9
2719,1227,2025-07-01,7.4,76.9,7.5
2720,1227,2025-08-01,5.4,61.7,5.7
2721,1227,2025-09-01,5.4,86.0,4.9
2722,1227,2025-10-01,7.6,78.9,7.9
2723,1227,2025-11-01,7.3,71.1,6.5
2724,1227,2025-12-01,8.3,73.6,9.4
2725,1228,2025-01-01,6.7,74.0,7.1
2726,1228,2025-02-01,7.2,48.6,8.2
2727,1228,2025-03-01,4.7,72.3,4.5
2728,1228,2025-04-01,6.5,53.6,7.7
2729,1228,2025-05-01,5.9,86.1,4.8
2730,1228,2025-06-01,7.4,72.1,6.3
2731,1228,2025-07-01,7.8,100.0,5.8
2732,1228,2025-08-01,9.0,80.7,8.3
2733,1228,2025-09-01,8.8,79.2,9.1
2734,1228,2025-10-01,6.8,69.4,8.9
2735,1228,2025-11-01,5.3,62.6,5.4
2736,1228,2025-12-01,5.5,80.3,4.5
2737,1229,2025-01-01,6.9,75.8,6.7
2738,1229,2025-02-01,8.3,63.3,7.1
2739,1229,2025-03-01,5.1,79.0,5.2
2740,1229,2025-04-01,6.3,70.2,5.4
2741,1229,2025-05-01,6.9,85.1,7.3
2742,1229,2025-06-01,4.2,96.5,6.2
2743,1229,2025-07-01,6.3,59.0,5.4
2744,1229,2025-08-01,8.1,84.7,8.2
2745,1229,2025-09-01,8.9,62.1,9.1
2746,1229,2025-10-01,5.4,83.6,5.2
2747,1229,2025-11-01,7.5,70.4,6.8
2748,1229,2025-12-01,10.0,73.4,9.0
2749,1230,2025-01-01,5.9,81.9,7.5
2750,1230,2025-02-01,8.0,85.1,8.2
2751,1230,2025-03-01,5.7,86.8,6.3
2752,1230,2025-04-01,9.1,76.4,10.0
2753,1230,2025-05-01,9.1,73.2,9.2
2754,1230,2025-06-01,,89.2,6.0
2755,1230,2025-07-01,6.6,84.4,5.4
2756,1230,2025-08-01,6.7,89.0,7.2
2757,1230,2025-09-01,6.5,87.4,4.3
2758,1230,2025-10-01,7.8,51.1,7.9
2759,1230,2025-11-01,8.0,78.2,8.0
2760,1230,2025-12-01,5.6,71.2,7.2
2761,1231,2025-01-01,6.3,73.7,8.0
2762,1231,2025-02-01,6.7,75.3,7.5
2763,1231,2025-03-01,7.1,82.3,7.3
2764,1231,2025-04-01,7.0,87.0,7.9
2765,1231,2025-05-01,5.6,94.6,6.1
2766,1231,2025-06-01,5.4,71.3,5.7
2767,1231,2025-07-01,9.1,60.1,9.3
2768,1231,2025-08-01,8.4,58.5,7.4
2769,1231,2025-09-01,6.0,84.9,4.8
2770,1231,2025-10-01,7.4,100.0,7.1
2771,1231,2025-11-01,8.5,86.1,7.7
2772,1231,2025-12-01,8.8,88.7,7.8
2773,1232,2025-01-01,5.2,82.9,5.1
2774,1232,2025-02-01,7.1,68.3,6.5
2775,1232,2025-03-01,7.8,74.9,10.0
2776,1232,2025-04-01,7.7,87.2,7.3
2777,1232,2025-05-01,7.8,86.9,6.2
2778,1232,2025-06-01,7.4,88.2,8.6
2779,1232,2025-07-01,6.1,80.3,6.7
2780,1232,2025-08-01,7.2,71.8,8.6
2781,1232,2025-09-01,9.3,79.4,9.4
2782,1232,2025-10-01,9.4,73.9,10.0
2783,1232,2025-11-01,7.7,73.3,7.3
2784,1232,2025-12-01,4.1,73.7,3.2
2785,1233,2025-01-01,7.0,62.6,6.4
2786,1233,2025-02-01,7.2,100.0,8.9
2787,1233,2025-03-01,7.8,85.2,9.2
2788,1233,2025-04-01,6.7,92.1,7.6
2789,1233,2025-05-01,6.3,58.5,5.4
2790,1233,2025-06-01,5.6,92.1,6.7
2791,1233,2025-07-01,5.5,85.7,5.6
2792,1233,2025-08-01,6.6,98.3,7.4
2793,1233,2025-09-01,8.7,72.6,9.9
2794,1233,2025-10-01,9.1,97.8,9.8
2795,1233,2025-11-01,7.8,70.9,7.2
2796,1233,2025-12-01,8.3,96.3,9.0
2797,1234,2025-01-01,9.4,66.2,7.8
2798,1234,2025-02-01,8.2,55.8,9.8
2799,1234,2025-03-01,6.5,80.8,5.0
2800,1234,2025-04-01,5.7,100.0,5.9
2801,1234,2025-05-01,6.3,72.0,5.8
2802,1234,2025-06-01,10.0,80.2,9.7
2803,1234,2025-07-01,9.4,62.5,8.3
2804,1234,2025-08-01,4.2,72.5,4.2
2805,1234,2025-09-01,7.0,81.2,8.3
2806,1234,2025-10-01,8.1,96.3,7.4
2807,1234,2025-11-01,7.9,90.1,9.0
2808,1234,2025-12-01,6.1,63.4,6.1
2809,1235,2025-01-01,7.2,73.6,7.8
2810,1235,2025-02-01,7.5,96.7,6.0
2811,1235,2025-03-01,6.9,55.5,8.8
2812,1235,2025-04-01,5.8,69.3,7.5
2813,1235,2025-05-01,7.3,61.5,8.5
2814,1235,2025-06-01,7.8,81.9,9.3
2815,1235,2025-07-01,8.0,84.1,7.5
2816,1235,2025-08-01,7.5,64.3,7.8
2817,1235,2025-09-01,7.3,58.0,7.4
2818,1235,2025-10-01,10.0,81.4,9.3
2819,1235,2025-11-01,8.1,80.3,8.1
2820,1235,2025-12-01,7.0,86.6,6.3
2821,1236,2025-01-01,7.9,64.1,7.3
2822,1236,2025-02-01,6.2,67.2,5.6
2823,1236,2025-03-01,7.9,85.0,8.6
2824,1236,2025-04-01,6.0,87.2,6.4
2825,1236,2025-05-01,8.6,73.3,10.0
2826,1236,2025-06-01,7.9,95.8,6.8
2827,1236,2025-07-01,2.7,89.8,3.8
2828,1236,2025-08-01,8.7,77.6,10.0
2829,1236,2025-09-01,6.1,95.2,5.6
2830,1236,2025-10-01,8.1,75.0,7.8
2831,1236,2025-11-01,6.6,61.4,4.0
2832,1236,2025-12-01,8.1,46.5,9.1
2833,1237,2025-01-01,6.6,93.2,7.7
2834,1237,2025-02-01,6.3,75.1,5.2
2835,1237,2025-03-01,5.6,73.5,4.5
2836,1237,2025-04-01,3.7,68.8,2.1
2837,1237,2025-05-01,6.8,98.6,6.9
2838,1237,2025-06-01,5.4,48.5,6.7
2839,1237,2025-07-01,8.0,72.0,7.2
2840,1237,2025-08-01,9.3,51.7,8.8
2841,1237,2025-09-01,7.7,67.2,7.6
2842,1237,2025-10-01,9.9,90.5,10.0
2843,1237,2025-11-01,7.8,61.2,7.6
2844,1237,2025-12-01,7.5,88.5,9.1
2845,1238,2025-01-01,7.3,69.5,8.4
2846,1238,2025-02-01,7.7,65.3,8.4
2847,1238,2025-03-01,4.6,64.1,4.7
2848,1238,2025-04-01,8.3,81.1,9.3
2849,1238,2025-05-01,6.7,77.8,7.7
2850,1238,2025-06-01,4.5,70.4,5.0
2851,1238,2025-07-01,8.8,71.1,8.7
2852,1238,2025-08-01,8.0,91.3,7.9
2853,1238,2025-09-01,7.7,95.0,8.3
2854,1238,2025-10-01,6.5,100.0,7.7
2855,1238,2025-11-01,5.4,90.3,5.2
2856,1238,2025-12-01,7.9,82.6,7.4
2857,1239,2025-01-01,6.8,90.0,7.4
2858,1239,2025-02-01,7.8,73.6,9.2
2859,1239,2025-03-01,5.4,73.8,6.2
2860,1239,2025-04-01,6.1,100.0,5.3
2861,1239,2025-05-01,9.1,72.8,7.5
2862,1239,2025-06-01,9.6,47.1,9.7
2863,1239,2025-07-01,6.5,86.6,6.2
2864,1239,2025-08-01,8.3,82.5,8.0
2865,1239,2025-09-01,4.1,100.0,3.0
2866,1239,2025-10-01,10.0,61.3,10.0
2867,1239,2025-11-01,8.6,66.9,8.2
2868,1239,2025-12-01,7.8,52.1,7.6
2869,1240,2025-01-01,4.1,84.9,4.4
2870,1240,2025-02-01,8.6,76.0,8.9
2871,1240,2025-03-01,7.6,89.2,8.8
2872,1240,2025-04-01,6.6,78.5,6.1
2873,1240,2025-05-01,9.2,52.7,9.3
2874,1240,2025-06-01,6.2,97.5,6.8
2875,1240,2025-07-01,8.6,46.3,7.4
2876,1240,2025-08-01,5.8,66.9,6.1
2877,1240,2025-09-01,8.0,85.9,8.0
2878,1240,2025-10-01,7.4,76.4,7.7
2879,1240,2025-11-01,8.0,57.1,7.2
2880,1240,2025-12-01,6.8,85.9,7.3
2881,1241,2025-01-01,5.0,79.8,4.9
2882,1241,2025-02-01,7.7,77.1,6.7
2883,1241,2025-03-01,7.8,71.1,8.0
2884,1241,2025-04-01,9.5,81.6,8.5
2885,1241,2025-05-01,5.2,54.0,4.1
2886,1241,2025-06-01,7.8,66.0,8.0
2887,1241,2025-07-01,7.2,54.1,7.1
2888,1241,2025-08-01,6.8,43.8,6.6
2889,1241,2025-09-01,9.7,97.3,9.8
2890,1241,2025-10-01,8.1,83.0,7.5
2891,1241,2025-11-01,5.5,56.1,4.7
2892,1241,2025-12-01,,86.9,6.2
2893,1242,2025-01-01,7.3,79.3,5.8
2894,1242,2025-02-01,7.6,83.7,8.2
2895,1242,2025-03-01,7.2,57.0,4.8
2896,1242,2025-04-01,6.1,61.1,5.1
2897,1242,2025-05-01,8.5,67.0,9.6
2898,1242,2025-06-01,4.6,61.6,4.6
2899,1242,2025-07-01,6.8,87.1,5.4
2900,1242,2025-08-01,6.0,84.7,6.0
2901,1242,2025-09-01,9.1,59.4,8.2
2902,1242,2025-10-01,4.0,100.0,4.3
2903,1242,2025-11-01,7.2,83.4,4.4
2904,1242,2025-12-01,7.1,90.6,6.7
2905,1243,2025-01-01,6.9,91.8,7.3
2906,1243,2025-02-01,5.6,84.1,4.9
2907,1243,2025-03-01,6.0,87.1,4.5
2908,1243,2025-04-01,6.5,91.7,7.6
2909,1243,2025-05-01,6.4,72.6,6.0
2910,1243,2025-06-01,7.5,86.9,6.8
2911,1243,2025-07-01,7.7,80.1,8.3
2912,1243,2025-08-01,10.0,81.2,10.0
2913,1243,2025-09-01,6.6,34.6,5.8
2914,1243,2025-10-01,8.0,57.0,8.9
2915,1243,2025-11-01,7.0,82.9,5.9
2916,1243,2025-12-01,6.3,86.8,5.4
2917,1244,2025-01-01,6.8,74.1,6.8
2918,1244,2025-02-01,6.4,81.6,6.1
2919,1244,2025-03-01,6.5,93.7,6.5
2920,1244,2025-04-01,,73.0,8.6
2921,1244,2025-05-01,7.1,66.9,7.3
2922,1244,2025-06-01,7.9,83.9,7.4
2923,1244,2025-07-01,5.5,54.8,5.8
2924,1244,2025-08-01,7.7,70.4,8.2
2925,1244,2025-09-01,5.7,80.5,7.1
2926,1244,2025-10-01,7.8,61.7,8.5
2927,1244,2025-11-01,7.0,87.6,5.9
2928,1244,2025-12-01,6.4,91.4,7.0
2929,1245,2025-01-01,6.0,90.3,6.5
2930,1245,2025-02-01,5.3,76.2,4.6
2931,1245,2025-03-01,8.0,78.9,8.2
2932,1245,2025-04-01,6.9,57.2,6.3
2933,1245,2025-05-01,6.9,67.7,7.5
2934,1245,2025-06-01,6.5,93.3,5.8
2935,1245,2025-07-01,6.9,60.3,6.3
2936,1245,2025-08-01,10.0,65.9,9.0
2937,1245,2025-09-01,6.4,96.1,4.6
2938,1245,2025-10-01,5.5,71.2,5.0
2939,1245,2025-11-01,6.9,93.8,8.2
2940,1245,2025-12-01,6.7,67.4,7.0
2941,1246,2025-01-01,6.3,93.9,4.9
2942,1246,2025-02-01,6.6,59.3,5.8
2943,1246,2025-03-01,7.0,98.7,6.5
2944,1246,2025-04-01,9.9,86.8,9.1
2945,1246,2025-05-01,6.8,100.0,7.2
2946,1246,2025-06-01,6.4,66.0,6.4
2947,1246,2025-07-01,9.0,66.7,9.3
2948,1246,2025-08-01,10.0,79.2,9.5
2949,1246,2025-09-01,5.7,97.5,5.5
2950,1246,2025-10-01,7.8,63.6,6.4
2951,1246,2025-11-01,6.4,62.1,5.3
2952,1246,2025-12-01,7.0,60.7,7.3
2953,1247,2025-01-01,7.3,64.8,5.9
2954,1247,2025-02-01,6.6,65.6,6.8
2955,1247,2025-03-01,5.9,72.1,7.0
2956,1247,2025-04-01,7.7,98.3,6.6
2957,1247,2025-05-01,6.5,78.5,5.1
2958,1247,2025-06-01,8.7,73.7,8.8
2959,1247,2025-07-01,6.9,44.6,7.7
2960,1247,2025-08-01,7.9,60.7,7.2
2961,1247,2025-09-01,7.5,81.8,7.5
2962,1247,2025-10-01,5.5,79.3,5.0
2963,1247,2025-11-01,8.8,73.4,6.7
2964,1247,2025-12-01,9.9,65.2,10.0
2965,1248,2025-01-01,7.2,72.5,6.1
2966,1248,2025-02-01,9.5,72.1,10.0
2967,1248,2025-03-01,10.0,65.4,9.4
2968,1248,2025-04-01,9.1,70.6,9.6
2969,1248,2025-05-01,8.4,78.4,8.0
2970,1248,2025-06-01,4.9,77.6,3.8
2971,1248,2025-07-01,6.1,69.9,5.4
2972,1248,2025-08-01,10.0,94.7,10.0
2973,1248,2025-09-01,5.6,65.8,5.4
2974,1248,2025-10-01,7.0,72.9,8.0
2975,1248,2025-11-01,7.5,89.0,8.8
2976,1248,2025-12-01,7.1,65.6,7.6
2977,1249,2025-01-01,8.9,58.3,9.5
2978,1249,2025-02-01,6.5,65.8,5.8
2979,1249,2025-03-01,4.4,70.4,2.6
2980,1249,2025-04-01,3.9,92.3,3.5
2981,1249,2025-05-01,8.2,78.4,9.3
2982,1249,2025-06-01,5.4,82.0,5.5
2983,1249,2025-07-01,9.6,71.7,10.0
2984,1249,2025-08-01,7.7,82.8,8.8
2985,1249,2025-09-01,5.0,73.6,5.8
2986,1249,2025-10-01,9.6,51.2,10.0
2987,1249,2025-11-01,5.3,97.5,4.8
2988,1249,2025-12-01,7.3,63.5,6.2
2989,1250,2025-01-01,5.8,37.4,4.6
2990,1250,2025-02-01,5.6,64.9,4.0
2991,1250,2025-03-01,5.9,62.0,6.6
2992,1250,2025-04-01,7.5,66.9,9.9
2993,1250,2025-05-01,6.6,78.3,4.5
2994,1250,2025-06-01,9.0,70.1,9.6
2995,1250,2025-07-01,7.1,85.2,7.4
2996,1250,2025-08-01,6.6,65.9,6.2
2997,1250,2025-09-01,5.9,68.5,6.4
2998,1250,2025-10-01,5.3,67.9,5.6
2999,1250,2025-11-01,6.4,92.3,7.2
3000,1250,2025-12-01,8.0,72.2,7.8
3001,1251,2025-01-01,9.8,77.2,8.8
3002,1251,2025-02-01,8.0,77.5,8.4
3003,1251,2025-03-01,5.0,150.0,3.2
3004,1251,2025-04-01,9.0,81.3,6.8
3005,1251,2025-05-01,7.7,61.4,9.3
3006,1251,2025-06-01,6.4,46.5,7.0
3007,1251,2025-07-01,8.0,84.1,8.7
3008,1251,2025-08-01,9.2,54.9,10.0
3009,1251,2025-09-01,4.9,78.4,4.4
3010,1251,2025-10-01,7.2,62.2,6.5
3011,1251,2025-11-01,8.3,76.2,9.7
3012,1251,2025-12-01,5.9,71.7,6.1
3013,1252,2025-01-01,5.8,100.0,4.5
3014,1252,2025-02-01,4.8,90.9,5.8
3015,1252,2025-03-01,6.7,77.3,8.0
3016,1252,2025-04-01,8.5,69.0,9.8
3017,1252,2025-05-01,9.1,49.3,9.7
3018,1252,2025-06-01,5.7,86.1,5.8
3019,1252,2025-07-01,5.3,61.4,4.8
3020,1252,2025-08-01,7.5,66.0,6.9
3021,1252,2025-09-01,6.1,51.6,5.6
3022,1252,2025-10-01,6.7,80.3,8.1
3023,1252,2025-11-01,6.3,64.5,7.1
3024,1252,2025-12-01,6.7,78.5,6.1
3025,1253,2025-01-01,6.7,64.7,7.4
3026,1253,2025-02-01,8.4,55.8,9.4
3027,1253,2025-03-01,7.2,65.2,8.2
3028,1253,2025-04-01,6.3,79.1,7.3
3029,1253,2025-05-01,6.8,78.7,5.2
3030,1253,2025-06-01,10.0,100.0,9.9
3031,1253,2025-07-01,5.8,73.3,7.1
3032,1253,2025-08-01,6.9,79.7,6.8
3033,1253,2025-09-01,5.4,80.8,5.3
3034,1253,2025-10-01,5.7,85.0,6.1
3035,1253,2025-11-01,7.7,98.9,8.1
3036,1253,2025-12-01,7.0,75.5,7.1
3037,1254,2025-01-01,5.9,83.0,6.1
3038,1254,2025-02-01,7.8,71.2,8.8
3039,1254,2025-03-01,7.9,92.4,6.5
3040,1254,2025-04-01,8.2,80.6,9.0
3041,1254,2025-05-01,6.2,74.6,6.3
3042,1254,2025-06-01,8.0,68.7,9.3
3043,1254,2025-07-01,5.1,71.5,6.1
3044,1254,2025-08-01,4.3,77.5,3.5
3045,1254,2025-09-01,6.8,90.5,6.9
3046,1254,2025-10-01,9.0,69.6,7.9
3047,1254,2025-11-01,8.1,38.3,8.2
3048,1254,2025-12-01,8.1,61.3,7.5
3049,1255,2025-01-01,7.6,100.0,7.9
3050,1255,2025-02-01,6.6,82.2,6.4
3051,1255,2025-03-01,5.9,63.6,5.7
3052,1255,2025-04-01,9.6,70.4,9.5
3053,1255,2025-05-01,7.8,62.6,8.1
3054,1255,2025-06-01,8.6,80.0,8.7
3055,1255,2025-07-01,7.3,88.4,8.1
3056,1255,2025-08-01,9.3,100.0,7.5
3057,1255,2025-09-01,7.2,73.0,6.3
3058,1255,2025-10-01,10.0,79.0,10.0
3059,1255,2025-11-01,10.0,85.9,9.3
3060,1255,2025-12-01,5.2,56.8,5.9
3061,1256,2025-01-01,8.2,76.8,7.6
3062,1256,2025-02-01,,89.7,8.7
3063,1256,2025-03-01,4.5,62.3,4.1
3064,1256,2025-04-01,6.3,77.0,7.3
3065,1256,2025-05-01,8.3,67.8,6.5
3066,1256,2025-06-01,5.6,65.2,7.5
3067,1256,2025-07-01,6.8,100.0,6.7
3068,1256,2025-08-01,7.7,74.3,6.6
3069,1256,2025-09-01,7.7,64.6,7.4
3070,1256,2025-10-01,5.8,58.8,5.2
3071,1256,2025-11-01,8.1,50.8,7.1
3072,1256,2025-12-01,5.2,93.6,4.9
3073,1257,2025-01-01,6.6,65.4,7.4
3074,1257,2025-02-01,7.1,74.8,7.9
3075,1257,2025-03-01,5.5,62.7,6.5
3076,1257,2025-04-01,7.8,78.2,8.6
3077,1257,2025-05-01,10.0,56.1,10.0
3078,1257,2025-06-01,8.1,48.0,7.8
3079,1257,2025-07-01,8.0,92.7,6.9
3080,1257,2025-08-01,7.6,63.4,6.2
3081,1257,2025-09-01,7.1,77.1,8.1
3082,1257,2025-10-01,4.3,58.0,5.8
3083,1257,2025-11-01,7.3,75.8,6.4
3084,1257,2025-12-01,8.6,92.2,9.3
3085,1258,2025-01-01,6.9,56.5,8.3
3086,1258,2025-02-01,5.5,55.3,5.2
3087,1258,2025-03-01,5.4,94.5,6.4
3088,1258,2025-04-01,5.9,82.9,5.9
3089,1258,2025-05-01,9.4,85.0,9.2
3090,1258,2025-06-01,8.6,76.3,9.0
3091,1258,2025-07-01,5.3,75.9,5.4
3092,1258,2025-08-01,7.7,89.2,6.1
3093,1258,2025-09-01,8.9,90.4,10.0
3094,1258,2025-10-01,7.1,70.7,7.1
3095,1258,2025-11-01,8.6,89.5,8.9
3096,1258,2025-12-01,5.8,59.3,5.4
3097,1259,2025-01-01,6.9,66.2,8.1
3098,1259,2025-02-01,6.4,34.8,8.5
3099,1259,2025-03-01,7.1,79.5,5.7
3100,1259,2025-04-01,6.6,56.1,6.2
3101,1259,2025-05-01,5.4,65.0,5.5
3102,1259,2025-06-01,9.1,78.6,9.9
3103,1259,2025-07-01,6.4,82.2,6.2
3104,1259,2025-08-01,7.8,84.2,7.3
3105,1259,2025-09-01,7.8,66.3,8.9
3106,1259,2025-10-01,8.5,89.6,6.8
3107,1259,2025-11-01,6.5,79.6,5.2
3108,1259,2025-12-01,7.4,96.0,7.1
3109,1260,2025-01-01,8.1,95.7,8.2
3110,1260,2025-02-01,8.8,65.3,8.9
3111,1260,2025-03-01,8.5,80.6,6.3
3112,1260,2025-04-01,7.4,79.4,8.0
3113,1260,2025-05-01,7.4,60.6,7.8
3114,1260,2025-06-01,10.0,55.2,9.2
3115,1260,2025-07-01,5.8,71.7,6.1
3116,1260,2025-08-01,8.2,57.9,7.4
3117,1260,2025-09-01,9.6,79.0,9.0
3118,1260,2025-10-01,10.0,89.3,10.0
3119,1260,2025-11-01,5.3,75.9,6.7
3120,1260,2025-12-01,5.8,70.7,5.4
3121,1261,2025-01-01,8.9,74.4,9.3
3122,1261,2025-02-01,7.9,77.5,7.4
3123,1261,2025-03-01,6.1,78.0,6.0
3124,1261,2025-04-01,5.9,75.7,5.5
3125,1261,2025-05-01,6.6,63.2,8.1
3126,1261,2025-06-01,7.6,60.4,7.0
3127,1261,2025-07-01,9.8,95.2,10.0
3128,1261,2025-08-01,8.2,77.7,7.0
3129,1261,2025-09-01,7.6,73.3,8.3
3130,1261,2025-10-01,5.7,89.9,4.2
3131,1261,2025-11-01,7.3,44.6,6.5
3132,1261,2025-12-01,6.5,74.8,7.7
3133,1262,2025-01-01,5.8,93.8,6.8
3134,1262,2025-02-01,9.2,79.5,6.3
3135,1262,2025-03-01,5.8,73.4,5.9
3136,1262,2025-04-01,7.9,85.5,7.6
3137,1262,2025-05-01,7.5,81.5,6.5
3138,1262,2025-06-01,8.4,58.1,8.4
3139,1262,2025-07-01,8.4,64.3,9.0
3140,1262,2025-08-01,8.2,100.0,9.4
3141,1262,2025-09-01,6.5,70.3,5.0
3142,1262,2025-10-01,8.4,68.6,9.3
3143,1262,2025-11-01,6.8,81.1,6.8
3144,1262,2025-12-01,6.7,92.5,6.8
3145,1263,2025-01-01,7.8,80.6,7.8
3146,1263,2025-02-01,8.0,49.7,8.0
3147,1263,2025-03-01,7.6,67.3,8.9
3148,1263,2025-04-01,8.1,63.5,8.5
3149,1263,2025-05-01,7.1,92.6,6.7
3150,1263,2025-06-01,7.3,80.0,7.4
3151,1263,2025-07-01,9.0,74.5,9.6
3152,1263,2025-08-01,5.9,91.0,5.9
3153,1263,2025-09-01,5.8,74.8,5.8
3154,1263,2025-10-01,5.7,75.0,6.5
3155,1263,2025-11-01,7.2,90.3,8.5
3156,1263,2025-12-01,6.0,81.1,6.2
3157,1264,2025-01-01,5.5,83.6,6.5
3158,1264,2025-02-01,5.9,70.9,5.2
3159,1264,2025-03-01,4.7,64.8,6.6
3160,1264,2025-04-01,7.5,72.3,6.3
3161,1264,2025-05-01,7.6,66.7,6.8
3162,1264,2025-06-01,7.5,79.7,7.1
3163,1264,2025-07-01,5.7,71.7,5.5
3164,1264,2025-08-01,7.1,44.8,7.7
3165,1264,2025-09-01,7.2,55.1,7.8
3166,1264,2025-10-01,8.3,86.3,7.6
3167,1264,2025-11-01,7.3,86.1,7.9
3168,1264,2025-12-01,6.1,73.4,6.7
3169,1265,2025-01-01,6.7,64.4,6.4
3170,1265,2025-02-01,9.4,70.5,7.6
3171,1265,2025-03-01,5.7,70.8,6.5
3172,1265,2025-04-01,6.0,71.7,5.6
3173,1265,2025-05-01,6.4,72.0,7.8
3174,1265,2025-06-01,6.6,95.8,8.2
3175,1265,2025-07-01,6.8,66.5,7.1
3176,1265,2025-08-01,10.0,69.8,10.0
3177,1265,2025-09-01,6.8,63.5,8.7
3178,1265,2025-10-01,7.3,71.7,7.4
3179,1265,2025-11-01,7.5,69.2,7.4
3180,1265,2025-12-01,6.3,86.8,4.9
3181,1266,2025-01-01,7.0,77.1,5.7
3182,1266,2025-02-01,7.6,87.6,6.9
3183,1266,2025-03-01,7.1,61.3,7.3
3184,1266,2025-04-01,8.1,83.0,7.5
3185,1266,2025-05-01,6.4,75.3,6.7
3186,1266,2025-06-01,7.8,63.7,7.2
3187,1266,2025-07-01,5.8,80.8,4.9
3188,1266,2025-08-01,6.9,63.0,6.9
3189,1266,2025-09-01,8.4,76.3,8.3
3190,1266,2025-10-01,7.6,87.3,7.9
3191,1266,2025-11-01,6.6,81.6,6.7
3192,1266,2025-12-01,6.7,64.9,5.0
3193,1267,2025-01-01,9.9,52.8,10.0
3194,1267,2025-02-01,6.3,100.0,6.8
3195,1267,2025-03-01,7.0,50.2,7.2
3196,1267,2025-04-01,8.1,65.6,8.1
3197,1267,2025-05-01,9.9,95.5,9.7
3198,1267,2025-06-01,7.8,69.0,9.3
3199,1267,2025-07-01,8.0,80.7,8.3
3200,1267,2025-08-01,9.0,62.9,10.0
3201,1267,2025-09-01,8.0,90.1,8.5
3202,1267,2025-10-01,8.1,81.5,7.6
3203,1267,2025-11-01,6.8,85.5,7.6
3204,1267,2025-12-01,8.8,90.9,8.2
3205,1268,2025-01-01,7.8,78.7,7.9
3206,1268,2025-02-01,5.1,60.8,5.6
3207,1268,2025-03-01,6.0,82.7,5.9
3208,1268,2025-04-01,4.6,54.5,5.1
3209,1268,2025-05-01,7.3,70.1,8.6
3210,1268,2025-06-01,5.9,94.0,3.7
3211,1268,2025-07-01,8.7,84.9,10.0
3212,1268,2025-08-01,5.2,100.0,3.9
3213,1268,2025-09-01,7.8,78.4,9.4
3214,1268,2025-10-01,4.9,80.6,5.4
3215,1268,2025-11-01,7.0,73.7,7.5
3216,1268,2025-12-01,6.9,57.3,8.3
3217,1269,2025-01-01,4.7,94.8,5.6
3218,1269,2025-02-01,4.5,86.1,3.6
3219,1269,2025-03-01,7.7,76.1,9.4
3220,1269,2025-04-01,8.4,82.3,8.1
3221,1269,2025-05-01,6.6,56.5,5.5
3222,1269,2025-06-01,8.1,66.0,7.8
3223,1269,2025-07-01,5.1,57.9,4.9
3224,1269,2025-08-01,9.5,80.2,10.0
3225,1269,2025-09-01,10.0,100.0,10.0
3226,1269,2025-10-01,6.0,33.1,5.4
3227,1269,2025-11-01,5.7,60.8,3.7
3228,1269,2025-12-01,8.4,67.2,8.9
3229,1270,2025-01-01,7.2,88.8,7.5
3230,1270,2025-02-01,9.5,80.5,10.0
3231,1270,2025-03-01,7.9,100.0,7.6
3232,1270,2025-04-01,7.1,82.4,5.4
3233,1270,2025-05-01,6.8,71.4,6.8
3234,1270,2025-06-01,6.6,58.5,4.2
3235,1270,2025-07-01,7.2,86.7,5.9
3236,1270,2025-08-01,8.5,89.2,9.2
3237,1270,2025-09-01,8.5,78.7,7.3
3238,1270,2025-10-01,7.2,67.4,6.8
3239,1270,2025-11-01,9.2,81.9,10.0
3240,1270,2025-12-01,8.5,79.3,7.8
3241,1271,2025-01-01,9.1,67.7,7.2
3242,1271,2025-02-01,5.5,86.9,5.8
3243,1271,2025-03-01,8.9,90.6,9.1
3244,1271,2025-04-01,7.8,63.3,7.6
3245,1271,2025-05-01,6.4,69.4,6.5
3246,1271,2025-06-01,5.8,60.4,6.1
3247,1271,2025-07-01,8.2,71.1,7.6
3248,1271,2025-08-01,6.0,100.0,5.5
3249,1271,2025-09-01,4.1,78.1,6.3
3250,1271,2025-10-01,9.3,82.3,10.0
3251,1271,2025-11-01,7.8,79.4,8.7
3252,1271,2025-12-01,6.7,64.6,6.7
3253,1272,2025-01-01,8.6,70.1,8.7
3254,1272,2025-02-01,7.5,72.1,6.9
3255,1272,2025-03-01,4.8,90.6,3.9
3256,1272,2025-04-01,7.0,150.0,8.4
3257,1272,2025-05-01,4.9,68.7,5.3
3258,1272,2025-06-01,8.5,75.7,9.4
3259,1272,2025-07-01,6.6,91.5,5.3
3260,1272,2025-08-01,6.2,49.8,5.5
3261,1272,2025-09-01,5.2,81.8,6.6
3262,1272,2025-10-01,7.9,82.2,8.8
3263,1272,2025-11-01,7.7,88.3,7.1
3264,1272,2025-12-01,8.0,85.1,8.4
3265,1273,2025-01-01,6.8,68.7,6.1
3266,1273,2025-02-01,6.7,83.9,6.8
3267,1273,2025-03-01,9.2,54.0,7.8
3268,1273,2025-04-01,6.4,77.6,7.6
3269,1273,2025-05-01,7.0,100.0,6.3
3270,1273,2025-06-01,9.0,89.3,7.7
3271,1273,2025-07-01,5.2,73.0,4.9
3272,1273,2025-08-01,7.2,44.8,7.6
3273,1273,2025-09-01,7.2,85.9,7.5
3274,1273,2025-10-01,5.9,65.9,5.1
3275,1273,2025-11-01,6.5,74.3,6.0
3276,1273,2025-12-01,10.0,66.3,10.0
3277,1274,2025-01-01,8.4,79.5,8.2
3278,1274,2025-02-01,8.6,92.6,8.2
3279,1274,2025-03-01,8.3,78.6,6.6
3280,1274,2025-04-01,7.3,150.0,8.5
3281,1274,2025-05-01,6.0,54.6,6.4
3282,1274,2025-06-01,7.4,83.0,7.6
3283,1274,2025-07-01,5.3,90.3,8.0
3284,1274,2025-08-01,9.3,86.2,7.9
3285,1274,2025-09-01,6.3,50.6,7.3
3286,1274,2025-10-01,6.2,62.4,6.4
3287,1274,2025-11-01,9.1,64.8,8.1
3288,1274,2025-12-01,4.1,71.1,5.6
3289,1275,2025-01-01,7.9,75.1,7.0
3290,1275,2025-02-01,8.0,70.6,8.0
3291,1275,2025-03-01,3.5,72.1,1.4
3292,1275,2025-04-01,6.6,87.2,7.2
3293,1275,2025-05-01,7.0,69.1,7.7
3294,1275,2025-06-01,7.5,99.4,8.2
3295,1275,2025-07-01,5.0,88.7,5.9
3296,1275,2025-08-01,6.4,73.0,7.3
3297,1275,2025-09-01,8.1,56.0,8.7
3298,1275,2025-10-01,5.7,77.8,5.6
3299,1275,2025-11-01,4.3,98.9,2.7
3300,1275,2025-12-01,9.3,73.5,9.0
3301,1276,2025-01-01,8.0,82.0,10.0
3302,1276,2025-02-01,6.4,84.2,6.7
3303,1276,2025-03-01,8.1,75.6,8.0
3304,1276,2025-04-01,6.3,67.9,5.5
3305,1276,2025-05-01,8.2,55.7,7.0
3306,1276,2025-06-01,7.3,57.1,6.1
3307,1276,2025-07-01,7.7,75.1,7.8
3308,1276,2025-08-01,6.2,59.8,5.7
3309,1276,2025-09-01,7.8,74.8,7.9
3310,1276,2025-10-01,6.3,79.5,5.3
3311,1276,2025-11-01,8.1,84.9,7.4
3312,1276,2025-12-01,8.1,48.5,8.9
3313,1277,2025-01-01,4.6,95.9,4.6
3314,1277,2025-02-01,8.6,62.9,9.3
3315,1277,2025-03-01,7.2,82.6,6.5
3316,1277,2025-04-01,6.0,80.5,5.8
3317,1277,2025-05-01,6.7,72.8,6.1
3318,1277,2025-06-01,7.6,80.7,7.0
3319,1277,2025-07-01,6.3,90.2,6.5
3320,1277,2025-08-01,8.1,87.8,6.0
3321,1277,2025-09-01,7.9,74.8,7.0
3322,1277,2025-10-01,8.5,80.6,8.2
3323,1277,2025-11-01,5.5,100.0,5.9
3324,1277,2025-12-01,7.0,92.2,7.3
3325,1278,2025-01-01,5.9,63.1,6.0
3326,1278,2025-02-01,7.6,77.3,7.5
3327,1278,2025-03-01,5.5,74.7,6.1
3328,1278,2025-04-01,7.4,55.6,6.9
3329,1278,2025-05-01,7.7,62.8,9.2
3330,1278,2025-06-01,6.8,62.3,7.4
3331,1278,2025-07-01,4.7,80.3,4.8
3332,1278,2025-08-01,9.2,82.0,8.4
3333,1278,2025-09-01,7.9,65.8,8.7
3334,1278,2025-10-01,7.7,90.7,9.4
3335,1278,2025-11-01,6.8,81.5,5.8
3336,1278,2025-12-01,7.0,92.3,6.3
3337,1279,2025-01-01,6.0,83.4,5.8
3338,1279,2025-02-01,7.5,82.8,6.7
3339,1279,2025-03-01,5.6,43.8,5.9
3340,1279,2025-04-01,10.0,71.0,9.0
3341,1279,2025-05-01,4.8,62.2,4.8
3342,1279,2025-06-01,7.7,87.5,8.5
3343,1279,2025-07-01,7.8,65.8,6.5
3344,1279,2025-08-01,5.6,78.9,6.6
3345,1279,2025-09-01,6.9,55.9,6.8
3346,1279,2025-10-01,5.0,63.0,6.2
3347,1279,2025-11-01,8.4,150.0,9.1
3348,1279,2025-12-01,7.4,80.0,7.9
3349,1280,2025-01-01,9.6,70.7,10.0
3350,1280,2025-02-01,6.2,60.6,7.7
3351,1280,2025-03-01,9.3,72.0,8.8
3352,1280,2025-04-01,7.1,67.0,6.5
3353,1280,2025-05-01,7.8,44.4,8.2
3354,1280,2025-06-01,5.8,72.9,6.1
3355,1280,2025-07-01,6.2,92.9,6.6
3356,1280,2025-08-01,7.1,78.5,6.3
3357,1280,2025-09-01,8.9,78.2,8.9
3358,1280,2025-10-01,8.8,100.0,7.0
3359,1280,2025-11-01,7.5,84.3,7.5
3360,1280,2025-12-01,8.1,81.3,9.3
3361,1281,2025-01-01,9.0,74.7,8.3
3362,1281,2025-02-01,5.7,94.6,6.5
3363,1281,2025-03-01,7.4,69.3,8.4
3364,1281,2025-04-01,7.2,53.0,7.0
3365,1281,2025-05-01,6.3,70.1,5.9
3366,1281,2025-06-01,7.3,61.1,8.7
3367,1281,2025-07-01,5.9,61.6,4.9
3368,1281,2025-08-01,8.7,77.1,7.4
3369,1281,2025-09-01,8.0,96.4,4.3
3370,1281,2025-10-01,6.5,59.1,5.3
3371,1281,2025-11-01,9.0,76.5,9.8
3372,1281,2025-12-01,7.8,83.1,7.4
3373,1282,2025-01-01,6.3,74.2,4.1
3374,1282,2025-02-01,5.9,60.4,6.4
3375,1282,2025-03-01,7.5,61.0,8.2
3376,1282,2025-04-01,5.7,91.0,3.5
3377,1282,2025-05-01,8.1,57.3,9.9
3378,1282,2025-06-01,7.9,79.0,7.7
3379,1282,2025-07-01,6.8,79.6,7.8
3380,1282,2025-08-01,7.8,77.0,9.1
3381,1282,2025-09-01,7.4,56.0,8.6
3382,1282,2025-10-01,5.0,63.2,4.9
3383,1282,2025-11-01,9.4,77.5,7.7
3384,1282,2025-12-01,7.6,60.8,8.1
3385,1283,2025-01-01,7.1,59.6,7.0
3386,1283,2025-02-01,6.8,88.7,5.0
3387,1283,2025-03-01,6.8,59.4,7.3
3388,1283,2025-04-01,5.5,94.2,4.8
3389,1283,2025-05-01,6.0,80.6,5.9
3390,1283,2025-06-01,7.2,64.8,8.2
3391,1283,2025-07-01,8.9,68.6,10.0
3392,1283,2025-08-01,7.2,72.2,7.5
3393,1283,2025-09-01,7.2,79.2,7.1
3394,1283,2025-10-01,6.3,70.1,4.9
3395,1283,2025-11-01,4.6,71.5,5.9
3396,1283,2025-12-01,7.4,59.9,6.5
3397,1284,2025-01-01,8.3,100.0,10.0
3398,1284,2025-02-01,6.3,89.5,6.0
3399,1284,2025-03-01,6.3,68.3,6.4
3400,1284,2025-04-01,5.9,34.9,4.8
3401,1284,2025-05-01,6.1,61.0,6.6
3402,1284,2025-06-01,6.8,68.8,8.5
3403,1284,2025-07-01,8.6,87.6,8.3
3404,1284,2025-08-01,5.0,52.8,4.9
3405,1284,2025-09-01,8.7,100.0,9.1
3406,1284,2025-10-01,8.0,73.9,8.4
3407,1284,2025-11-01,6.8,86.1,7.7
3408,1284,2025-12-01,7.2,66.3,5.7
3409,1285,2025-01-01,6.9,57.2,8.3
3410,1285,2025-02-01,6.1,76.1,7.4
3411,1285,2025-03-01,7.2,92.7,7.8
3412,1285,2025-04-01,7.5,67.5,7.1
3413,1285,2025-05-01,6.8,94.4,7.6
3414,1285,2025-06-01,7.7,73.3,8.2
3415,1285,2025-07-01,7.0,64.8,8.0
3416,1285,2025-08-01,6.1,70.6,3.5
3417,1285,2025-09-01,8.3,100.0,8.8
3418,1285,2025-10-01,9.2,93.3,10.0
3419,1285,2025-11-01,7.8,70.8,7.0
3420,1285,2025-12-01,7.0,57.6,7.8
3421,1286,2025-01-01,7.3,65.3,7.9
3422,1286,2025-02-01,6.8,62.1,9.0
3423,1286,2025-03-01,8.0,76.5,8.1
3424,1286,2025-04-01,6.9,66.0,7.3
3425,1286,2025-05-01,5.5,69.9,5.9
3426,1286,2025-06-01,5.7,72.8,5.6
3427,1286,2025-07-01,7.5,66.7,9.0
3428,1286,2025-08-01,7.2,83.2,8.0
3429,1286,2025-09-01,8.2,65.1,8.4
3430,1286,2025-10-01,4.4,64.6,4.3
3431,1286,2025-11-01,5.4,89.0,5.0
3432,1286,2025-12-01,7.9,81.4,7.8
3433,1287,2025-01-01,4.6,95.4,4.7
3434,1287,2025-02-01,6.4,89.8,4.5
3435,1287,2025-03-01,8.7,64.6,8.3
3436,1287,2025-04-01,7.5,74.3,8.7
3437,1287,2025-05-01,8.4,99.2,8.9
3438,1287,2025-06-01,7.4,90.8,7.5
3439,1287,2025-07-01,8.3,70.7,7.9
3440,1287,2025-08-01,6.6,68.0,6.3
3441,1287,2025-09-01,8.7,82.1,7.8
3442,1287,2025-10-01,6.7,54.4,6.5
3443,1287,2025-11-01,5.2,64.7,3.5
3444,1287,2025-12-01,6.8,68.0,7.6
3445,1288,2025-01-01,6.0,96.1,6.8
3446,1288,2025-02-01,5.5,65.9,5.9
3447,1288,2025-03-01,6.0,86.8,5.3
3448,1288,2025-04-01,8.9,74.0,9.3
3449,1288,2025-05-01,6.4,77.7,7.8
3450,1288,2025-06-01,7.1,72.7,7.6
3451,1288,2025-07-01,5.9,74.4,6.9
3452,1288,2025-08-01,4.4,100.0,5.0
3453,1288,2025-09-01,7.1,91.2,7.2
3454,1288,2025-10-01,7.4,60.1,7.0
3455,1288,2025-11-01,6.6,61.0,8.0
3456,1288,2025-12-01,6.8,72.7,8.5
3457,1289,2025-01-01,9.3,92.8,8.3
3458,1289,2025-02-01,8.3,91.8,8.5
3459,1289,2025-03-01,7.6,94.5,9.3
3460,1289,2025-04-01,8.1,66.3,8.8
3461,1289,2025-05-01,5.5,49.0,6.4
3462,1289,2025-06-01,7.3,68.9,6.0
3463,1289,2025-07-01,2.6,71.7,1.8
3464,1289,2025-08-01,4.2,84.0,5.4
3465,1289,2025-09-01,6.4,74.9,8.7
3466,1289,2025-10-01,7.3,83.2,6.3
3467,1289,2025-11-01,9.2,100.0,7.8
3468,1289,2025-12-01,8.7,55.5,9.0
3469,1290,2025-01-01,7.6,91.8,6.3
3470,1290,2025-02-01,8.3,85.0,7.9
3471,1290,2025-03-01,8.7,60.9,7.7
3472,1290,2025-04-01,6.4,36.9,7.0
3473,1290,2025-05-01,7.3,68.3,5.7
3474,1290,2025-06-01,7.9,54.7,8.3
3475,1290,2025-07-01,8.3,73.1,7.1
3476,1290,2025-08-01,9.0,82.1,9.9
3477,1290,2025-09-01,7.7,58.5,7.6
3478,1290,2025-10-01,7.4,82.1,6.5
3479,1290,2025-11-01,7.2,64.7,7.6
3480,1290,2025-12-01,5.4,57.1,7.0
3481,1291,2025-01-01,7.1,65.3,8.8
3482,1291,2025-02-01,6.3,100.0,6.2
3483,1291,2025-03-01,4.7,72.8,5.5
3484,1291,2025-04-01,7.0,86.0,5.3
3485,1291,2025-05-01,7.0,71.8,7.2
3486,1291,2025-06-01,5.9,65.9,7.3
3487,1291,2025-07-01,9.9,61.5,10.0
3488,1291,2025-08-01,6.7,68.1,5.8
3489,1291,2025-09-01,5.4,93.0,5.0
3490,1291,2025-10-01,8.7,59.7,10.0
3491,1291,2025-11-01,6.9,84.0,7.7
3492,1291,2025-12-01,6.2,63.4,7.1
3493,1292,2025-01-01,7.0,68.2,6.1
3494,1292,2025-02-01,6.6,70.1,6.2
3495,1292,2025-03-01,7.3,82.3,7.7
3496,1292,2025-04-01,7.0,66.3,5.7
3497,1292,2025-05-01,7.8,63.3,8.1
3498,1292,2025-06-01,5.3,68.0,5.8
3499,1292,2025-07-01,8.2,70.8,9.4
3500,1292,2025-08-01,5.5,74.7,6.2
3501,1292,2025-09-01,8.1,64.8,6.8
3502,1292,2025-10-01,7.5,74.7,7.8
3503,1292,2025-11-01,5.9,60.0,7.3
3504,1292,2025-12-01,7.9,73.0,9.0
3505,1293,2025-01-01,8.6,63.5,5.9
3506,1293,2025-02-01,7.0,30.0,7.4
3507,1293,2025-03-01,7.7,80.3,7.4
3508,1293,2025-04-01,9.2,95.3,8.8
3509,1293,2025-05-01,8.7,69.1,8.4
3510,1293,2025-06-01,8.2,97.7,7.6
3511,1293,2025-07-01,8.2,100.0,7.7
3512,1293,2025-08-01,8.4,62.2,8.1
3513,1293,2025-09-01,5.8,80.3,6.4
3514,1293,2025-10-01,6.5,77.0,6.0
3515,1293,2025-11-01,7.5,86.4,7.8
3516,1293,2025-12-01,8.8,51.4,7.7
3517,1294,2025-01-01,7.2,78.3,6.3
3518,1294,2025-02-01,7.2,60.6,9.2
3519,1294,2025-03-01,5.1,44.0,5.8
3520,1294,2025-04-01,9.5,63.3,9.7
3521,1294,2025-05-01,7.5,100.0,7.4
3522,1294,2025-06-01,8.7,95.1,8.8
3523,1294,2025-07-01,8.9,54.4,8.7
3524,1294,2025-08-01,6.0,61.8,6.9
3525,1294,2025-09-01,7.8,55.4,7.6
3526,1294,2025-10-01,9.2,70.9,8.0
3527,1294,2025-11-01,8.6,51.1,9.7
3528,1294,2025-12-01,8.1,75.0,7.5
3529,1295,2025-01-01,8.2,72.6,8.1
3530,1295,2025-02-01,6.9,91.0,5.4
3531,1295,2025-03-01,6.3,78.8,6.3
3532,1295,2025-04-01,6.9,86.0,7.1
3533,1295,2025-05-01,8.8,84.7,7.8
3534,1295,2025-06-01,7.9,69.6,8.2
3535,1295,2025-07-01,7.3,48.2,6.1
3536,1295,2025-08-01,5.0,80.8,4.5
3537,1295,2025-09-01,7.7,99.2,7.4
3538,1295,2025-10-01,6.4,86.3,7.4
3539,1295,2025-11-01,7.2,58.0,6.1
3540,1295,2025-12-01,5.6,54.0,3.6
3541,1296,2025-01-01,7.3,86.4,8.9
3542,1296,2025-02-01,5.2,72.9,3.8
3543,1296,2025-03-01,6.8,85.1,6.6
3544,1296,2025-04-01,8.9,56.3,8.5
3545,1296,2025-05-01,5.7,60.1,5.4
3546,1296,2025-06-01,7.9,93.2,7.3
3547,1296,2025-07-01,6.4,54.9,7.2
3548,1296,2025-08-01,5.9,87.7,6.4
3549,1296,2025-09-01,6.6,68.3,7.5
3550,1296,2025-10-01,6.9,85.7,6.5
3551,1296,2025-11-01,6.4,67.3,7.5
3552,1296,2025-12-01,6.0,79.7,5.3
3553,1297,2025-01-01,4.4,82.0,3.1
3554,1297,2025-02-01,6.5,80.1,5.2
3555,1297,2025-03-01,7.3,60.9,8.0
3556,1297,2025-04-01,9.2,62.2,8.8
3557,1297,2025-05-01,7.9,84.7,8.7
3558,1297,2025-06-01,8.2,77.2,8.5
3559,1297,2025-07-01,5.8,63.8,6.3
3560,1297,2025-08-01,7.3,79.1,9.0
3561,1297,2025-09-01,9.7,65.7,9.9
3562,1297,2025-10-01,4.9,51.0,4.2
3563,1297,2025-11-01,8.8,100.0,7.9
3564,1297,2025-12-01,7.0,67.5,6.7
3565,1298,2025-01-01,8.6,69.5,8.9
3566,1298,2025-02-01,6.9,59.4,8.3
3567,1298,2025-03-01,6.9,58.7,6.4
3568,1298,2025-04-01,9.1,89.0,9.0
3569,1298,2025-05-01,8.6,82.7,8.6
3570,1298,2025-06-01,4.8,97.6,7.9
3571,1298,2025-07-01,6.1,88.3,7.0
3572,1298,2025-08-01,6.2,85.1,7.0
3573,1298,2025-09-01,5.3,100.0,3.8
3574,1298,2025-10-01,6.1,89.2,6.4
3575,1298,2025-11-01,7.6,62.3,6.9
3576,1298,2025-12-01,9.2,85.5,10.0
3577,1299,2025-01-01,5.6,93.7,4.2
3578,1299,2025-02-01,7.8,69.5,7.6
3579,1299,2025-03-01,7.2,89.5,7.8
3580,1299,2025-04-01,9.8,77.1,10.0
3581,1299,2025-05-01,5.2,78.1,4.5
3582,1299,2025-06-01,7.6,56.1,9.0
3583,1299,2025-07-01,8.0,81.2,9.2
3584,1299,2025-08-01,5.8,54.4,6.2
3585,1299,2025-09-01,8.0,82.6,7.0
3586,1299,2025-10-01,6.8,74.4,7.8
3587,1299,2025-11-01,5.4,95.1,7.7
3588,1299,2025-12-01,9.8,52.1,9.4
3589,1300,2025-01-01,8.9,77.7,7.3
3590,1300,2025-02-01,7.0,68.0,6.2
3591,1300,2025-03-01,8.8,91.1,9.7
3592,1300,2025-04-01,7.6,61.9,9.8
3593,1300,2025-05-01,9.9,84.7,10.0
3594,1300,2025-06-01,6.3,62.7,5.5
3595,1300,2025-07-01,7.1,88.2,5.5
3596,1300,2025-08-01,6.9,95.5,7.2
3597,1300,2025-09-01,6.3,59.0,6.9
3598,1300,2025-10-01,6.3,51.3,6.0
3599,1300,2025-11-01,6.8,75.5,8.8
3600,1300,2025-12-01,8.6,72.8,7.9
3601,1301,2025-01-01,10.0,70.2,10.0
3602,1301,2025-02-01,2.6,78.3,2.1
3603,1301,2025-03-01,9.0,85.6,9.0
3604,1301,2025-04-01,8.2,69.1,7.9
3605,1301,2025-05-01,6.7,59.7,7.3
3606,1301,2025-06-01,5.8,58.5,6.8
3607,1301,2025-07-01,5.6,76.0,6.4
3608,1301,2025-08-01,4.4,70.6,3.9
3609,1301,2025-09-01,6.8,81.1,6.9
3610,1301,2025-10-01,10.0,79.4,10.0
3611,1301,2025-11-01,7.7,93.4,6.2
3612,1301,2025-12-01,4.6,87.1,5.2
3613,1302,2025-01-01,6.9,67.4,9.4
3614,1302,2025-02-01,5.5,69.7,4.4
3615,1302,2025-03-01,7.3,65.8,8.7
3616,1302,2025-04-01,7.6,58.5,7.9
3617,1302,2025-05-01,8.6,84.6,9.5
3618,1302,2025-06-01,8.2,60.1,8.0
3619,1302,2025-07-01,5.5,62.9,5.1
3620,1302,2025-08-01,7.2,67.9,7.7
3621,1302,2025-09-01,9.2,83.3,8.4
3622,1302,2025-10-01,8.8,89.4,10.0
3623,1302,2025-11-01,5.3,75.1,5.3
3624,1302,2025-12-01,8.7,79.2,9.0
3625,1303,2025-01-01,3.3,71.3,4.2
3626,1303,2025-02-01,7.3,76.5,6.7
3627,1303,2025-03-01,6.6,68.2,6.2
3628,1303,2025-04-01,4.2,74.0,4.9
3629,1303,2025-05-01,5.9,65.1,4.8
3630,1303,2025-06-01,8.6,83.2,8.6
3631,1303,2025-07-01,6.6,89.0,5.0
3632,1303,2025-08-01,5.3,63.2,4.4
3633,1303,2025-09-01,7.9,78.6,7.0
3634,1303,2025-10-01,6.6,100.0,5.3
3635,1303,2025-11-01,7.1,71.0,6.3
3636,1303,2025-12-01,7.9,92.8,8.8
3637,1304,2025-01-01,6.5,65.4,5.6
3638,1304,2025-02-01,5.7,72.9,7.0
3639,1304,2025-03-01,5.7,76.9,5.6
3640,1304,2025-04-01,5.1,65.9,5.7
3641,1304,2025-05-01,8.3,92.0,9.6
3642,1304,2025-06-01,7.6,88.1,8.6
3643,1304,2025-07-01,5.8,72.0,5.6
3644,1304,2025-08-01,5.5,85.3,6.6
3645,1304,2025-09-01,7.6,72.4,6.3
3646,1304,2025-10-01,6.3,64.7,5.6
3647,1304,2025-11-01,7.1,63.4,7.6
3648,1304,2025-12-01,10.0,46.9,9.0
3649,1305,2025-01-01,7.4,65.5,7.1
3650,1305,2025-02-01,9.0,77.8,9.3
3651,1305,2025-03-01,5.7,71.7,5.1
3652,1305,2025-04-01,6.4,92.7,6.8
3653,1305,2025-05-01,4.8,72.1,3.9
3654,1305,2025-06-01,6.9,84.4,6.9
3655,1305,2025-07-01,8.6,63.5,8.1
3656,1305,2025-08-01,9.0,90.6,9.4
3657,1305,2025-09-01,8.9,70.4,9.8
3658,1305,2025-10-01,8.7,67.9,7.8
3659,1305,2025-11-01,6.5,85.5,6.6
3660,1305,2025-12-01,5.9,63.7,6.1
3661,1306,2025-01-01,6.1,75.6,4.8
3662,1306,2025-02-01,7.9,59.9,8.2
3663,1306,2025-03-01,7.4,77.0,8.6
3664,1306,2025-04-01,7.7,75.0,7.1
3665,1306,2025-05-01,8.7,61.8,7.3
3666,1306,2025-06-01,7.1,57.7,7.0
3667,1306,2025-07-01,8.2,76.3,8.7
3668,1306,2025-08-01,5.7,78.9,7.0
3669,1306,2025-09-01,6.2,74.4,6.2
3670,1306,2025-10-01,5.5,59.0,6.9
3671,1306,2025-11-01,6.1,61.2,5.6
3672,1306,2025-12-01,8.6,71.1,8.4
3673,1307,2025-01-01,5.4,75.0,5.8
3674,1307,2025-02-01,7.4,80.5,7.3
3675,1307,2025-03-01,6.7,62.8,6.3
3676,1307,2025-04-01,8.2,150.0,9.2
3677,1307,2025-05-01,8.4,100.0,6.9
3678,1307,2025-06-01,5.7,64.0,5.9
3679,1307,2025-07-01,7.9,82.3,8.8
3680,1307,2025-08-01,7.2,100.0,6.0
3681,1307,2025-09-01,7.4,60.2,6.5
3682,1307,2025-10-01,9.3,88.8,10.0
3683,1307,2025-11-01,8.9,88.3,8.7
3684,1307,2025-12-01,7.7,89.0,6.0
3685,1308,2025-01-01,9.3,68.6,9.0
3686,1308,2025-02-01,7.2,82.0,8.4
3687,1308,2025-03-01,3.6,76.8,2.4
3688,1308,2025-04-01,7.4,69.6,8.0
3689,1308,2025-05-01,8.0,74.3,6.6
3690,1308,2025-06-01,7.2,59.5,7.6
3691,1308,2025-07-01,9.8,88.5,9.0
3692,1308,2025-08-01,8.4,100.0,5.8
3693,1308,2025-09-01,6.2,62.4,6.5
3694,1308,2025-10-01,8.1,80.2,9.8
3695,1308,2025-11-01,7.9,85.6,7.7
3696,1308,2025-12-01,5.4,64.5,4.9
3697,1309,2025-01-01,6.7,76.9,6.9
3698,1309,2025-02-01,7.6,68.4,6.7
3699,1309,2025-03-01,9.4,35.8,9.5
3700,1309,2025-04-01,9.2,88.3,8.4
3701,1309,2025-05-01,7.6,89.1,6.9
3702,1309,2025-06-01,7.8,76.8,7.0
3703,1309,2025-07-01,7.3,88.2,5.4
3704,1309,2025-08-01,6.4,91.3,5.7
3705,1309,2025-09-01,5.5,79.2,5.3
3706,1309,2025-10-01,7.6,95.5,6.8
3707,1309,2025-11-01,6.3,65.9,6.4
3708,1309,2025-12-01,8.0,61.7,9.8
3709,1310,2025-01-01,7.7,84.7,9.9
3710,1310,2025-02-01,8.5,75.9,8.9
3711,1310,2025-03-01,6.8,64.6,6.6
3712,1310,2025-04-01,7.9,81.5,8.1
3713,1310,2025-05-01,8.3,70.9,7.3
3714,1310,2025-06-01,7.0,70.7,8.6
3715,1310,2025-07-01,7.3,71.9,8.6
3716,1310,2025-08-01,7.5,90.1,8.3
3717,1310,2025-09-01,7.4,57.7,8.9
3718,1310,2025-10-01,8.1,60.2,8.3
3719,1310,2025-11-01,6.6,95.8,7.4
3720,1310,2025-12-01,7.3,84.6,7.5
3721,1311,2025-01-01,4.7,98.8,3.4
3722,1311,2025-02-01,6.7,69.9,7.1
3723,1311,2025-03-01,6.3,75.8,5.5
3724,1311,2025-04-01,8.8,74.7,10.0
3725,1311,2025-05-01,5.7,74.7,6.5
3726,1311,2025-06-01,8.8,65.2,6.5
3727,1311,2025-07-01,4.6,40.9,5.2
3728,1311,2025-08-01,4.8,40.1,4.7
3729,1311,2025-09-01,6.5,71.2,7.3
3730,1311,2025-10-01,8.4,65.2,7.9
3731,1311,2025-11-01,8.1,65.5,9.6
3732,1311,2025-12-01,6.4,78.8,7.7
3733,1312,2025-01-01,7.0,77.3,6.6
3734,1312,2025-02-01,6.2,91.5,5.9
3735,1312,2025-03-01,8.1,71.9,7.2
3736,1312,2025-04-01,6.0,65.2,5.4
3737,1312,2025-05-01,8.1,72.1,7.5
3738,1312,2025-06-01,8.8,100.0,7.6
3739,1312,2025-07-01,7.2,90.9,6.4
3740,1312,2025-08-01,7.2,75.4,6.3
3741,1312,2025-09-01,6.5,87.8,6.4
3742,1312,2025-10-01,7.4,80.1,6.5
3743,1312,2025-11-01,7.5,44.5,8.0
3744,1312,2025-12-01,7.7,85.4,6.7
3745,1313,2025-01-01,5.1,78.1,4.6
3746,1313,2025-02-01,6.6,79.1,6.5
3747,1313,2025-03-01,6.7,44.6,8.4
3748,1313,2025-04-01,7.5,73.7,8.4
3749,1313,2025-05-01,6.0,70.4,4.4
3750,1313,2025-06-01,3.1,73.8,2.6
3751,1313,2025-07-01,6.4,88.7,7.3
3752,1313,2025-08-01,7.3,79.2,6.7
3753,1313,2025-09-01,5.2,61.6,6.3
3754,1313,2025-10-01,6.0,83.9,4.3
3755,1313,2025-11-01,6.9,55.1,8.0
3756,1313,2025-12-01,7.1,42.2,6.1
3757,1314,2025-01-01,6.5,77.0,5.3
3758,1314,2025-02-01,8.0,72.1,7.4
3759,1314,2025-03-01,8.8,63.9,7.4
3760,1314,2025-04-01,5.9,99.6,6.1
3761,1314,2025-05-01,6.4,52.8,6.0
3762,1314,2025-06-01,3.9,77.0,4.0
3763,1314,2025-07-01,6.2,99.2,7.2
3764,1314,2025-08-01,7.0,67.2,7.6
3765,1314,2025-09-01,7.1,69.0,7.7
3766,1314,2025-10-01,8.0,63.2,8.4
3767,1314,2025-11-01,5.1,100.0,4.3
3768,1314,2025-12-01,7.8,74.4,8.0
3769,1315,2025-01-01,4.6,78.3,4.5
3770,1315,2025-02-01,10.0,100.0,9.2
3771,1315,2025-03-01,7.3,85.3,7.6
3772,1315,2025-04-01,5.6,86.4,5.6
3773,1315,2025-05-01,6.3,77.0,5.8
3774,1315,2025-06-01,8.0,83.4,7.1
3775,1315,2025-07-01,7.3,100.0,5.3
3776,1315,2025-08-01,5.4,70.8,5.8
3777,1315,2025-09-01,10.0,100.0,6.9
3778,1315,2025-10-01,6.0,48.7,7.2
3779,1315,2025-11-01,7.0,35.9,8.1
3780,1315,2025-12-01,9.0,67.4,7.9
3781,1316,2025-01-01,8.1,68.7,8.0
3782,1316,2025-02-01,6.8,69.9,6.5
3783,1316,2025-03-01,6.4,83.6,6.5
3784,1316,2025-04-01,6.1,93.5,7.8
3785,1316,2025-05-01,8.5,59.7,8.4
3786,1316,2025-06-01,5.5,71.1,5.3
3787,1316,2025-07-01,5.7,76.3,5.1
3788,1316,2025-08-01,8.1,74.4,8.6
3789,1316,2025-09-01,5.2,55.0,7.4
3790,1316,2025-10-01,7.4,66.2,9.4
3791,1316,2025-11-01,8.0,90.9,7.1
3792,1316,2025-12-01,6.9,76.7,6.5
3793,1317,2025-01-01,8.9,81.2,8.6
3794,1317,2025-02-01,6.1,63.6,5.2
3795,1317,2025-03-01,6.2,74.1,7.9
3796,1317,2025-04-01,6.6,82.5,7.3
3797,1317,2025-05-01,10.0,85.1,8.3
3798,1317,2025-06-01,7.2,74.6,6.2
3799,1317,2025-07-01,4.2,61.4,4.2
3800,1317,2025-08-01,6.3,93.0,5.8
3801,1317,2025-09-01,4.8,70.1,3.1
3802,1317,2025-10-01,5.9,77.9,4.6
3803,1317,2025-11-01,5.4,100.0,3.4
3804,1317,2025-12-01,8.5,85.6,7.4
3805,1318,2025-01-01,7.2,64.9,8.7
3806,1318,2025-02-01,4.8,79.3,3.5
3807,1318,2025-03-01,6.8,52.2,6.6
3808,1318,2025-04-01,7.4,42.4,8.4
3809,1318,2025-05-01,8.1,79.5,8.0
3810,1318,2025-06-01,8.1,100.0,7.1
3811,1318,2025-07-01,6.6,87.3,6.8
3812,1318,2025-08-01,9.5,85.1,9.8
3813,1318,2025-09-01,7.4,68.1,6.9
3814,1318,2025-10-01,8.0,90.3,8.0
3815,1318,2025-11-01,5.9,62.0,7.8
3816,1318,2025-12-01,5.6,69.7,5.4
3817,1319,2025-01-01,4.9,70.8,4.3
3818,1319,2025-02-01,10.0,63.0,9.7
3819,1319,2025-03-01,7.1,97.3,9.3
3820,1319,2025-04-01,5.7,92.8,5.4
3821,1319,2025-05-01,8.6,84.0,8.0
3822,1319,2025-06-01,6.8,93.2,6.8
3823,1319,2025-07-01,7.7,49.9,9.1
3824,1319,2025-08-01,7.7,72.2,7.9
3825,1319,2025-09-01,7.7,53.6,8.0
3826,1319,2025-10-01,7.9,70.3,9.2
3827,1319,2025-11-01,7.8,65.7,6.7
3828,1319,2025-12-01,6.3,63.8,6.8
3829,1320,2025-01-01,6.5,70.0,7.1
3830,1320,2025-02-01,8.0,73.0,6.6
3831,1320,2025-03-01,7.4,71.0,7.6
3832,1320,2025-04-01,10.0,61.7,9.5
3833,1320,2025-05-01,6.2,84.3,5.8
3834,1320,2025-06-01,7.1,72.5,8.2
3835,1320,2025-07-01,7.4,86.4,8.7
3836,1320,2025-08-01,8.2,86.1,7.6
3837,1320,2025-09-01,7.8,77.6,8.7
3838,1320,2025-10-01,4.6,56.7,5.1
3839,1320,2025-11-01,8.5,95.1,7.7
3840,1320,2025-12-01,7.0,60.7,7.6
3841,1321,2025-01-01,7.2,52.8,8.1
3842,1321,2025-02-01,5.4,94.9,6.5
3843,1321,2025-03-01,6.5,78.1,6.3
3844,1321,2025-04-01,7.8,78.1,9.5
3845,1321,2025-05-01,9.2,79.0,10.0
3846,1321,2025-06-01,8.4,68.3,7.5
3847,1321,2025-07-01,8.5,68.7,9.4
3848,1321,2025-08-01,7.1,55.1,7.3
3849,1321,2025-09-01,5.6,64.8,6.9
3850,1321,2025-10-01,4.6,59.6,5.7
3851,1321,2025-11-01,6.2,85.9,5.8
3852,1321,2025-12-01,9.6,64.3,8.6
3853,1322,2025-01-01,6.6,85.7,6.2
3854,1322,2025-02-01,6.7,75.3,6.1
3855,1322,2025-03-01,8.2,71.0,9.4
3856,1322,2025-04-01,5.1,77.9,4.7
3857,1322,2025-05-01,3.9,86.1,4.2
3858,1322,2025-06-01,8.0,49.4,8.9
3859,1322,2025-07-01,7.9,91.7,8.4
3860,1322,2025-08-01,8.2,80.9,6.1
3861,1322,2025-09-01,8.5,74.8,8.1
3862,1322,2025-10-01,6.7,61.1,5.9
3863,1322,2025-11-01,8.3,72.4,7.7
3864,1322,2025-12-01,6.4,64.6,7.3
3865,1323,2025-01-01,6.4,85.9,7.8
3866,1323,2025-02-01,9.1,74.5,9.1
3867,1323,2025-03-01,5.8,71.1,5.3
3868,1323,2025-04-01,8.5,84.2,8.6
3869,1323,2025-05-01,7.4,93.0,8.0
3870,1323,2025-06-01,8.4,63.8,8.0
3871,1323,2025-07-01,6.1,64.9,6.2
3872,1323,2025-08-01,6.9,71.7,6.9
3873,1323,2025-09-01,4.5,61.7,5.4
3874,1323,2025-10-01,4.6,93.4,4.4
3875,1323,2025-11-01,7.6,74.3,6.3
3876,1323,2025-12-01,7.5,92.8,9.2
3877,1324,2025-01-01,5.5,45.8,4.7
3878,1324,2025-02-01,8.0,77.2,7.9
3879,1324,2025-03-01,5.7,60.2,5.5
3880,1324,2025-04-01,6.5,89.8,8.5
3881,1324,2025-05-01,6.5,72.5,7.0
3882,1324,2025-06-01,4.0,68.3,4.1
3883,1324,2025-07-01,4.9,72.0,6.3
3884,1324,2025-08-01,5.0,72.6,4.9
3885,1324,2025-09-01,7.4,84.6,6.4
3886,1324,2025-10-01,7.9,63.1,7.1
3887,1324,2025-11-01,9.3,71.7,9.2
3888,1324,2025-12-01,4.9,74.7,3.1
3889,1325,2025-01-01,9.1,86.1,9.6
3890,1325,2025-02-01,6.3,83.7,6.6
3891,1325,2025-03-01,7.1,51.0,7.4
3892,1325,2025-04-01,8.8,74.5,9.7
3893,1325,2025-05-01,7.5,93.5,6.4
3894,1325,2025-06-01,8.4,89.4,7.1
3895,1325,2025-07-01,5.9,72.5,7.6
3896,1325,2025-08-01,6.1,76.2,5.8
3897,1325,2025-09-01,7.8,86.3,9.2
3898,1325,2025-10-01,7.6,89.3,6.4
3899,1325,2025-11-01,5.0,71.7,3.4
3900,1325,2025-12-01,8.3,55.0,10.0
3901,1326,2025-01-01,5.2,85.1,5.9
3902,1326,2025-02-01,5.2,81.5,4.7
3903,1326,2025-03-01,8.0,95.4,7.0
3904,1326,2025-04-01,10.0,95.5,10.0
3905,1326,2025-05-01,8.8,79.4,9.5
3906,1326,2025-06-01,7.8,74.2,6.1
3907,1326,2025-07-01,6.0,88.1,4.8
3908,1326,2025-08-01,7.2,62.9,7.0
3909,1326,2025-09-01,6.8,78.2,6.2
3910,1326,2025-10-01,6.9,73.5,6.9
3911,1326,2025-11-01,8.2,81.6,8.4
3912,1326,2025-12-01,7.0,50.3,8.4
3913,1327,2025-01-01,6.9,62.3,7.5
3914,1327,2025-02-01,6.7,100.0,6.8
3915,1327,2025-03-01,7.8,71.9,6.8
3916,1327,2025-04-01,6.7,73.8,7.0
3917,1327,2025-05-01,8.0,90.3,5.1
3918,1327,2025-06-01,7.0,100.0,6.3
3919,1327,2025-07-01,9.0,50.6,8.6
3920,1327,2025-08-01,5.3,81.1,6.0
3921,1327,2025-09-01,4.2,100.0,4.6
3922,1327,2025-10-01,7.7,58.9,7.4
3923,1327,2025-11-01,5.5,60.0,7.6
3924,1327,2025-12-01,9.2,57.8,9.8
3925,1328,2025-01-01,6.3,72.9,6.3
3926,1328,2025-02-01,6.4,98.3,6.6
3927,1328,2025-03-01,5.4,56.6,7.7
3928,1328,2025-04-01,7.2,67.6,7.4
3929,1328,2025-05-01,7.7,79.1,9.4
3930,1328,2025-06-01,3.1,73.3,2.8
3931,1328,2025-07-01,9.4,82.9,8.4
3932,1328,2025-08-01,4.4,84.1,3.9
3933,1328,2025-09-01,10.0,87.8,9.8
3934,1328,2025-10-01,5.1,100.0,4.8
3935,1328,2025-11-01,8.6,67.2,7.3
3936,1328,2025-12-01,7.8,76.8,9.1
3937,1329,2025-01-01,5.6,71.0,6.2
3938,1329,2025-02-01,5.1,63.6,4.9
3939,1329,2025-03-01,7.7,81.4,9.0
3940,1329,2025-04-01,7.7,79.8,7.8
3941,1329,2025-05-01,6.6,88.4,8.1
3942,1329,2025-06-01,6.0,65.2,6.5
3943,1329,2025-07-01,6.5,85.7,6.6
3944,1329,2025-08-01,6.4,70.6,6.8
3945,1329,2025-09-01,7.5,89.4,9.1
3946,1329,2025-10-01,7.2,47.4,7.8
3947,1329,2025-11-01,9.1,40.0,8.3
3948,1329,2025-12-01,5.5,81.1,7.7
3949,1330,2025-01-01,8.0,81.2,7.1
3950,1330,2025-02-01,6.7,59.2,5.9
3951,1330,2025-03-01,7.7,89.8,6.8
3952,1330,2025-04-01,8.3,80.3,8.5
3953,1330,2025-05-01,8.7,100.0,8.9
3954,1330,2025-06-01,6.1,100.0,7.1
3955,1330,2025-07-01,5.7,65.5,8.0
3956,1330,2025-08-01,6.5,74.6,6.3
3957,1330,2025-09-01,8.8,89.5,8.4
3958,1330,2025-10-01,8.9,81.7,9.2
3959,1330,2025-11-01,8.5,57.6,7.9
3960,1330,2025-12-01,5.8,75.3,7.5
3961,1331,2025-01-01,6.8,79.5,6.4
3962,1331,2025-02-01,4.6,79.1,3.7
3963,1331,2025-03-01,5.5,49.0,5.1
3964,1331,2025-04-01,7.6,85.7,8.5
3965,1331,2025-05-01,8.4,62.9,8.0
3966,1331,2025-06-01,6.6,79.7,7.4
3967,1331,2025-07-01,5.8,92.7,4.6
3968,1331,2025-08-01,5.4,72.5,5.8
3969,1331,2025-09-01,6.9,79.0,5.3
3970,1331,2025-10-01,7.9,80.9,8.0
3971,1331,2025-11-01,7.4,54.5,7.9
3972,1331,2025-12-01,6.7,64.8,4.9
3973,1332,2025-01-01,9.8,58.6,7.5
3974,1332,2025-02-01,8.0,86.3,8.0
3975,1332,2025-03-01,6.6,69.5,7.8
3976,1332,2025-04-01,8.6,89.1,7.2
3977,1332,2025-05-01,8.1,74.9,7.9
3978,1332,2025-06-01,4.8,87.4,2.7
3979,1332,2025-07-01,6.1,90.5,5.4
3980,1332,2025-08-01,9.4,60.8,10.0
3981,1332,2025-09-01,8.7,85.8,6.5
3982,1332,2025-10-01,6.0,57.8,7.2
3983,1332,2025-11-01,7.6,84.1,8.0
3984,1332,2025-12-01,4.9,68.2,6.0
3985,1333,2025-01-01,7.7,42.8,7.2
3986,1333,2025-02-01,9.3,61.7,9.2
3987,1333,2025-03-01,6.9,72.8,7.4
3988,1333,2025-04-01,7.2,62.7,5.1
3989,1333,2025-05-01,7.3,74.8,8.0
3990,1333,2025-06-01,7.7,70.5,8.4
3991,1333,2025-07-01,8.1,48.6,8.5
3992,1333,2025-08-01,7.7,64.5,8.2
3993,1333,2025-09-01,8.8,49.8,8.0
3994,1333,2025-10-01,8.6,68.5,7.6
3995,1333,2025-11-01,7.7,96.8,7.5
3996,1333,2025-12-01,7.1,78.3,6.0
3997,1334,2025-01-01,,90.9,10.0
3998,1334,2025-02-01,5.9,59.1,8.4
3999,1334,2025-03-01,4.9,52.0,4.0
4000,1334,2025-04-01,6.5,94.4,7.9
4001,1334,2025-05-01,4.7,77.0,3.6
4002,1334,2025-06-01,5.8,100.0,5.5
4003,1334,2025-07-01,5.5,56.2,3.9
4004,1334,2025-08-01,9.2,95.2,10.0
4005,1334,2025-09-01,6.2,71.1,6.2
4006,1334,2025-10-01,8.3,76.1,6.6
4007,1334,2025-11-01,8.7,93.4,9.2
4008,1334,2025-12-01,8.9,52.8,9.4
4009,1335,2025-01-01,7.7,86.4,6.8
4010,1335,2025-02-01,8.2,75.6,6.4
4011,1335,2025-03-01,6.8,71.4,7.0
4012,1335,2025-04-01,6.2,71.6,5.4
4013,1335,2025-05-01,8.4,91.5,7.2
4014,1335,2025-06-01,6.3,83.3,7.6
4015,1335,2025-07-01,7.8,86.6,9.4
4016,1335,2025-08-01,6.6,87.3,5.5
4017,1335,2025-09-01,6.3,58.9,6.1
4018,1335,2025-10-01,4.8,59.8,6.9
4019,1335,2025-11-01,7.5,65.1,7.3
4020,1335,2025-12-01,7.4,76.2,7.9
4021,1336,2025-01-01,7.0,61.6,5.9
4022,1336,2025-02-01,8.5,87.0,9.0
4023,1336,2025-03-01,6.2,73.3,5.8
4024,1336,2025-04-01,7.0,76.9,5.4
4025,1336,2025-05-01,5.3,100.0,4.1
4026,1336,2025-06-01,,79.2,4.2
4027,1336,2025-07-01,9.7,67.7,8.7
4028,1336,2025-08-01,7.5,74.6,6.9
4029,1336,2025-09-01,7.6,78.9,7.0
4030,1336,2025-10-01,6.1,80.8,6.1
4031,1336,2025-11-01,5.9,81.3,6.3
4032,1336,2025-12-01,6.3,96.6,4.4
4033,1337,2025-01-01,7.4,46.5,7.7
4034,1337,2025-02-01,9.9,95.1,10.0
4035,1337,2025-03-01,7.6,74.7,6.2
4036,1337,2025-04-01,5.6,90.9,7.3
4037,1337,2025-05-01,5.2,85.9,5.7
4038,1337,2025-06-01,7.0,89.8,7.2
4039,1337,2025-07-01,6.6,82.6,6.2
4040,1337,2025-08-01,6.4,66.5,6.6
4041,1337,2025-09-01,7.9,54.6,7.5
4042,1337,2025-10-01,7.1,72.4,7.5
4043,1337,2025-11-01,8.7,60.2,9.2
4044,1337,2025-12-01,10.0,78.0,10.0
4045,1338,2025-01-01,6.9,63.8,7.7
4046,1338,2025-02-01,9.9,68.3,10.0
4047,1338,2025-03-01,6.2,49.9,6.6
4048,1338,2025-04-01,6.5,84.6,6.2
4049,1338,2025-05-01,6.3,88.2,6.0
4050,1338,2025-06-01,6.7,44.4,8.6
4051,1338,2025-07-01,6.9,91.2,8.9
4052,1338,2025-08-01,6.9,76.2,5.4
4053,1338,2025-09-01,6.8,79.3,7.1
4054,1338,2025-10-01,6.7,92.5,6.7
4055,1338,2025-11-01,6.2,92.6,4.4
4056,1338,2025-12-01,5.8,41.4,5.8
4057,1339,2025-01-01,6.8,81.5,7.0
4058,1339,2025-02-01,6.3,76.6,6.6
4059,1339,2025-03-01,8.0,71.0,7.6
4060,1339,2025-04-01,9.6,78.3,10.0
4061,1339,2025-05-01,6.9,64.0,6.1
4062,1339,2025-06-01,6.2,59.4,6.2
4063,1339,2025-07-01,,56.7,10.0
4064,1339,2025-08-01,7.4,94.1,7.8
4065,1339,2025-09-01,7.7,64.6,6.3
4066,1339,2025-10-01,8.6,79.5,8.2
4067,1339,2025-11-01,8.2,71.1,9.5
4068,1339,2025-12-01,5.6,59.1,3.2
4069,1340,2025-01-01,7.5,73.1,7.4
4070,1340,2025-02-01,8.1,87.3,8.3
4071,1340,2025-03-01,7.7,81.3,8.5
4072,1340,2025-04-01,6.6,72.4,7.9
4073,1340,2025-05-01,8.0,60.8,5.7
4074,1340,2025-06-01,8.9,74.9,8.7
4075,1340,2025-07-01,5.8,62.5,4.6
4076,1340,2025-08-01,9.0,57.2,8.2
4077,1340,2025-09-01,7.5,76.1,6.3
4078,1340,2025-10-01,6.2,51.4,4.8
4079,1340,2025-11-01,4.9,72.6,3.4
4080,1340,2025-12-01,6.8,49.9,6.8
4081,1341,2025-01-01,7.3,73.0,7.9
4082,1341,2025-02-01,3.7,85.3,3.5
4083,1341,2025-03-01,8.7,78.3,9.6
4084,1341,2025-04-01,5.9,57.9,6.6
4085,1341,2025-05-01,7.4,51.2,9.1
4086,1341,2025-06-01,7.3,78.2,6.2
4087,1341,2025-07-01,9.3,57.2,9.2
4088,1341,2025-08-01,8.5,73.7,8.1
4089,1341,2025-09-01,6.2,72.7,4.3
4090,1341,2025-10-01,7.0,79.5,7.2
4091,1341,2025-11-01,8.4,100.0,7.8
4092,1341,2025-12-01,8.5,75.4,8.8
4093,1342,2025-01-01,10.0,62.0,9.4
4094,1342,2025-02-01,5.3,71.5,5.7
4095,1342,2025-03-01,8.4,90.4,8.6
4096,1342,2025-04-01,8.2,89.1,8.3
4097,1342,2025-05-01,7.7,77.2,8.2
4098,1342,2025-06-01,6.4,85.2,8.1
4099,1342,2025-07-01,7.1,79.2,6.3
4100,1342,2025-08-01,7.2,66.0,5.7
4101,1342,2025-09-01,5.3,67.7,5.5
4102,1342,2025-10-01,6.5,68.8,7.1
4103,1342,2025-11-01,6.6,80.3,7.4
4104,1342,2025-12-01,8.3,64.8,7.3
4105,1343,2025-01-01,9.0,79.7,9.6
4106,1343,2025-02-01,9.3,87.5,9.5
4107,1343,2025-03-01,6.5,82.6,6.5
4108,1343,2025-04-01,6.3,77.7,6.7
4109,1343,2025-05-01,7.1,93.8,6.8
4110,1343,2025-06-01,6.9,70.5,5.7
4111,1343,2025-07-01,8.6,85.3,8.1
4112,1343,2025-08-01,7.8,50.5,6.7
4113,1343,2025-09-01,6.0,63.4,4.7
4114,1343,2025-10-01,4.8,64.6,2.6
4115,1343,2025-11-01,9.3,77.8,9.7
4116,1343,2025-12-01,5.3,82.7,6.2
4117,1344,2025-01-01,10.0,100.0,9.4
4118,1344,2025-02-01,4.2,50.3,4.0
4119,1344,2025-03-01,10.0,79.6,8.7
4120,1344,2025-04-01,7.3,44.3,6.2
4121,1344,2025-05-01,6.1,80.6,7.7
4122,1344,2025-06-01,,92.1,4.1
4123,1344,2025-07-01,7.7,92.8,8.3
4124,1344,2025-08-01,5.4,86.8,4.3
4125,1344,2025-09-01,9.6,84.6,9.0
4126,1344,2025-10-01,7.5,56.7,9.4
4127,1344,2025-11-01,8.0,77.2,7.8
4128,1344,2025-12-01,7.9,88.0,7.3
4129,1345,2025-01-01,7.5,64.4,7.6
4130,1345,2025-02-01,9.4,66.2,9.5
4131,1345,2025-03-01,9.8,90.7,9.8
4132,1345,2025-04-01,7.8,57.4,7.8
4133,1345,2025-05-01,6.2,99.4,6.8
4134,1345,2025-06-01,8.0,69.7,7.7
4135,1345,2025-07-01,8.1,88.4,8.6
4136,1345,2025-08-01,7.3,60.6,7.0
4137,1345,2025-09-01,10.0,80.3,9.8
4138,1345,2025-10-01,8.6,85.5,8.5
4139,1345,2025-11-01,8.7,90.5,8.7
4140,1345,2025-12-01,8.2,86.8,9.5
4141,1346,2025-01-01,4.1,74.2,2.7
4142,1346,2025-02-01,5.6,77.5,6.5
4143,1346,2025-03-01,8.5,88.5,8.7
4144,1346,2025-04-01,7.3,85.0,7.5
4145,1346,2025-05-01,8.7,57.5,10.0
4146,1346,2025-06-01,7.1,64.3,7.9
4147,1346,2025-07-01,4.5,44.1,5.3
4148,1346,2025-08-01,7.6,68.7,8.6
4149,1346,2025-09-01,5.9,84.6,4.1
4150,1346,2025-10-01,5.8,82.0,6.6
4151,1346,2025-11-01,6.8,77.3,6.9
4152,1346,2025-12-01,8.3,75.8,8.2
4153,1347,2025-01-01,6.0,81.5,5.7
4154,1347,2025-02-01,9.2,86.3,9.5
4155,1347,2025-03-01,6.8,71.4,6.1
4156,1347,2025-04-01,6.9,79.2,6.1
4157,1347,2025-05-01,4.6,65.2,4.6
4158,1347,2025-06-01,8.7,67.1,6.9
4159,1347,2025-07-01,9.0,65.6,9.2
4160,1347,2025-08-01,,79.0,9.5
4161,1347,2025-09-01,6.0,70.4,5.2
4162,1347,2025-10-01,6.9,80.7,6.8
4163,1347,2025-11-01,6.3,93.5,5.1
4164,1347,2025-12-01,8.1,95.3,7.8
4165,1348,2025-01-01,4.6,97.5,7.1
4166,1348,2025-02-01,8.6,72.5,9.7
4167,1348,2025-03-01,9.2,63.3,10.0
4168,1348,2025-04-01,4.9,66.9,4.7
4169,1348,2025-05-01,6.3,79.3,6.6
4170,1348,2025-06-01,8.2,41.6,9.3
4171,1348,2025-07-01,4.4,83.0,3.3
4172,1348,2025-08-01,7.5,89.0,6.6
4173,1348,2025-09-01,7.6,63.7,7.5
4174,1348,2025-10-01,6.2,86.4,6.0
4175,1348,2025-11-01,5.1,83.1,5.2
4176,1348,2025-12-01,4.9,60.5,5.1
4177,1349,2025-01-01,7.8,91.5,8.1
4178,1349,2025-02-01,6.8,69.1,6.6
4179,1349,2025-03-01,5.3,71.1,4.9
4180,1349,2025-04-01,8.6,70.6,8.7
4181,1349,2025-05-01,9.2,100.0,8.3
4182,1349,2025-06-01,5.1,85.2,3.3
4183,1349,2025-07-01,6.4,100.0,6.4
4184,1349,2025-08-01,6.0,78.8,5.7
4185,1349,2025-09-01,7.1,64.0,7.6
4186,1349,2025-10-01,8.9,63.2,10.0
4187,1349,2025-11-01,9.1,76.8,8.0
4188,1349,2025-12-01,10.0,77.6,10.0
4189,1350,2025-01-01,6.9,86.0,6.5
4190,1350,2025-02-01,7.3,74.4,7.9
4191,1350,2025-03-01,10.0,90.0,10.0
4192,1350,2025-04-01,9.0,85.2,10.0
4193,1350,2025-05-01,7.8,73.2,7.3
4194,1350,2025-06-01,5.5,57.7,5.2
4195,1350,2025-07-01,7.0,81.3,8.3
4196,1350,2025-08-01,7.0,80.6,6.0
4197,1350,2025-09-01,6.9,74.4,4.8
4198,1350,2025-10-01,6.8,64.2,6.4
4199,1350,2025-11-01,6.2,85.9,6.3
4200,1350,2025-12-01,8.3,71.7,9.1
4201,1351,2025-01-01,6.5,70.6,7.6
4202,1351,2025-02-01,9.3,78.0,8.6
4203,1351,2025-03-01,6.8,77.2,6.8
4204,1351,2025-04-01,7.0,72.4,6.9
4205,1351,2025-05-01,9.3,71.1,9.6
4206,1351,2025-06-01,5.4,86.6,5.5
4207,1351,2025-07-01,6.8,47.9,8.7
4208,1351,2025-08-01,8.1,84.4,6.9
4209,1351,2025-09-01,8.9,75.9,7.8
4210,1351,2025-10-01,7.2,100.0,6.8
4211,1351,2025-11-01,8.7,61.6,9.3
4212,1351,2025-12-01,8.0,66.3,8.3
4213,1352,2025-01-01,6.3,81.1,6.5
4214,1352,2025-02-01,5.9,72.1,5.4
4215,1352,2025-03-01,4.7,66.8,4.1
4216,1352,2025-04-01,7.8,78.2,5.8
4217,1352,2025-05-01,8.5,51.6,8.7
4218,1352,2025-06-01,8.2,42.6,7.7
4219,1352,2025-07-01,7.6,100.0,8.8
4220,1352,2025-08-01,4.5,79.8,3.5
4221,1352,2025-09-01,7.2,76.1,6.7
4222,1352,2025-10-01,5.8,71.6,7.3
4223,1352,2025-11-01,6.6,69.9,4.7
4224,1352,2025-12-01,8.0,96.1,9.2
4225,1353,2025-01-01,8.9,75.9,8.9
4226,1353,2025-02-01,4.6,56.9,4.8
4227,1353,2025-03-01,7.0,71.4,6.4
4228,1353,2025-04-01,5.4,53.1,3.6
4229,1353,2025-05-01,7.2,77.2,8.0
4230,1353,2025-06-01,7.0,75.7,6.1
4231,1353,2025-07-01,7.3,78.4,7.2
4232,1353,2025-08-01,7.3,97.6,6.8
4233,1353,2025-09-01,8.1,92.2,7.9
4234,1353,2025-10-01,6.1,74.9,4.4
4235,1353,2025-11-01,7.2,71.7,7.3
4236,1353,2025-12-01,5.7,73.4,5.6
4237,1354,2025-01-01,7.1,55.7,7.4
4238,1354,2025-02-01,4.6,86.8,3.0
4239,1354,2025-03-01,6.6,93.1,6.4
4240,1354,2025-04-01,6.5,62.1,7.1
4241,1354,2025-05-01,7.9,56.8,7.3
4242,1354,2025-06-01,7.3,75.2,9.6
4243,1354,2025-07-01,7.0,94.3,8.3
4244,1354,2025-08-01,6.3,83.6,6.3
4245,1354,2025-09-01,6.9,83.2,6.1
4246,1354,2025-10-01,7.9,94.0,7.6
4247,1354,2025-11-01,9.5,70.3,10.0
4248,1354,2025-12-01,6.6,94.8,7.3
4249,1355,2025-01-01,7.7,79.3,8.1
4250,1355,2025-02-01,7.5,95.9,7.7
4251,1355,2025-03-01,7.1,76.9,6.7
4252,1355,2025-04-01,8.7,88.2,7.5
4253,1355,2025-05-01,4.7,61.6,4.8
4254,1355,2025-06-01,6.9,76.0,6.5
4255,1355,2025-07-01,8.6,57.2,8.1
4256,1355,2025-08-01,7.4,100.0,7.6
4257,1355,2025-09-01,5.8,86.8,6.6
4258,1355,2025-10-01,6.0,66.9,7.6
4259,1355,2025-11-01,7.6,82.2,9.9
4260,1355,2025-12-01,4.2,78.0,2.9
4261,1356,2025-01-01,9.3,64.6,10.0
4262,1356,2025-02-01,7.8,75.8,8.4
4263,1356,2025-03-01,7.9,97.0,8.7
4264,1356,2025-04-01,8.3,71.7,7.2
4265,1356,2025-05-01,5.2,76.3,5.2
4266,1356,2025-06-01,7.7,87.6,9.8
4267,1356,2025-07-01,7.4,92.5,7.4
4268,1356,2025-08-01,7.2,89.3,6.5
4269,1356,2025-09-01,7.6,72.4,7.8
4270,1356,2025-10-01,6.3,64.6,5.0
4271,1356,2025-11-01,4.3,90.9,4.8
4272,1356,2025-12-01,6.0,86.8,7.2
4273,1357,2025-01-01,8.8,92.0,8.8
4274,1357,2025-02-01,7.1,68.4,8.1
4275,1357,2025-03-01,6.0,78.9,5.7
4276,1357,2025-04-01,6.6,82.7,7.6
4277,1357,2025-05-01,7.4,42.3,8.4
4278,1357,2025-06-01,7.6,100.0,9.1
4279,1357,2025-07-01,8.4,52.4,10.0
4280,1357,2025-08-01,4.6,79.1,3.8
4281,1357,2025-09-01,8.6,53.5,8.8
4282,1357,2025-10-01,6.6,65.2,7.9
4283,1357,2025-11-01,5.6,77.3,3.5
4284,1357,2025-12-01,4.7,56.2,4.2
4285,1358,2025-01-01,8.8,80.6,9.0
4286,1358,2025-02-01,5.1,53.0,6.2
4287,1358,2025-03-01,9.1,83.7,8.6
4288,1358,2025-04-01,3.7,92.1,3.7
4289,1358,2025-05-01,6.5,77.1,7.3
4290,1358,2025-06-01,6.0,81.4,6.3
4291,1358,2025-07-01,6.7,150.0,7.4
4292,1358,2025-08-01,6.5,66.4,7.3
4293,1358,2025-09-01,5.7,89.1,4.1
4294,1358,2025-10-01,10.0,79.9,9.9
4295,1358,2025-11-01,9.2,78.8,9.5
4296,1358,2025-12-01,7.8,80.1,7.4
4297,1359,2025-01-01,6.2,82.7,8.8
4298,1359,2025-02-01,7.0,72.2,9.6
4299,1359,2025-03-01,7.7,79.8,10.0
4300,1359,2025-04-01,4.8,80.7,3.0
4301,1359,2025-05-01,6.8,71.6,6.1
4302,1359,2025-06-01,7.5,88.7,5.8
4303,1359,2025-07-01,5.9,59.7,6.2
4304,1359,2025-08-01,7.6,57.2,8.8
4305,1359,2025-09-01,8.4,81.3,8.3
4306,1359,2025-10-01,7.5,95.9,7.5
4307,1359,2025-11-01,6.9,60.2,8.9
4308,1359,2025-12-01,5.5,47.5,6.6
4309,1360,2025-01-01,7.4,96.2,6.7
4310,1360,2025-02-01,7.4,77.8,7.8
4311,1360,2025-03-01,8.4,97.3,8.7
4312,1360,2025-04-01,7.3,100.0,7.0
4313,1360,2025-05-01,6.8,94.6,7.5
4314,1360,2025-06-01,8.0,79.8,9.3
4315,1360,2025-07-01,7.4,76.0,7.3
4316,1360,2025-08-01,8.7,42.9,8.6
4317,1360,2025-09-01,6.5,65.9,6.3
4318,1360,2025-10-01,6.3,55.0,5.9
4319,1360,2025-11-01,7.3,100.0,6.5
4320,1360,2025-12-01,8.0,81.8,9.0
4321,1361,2025-01-01,7.7,150.0,7.8
4322,1361,2025-02-01,6.4,62.3,6.0
4323,1361,2025-03-01,4.9,56.4,3.5
4324,1361,2025-04-01,7.4,79.5,7.0
4325,1361,2025-05-01,6.7,73.6,7.6
4326,1361,2025-06-01,9.5,66.3,9.9
4327,1361,2025-07-01,4.7,83.3,4.6
4328,1361,2025-08-01,7.0,86.7,5.8
4329,1361,2025-09-01,7.8,90.2,7.3
4330,1361,2025-10-01,6.9,49.0,5.5
4331,1361,2025-11-01,7.8,72.7,6.5
4332,1361,2025-12-01,7.2,87.2,6.8
4333,1362,2025-01-01,7.1,73.6,7.0
4334,1362,2025-02-01,8.3,77.7,10.0
4335,1362,2025-03-01,5.3,81.1,5.9
4336,1362,2025-04-01,7.7,75.4,6.3
4337,1362,2025-05-01,8.0,64.0,6.9
4338,1362,2025-06-01,4.9,75.5,5.3
4339,1362,2025-07-01,6.0,93.5,6.8
4340,1362,2025-08-01,7.2,85.5,7.9
4341,1362,2025-09-01,6.6,73.2,6.9
4342,1362,2025-10-01,4.9,89.9,5.5
4343,1362,2025-11-01,7.6,94.5,8.1
4344,1362,2025-12-01,9.2,45.0,9.0
4345,1363,2025-01-01,9.6,94.4,9.9
4346,1363,2025-02-01,7.9,88.5,9.2
4347,1363,2025-03-01,7.8,78.1,5.8
4348,1363,2025-04-01,6.1,59.4,4.0
4349,1363,2025-05-01,5.2,71.1,3.0
4350,1363,2025-06-01,7.8,75.7,7.9
4351,1363,2025-07-01,5.9,75.8,7.9
4352,1363,2025-08-01,6.9,86.1,7.0
4353,1363,2025-09-01,6.6,88.5,6.0
4354,1363,2025-10-01,5.0,80.1,5.1
4355,1363,2025-11-01,7.3,94.4,7.0
4356,1363,2025-12-01,8.5,82.0,8.2
4357,1364,2025-01-01,5.9,92.9,5.2
4358,1364,2025-02-01,6.7,76.7,6.9
4359,1364,2025-03-01,4.1,73.7,4.8
4360,1364,2025-04-01,7.1,89.2,6.7
4361,1364,2025-05-01,6.6,87.0,6.3
4362,1364,2025-06-01,8.0,76.1,8.3
4363,1364,2025-07-01,9.1,55.4,9.0
4364,1364,2025-08-01,7.6,95.2,5.7
4365,1364,2025-09-01,6.5,97.0,6.5
4366,1364,2025-10-01,7.8,58.4,6.9
4367,1364,2025-11-01,8.8,87.4,8.1
4368,1364,2025-12-01,8.5,60.3,8.9
4369,1365,2025-01-01,3.9,72.0,3.1
4370,1365,2025-02-01,5.6,74.3,6.9
4371,1365,2025-03-01,6.4,100.0,5.7
4372,1365,2025-04-01,7.0,77.9,8.9
4373,1365,2025-05-01,10.0,83.6,8.8
4374,1365,2025-06-01,5.6,85.7,5.5
4375,1365,2025-07-01,8.9,55.3,9.2
4376,1365,2025-08-01,9.2,31.6,9.8
4377,1365,2025-09-01,4.4,72.2,5.3
4378,1365,2025-10-01,6.5,73.1,6.1
4379,1365,2025-11-01,7.8,72.3,7.0
4380,1365,2025-12-01,6.7,74.2,7.5
4381,1366,2025-01-01,8.3,99.4,9.6
4382,1366,2025-02-01,8.6,64.9,9.3
4383,1366,2025-03-01,9.1,70.5,9.1
4384,1366,2025-04-01,8.0,100.0,9.6
4385,1366,2025-05-01,6.0,79.3,6.9
4386,1366,2025-06-01,6.8,65.9,7.1
4387,1366,2025-07-01,7.2,53.4,7.7
4388,1366,2025-08-01,9.2,57.3,9.5
4389,1366,2025-09-01,8.5,80.3,8.4
4390,1366,2025-10-01,7.0,73.4,7.0
4391,1366,2025-11-01,5.9,79.4,5.2
4392,1366,2025-12-01,5.4,83.2,4.6
4393,1367,2025-01-01,8.2,76.0,8.5
4394,1367,2025-02-01,6.6,51.1,6.5
4395,1367,2025-03-01,8.4,66.8,7.8
4396,1367,2025-04-01,7.3,69.8,7.3
4397,1367,2025-05-01,5.7,83.8,5.5
4398,1367,2025-06-01,9.3,92.7,9.6
4399,1367,2025-07-01,6.5,62.4,7.7
4400,1367,2025-08-01,9.2,82.3,6.8
4401,1367,2025-09-01,6.7,86.3,6.5
4402,1367,2025-10-01,4.8,76.0,4.5
4403,1367,2025-11-01,7.4,99.5,8.8
4404,1367,2025-12-01,7.7,64.3,7.2
4405,1368,2025-01-01,7.6,89.2,6.3
4406,1368,2025-02-01,8.6,80.0,8.9
4407,1368,2025-03-01,9.3,79.6,8.4
4408,1368,2025-04-01,8.3,76.0,9.8
4409,1368,2025-05-01,6.2,73.3,7.2
4410,1368,2025-06-01,8.1,68.2,6.6
4411,1368,2025-07-01,6.3,72.2,6.7
4412,1368,2025-08-01,5.0,55.3,6.2
4413,1368,2025-09-01,7.4,93.5,7.9
4414,1368,2025-10-01,7.0,93.9,6.6
4415,1368,2025-11-01,6.7,81.0,4.9
4416,1368,2025-12-01,7.0,75.4,8.2
4417,1369,2025-01-01,5.4,84.8,5.4
4418,1369,2025-02-01,5.7,88.0,5.0
4419,1369,2025-03-01,8.7,43.4,8.1
4420,1369,2025-04-01,7.9,80.5,7.7
4421,1369,2025-05-01,9.6,81.8,7.9
4422,1369,2025-06-01,8.4,79.2,9.3
4423,1369,2025-07-01,5.7,74.8,6.3
4424,1369,2025-08-01,5.2,85.8,5.3
4425,1369,2025-09-01,4.2,98.9,4.0
4426,1369,2025-10-01,10.0,86.2,9.8
4427,1369,2025-11-01,7.2,52.8,7.6
4428,1369,2025-12-01,8.5,69.0,7.6
4429,1370,2025-01-01,8.2,74.4,10.0
4430,1370,2025-02-01,9.2,60.1,9.9
4431,1370,2025-03-01,6.7,72.6,6.3
4432,1370,2025-04-01,7.3,63.6,7.8
4433,1370,2025-05-01,6.1,76.6,6.3
4434,1370,2025-06-01,8.8,81.0,9.3
4435,1370,2025-07-01,5.7,87.0,5.5
4436,1370,2025-08-01,5.9,80.4,5.0
4437,1370,2025-09-01,7.3,89.0,5.9
4438,1370,2025-10-01,5.6,81.1,5.1
4439,1370,2025-11-01,8.1,70.4,8.6
4440,1370,2025-12-01,7.0,77.0,8.5
4441,1371,2025-01-01,6.9,79.0,6.1
4442,1371,2025-02-01,8.4,71.6,7.1
4443,1371,2025-03-01,6.0,67.1,6.7
4444,1371,2025-04-01,5.4,68.6,5.8
4445,1371,2025-05-01,8.5,79.7,8.0
4446,1371,2025-06-01,5.7,76.4,4.4
4447,1371,2025-07-01,7.3,69.3,5.9
4448,1371,2025-08-01,6.4,92.8,6.4
4449,1371,2025-09-01,8.8,65.5,8.3
4450,1371,2025-10-01,6.2,150.0,5.3
4451,1371,2025-11-01,3.0,89.9,3.1
4452,1371,2025-12-01,7.1,68.3,6.3
4453,1372,2025-01-01,7.8,85.9,8.0
4454,1372,2025-02-01,8.6,72.3,9.2
4455,1372,2025-03-01,8.0,80.1,7.6
4456,1372,2025-04-01,7.2,70.6,8.4
4457,1372,2025-05-01,5.7,74.4,7.7
4458,1372,2025-06-01,6.1,86.0,5.1
4459,1372,2025-07-01,6.1,73.2,4.7
4460,1372,2025-08-01,5.0,74.0,3.3
4461,1372,2025-09-01,6.4,76.7,4.7
4462,1372,2025-10-01,7.1,89.8,5.5
4463,1372,2025-11-01,7.3,64.7,5.9
4464,1372,2025-12-01,10.0,62.1,9.7
4465,1373,2025-01-01,6.0,95.6,7.5
4466,1373,2025-02-01,9.0,100.0,9.4
4467,1373,2025-03-01,5.3,60.5,5.2
4468,1373,2025-04-01,6.5,69.9,5.6
4469,1373,2025-05-01,8.8,78.9,8.7
4470,1373,2025-06-01,6.0,77.3,5.4
4471,1373,2025-07-01,7.9,53.9,7.7
4472,1373,2025-08-01,6.8,73.5,7.0
4473,1373,2025-09-01,8.3,91.4,8.6
4474,1373,2025-10-01,7.1,81.9,7.9
4475,1373,2025-11-01,8.7,84.4,8.5
4476,1373,2025-12-01,7.7,82.6,7.0
4477,1374,2025-01-01,6.9,67.7,6.4
4478,1374,2025-02-01,7.7,70.0,7.3
4479,1374,2025-03-01,6.5,86.1,6.6
4480,1374,2025-04-01,7.5,98.4,7.6
4481,1374,2025-05-01,8.6,75.9,8.3
4482,1374,2025-06-01,9.5,89.0,10.0
4483,1374,2025-07-01,6.0,92.2,5.9
4484,1374,2025-08-01,7.0,81.2,5.8
4485,1374,2025-09-01,3.9,77.3,4.1
4486,1374,2025-10-01,7.9,93.3,8.7
4487,1374,2025-11-01,8.3,68.5,10.0
4488,1374,2025-12-01,7.3,78.4,7.4
4489,1375,2025-01-01,7.6,77.7,6.2
4490,1375,2025-02-01,7.6,95.4,7.4
4491,1375,2025-03-01,6.9,67.5,6.7
4492,1375,2025-04-01,6.1,87.3,6.0
4493,1375,2025-05-01,7.2,87.2,7.2
4494,1375,2025-06-01,6.4,61.0,7.1
4495,1375,2025-07-01,7.9,46.6,9.2
4496,1375,2025-08-01,5.3,58.3,5.3
4497,1375,2025-09-01,7.2,75.0,6.6
4498,1375,2025-10-01,5.9,74.9,5.3
4499,1375,2025-11-01,8.7,60.1,7.8
4500,1375,2025-12-01,7.4,88.2,7.8
4501,1376,2025-01-01,6.1,63.3,7.3
4502,1376,2025-02-01,7.2,56.1,7.6
4503,1376,2025-03-01,7.4,81.4,9.6
4504,1376,2025-04-01,6.3,71.9,6.1
4505,1376,2025-05-01,8.2,66.7,9.1
4506,1376,2025-06-01,7.0,78.9,5.4
4507,1376,2025-07-01,,80.0,4.6
4508,1376,2025-08-01,5.8,42.0,6.1
4509,1376,2025-09-01,7.5,80.1,6.4
4510,1376,2025-10-01,6.7,56.4,5.5
4511,1376,2025-11-01,5.2,60.6,6.1
4512,1376,2025-12-01,7.6,64.4,7.9
4513,1377,2025-01-01,6.0,93.6,6.5
4514,1377,2025-02-01,5.9,72.1,5.4
4515,1377,2025-03-01,7.4,55.1,7.5
4516,1377,2025-04-01,7.0,86.4,6.6
4517,1377,2025-05-01,6.2,89.9,5.8
4518,1377,2025-06-01,5.6,83.4,5.3
4519,1377,2025-07-01,5.8,60.6,6.0
4520,1377,2025-08-01,6.9,58.7,7.3
4521,1377,2025-09-01,6.4,88.0,4.8
4522,1377,2025-10-01,5.9,66.5,7.7
4523,1377,2025-11-01,10.0,30.0,10.0
4524,1377,2025-12-01,7.3,100.0,7.0
4525,1378,2025-01-01,9.4,57.5,10.0
4526,1378,2025-02-01,7.6,76.3,6.4
4527,1378,2025-03-01,8.1,79.0,8.1
4528,1378,2025-04-01,7.7,50.1,8.3
4529,1378,2025-05-01,7.1,60.5,6.9
4530,1378,2025-06-01,5.2,57.8,6.1
4531,1378,2025-07-01,8.0,83.8,9.6
4532,1378,2025-08-01,9.0,70.2,7.1
4533,1378,2025-09-01,7.8,64.3,8.4
4534,1378,2025-10-01,6.4,97.3,4.0
4535,1378,2025-11-01,6.2,93.4,6.9
4536,1378,2025-12-01,7.7,88.8,7.9
4537,1379,2025-01-01,9.1,88.1,10.0
4538,1379,2025-02-01,9.9,67.2,9.9
4539,1379,2025-03-01,4.1,69.3,4.6
4540,1379,2025-04-01,7.2,67.6,7.5
4541,1379,2025-05-01,6.0,94.2,4.9
4542,1379,2025-06-01,7.6,80.1,9.1
4543,1379,2025-07-01,5.6,94.6,4.9
4544,1379,2025-08-01,8.4,60.1,8.6
4545,1379,2025-09-01,8.5,70.1,7.9
4546,1379,2025-10-01,7.3,83.7,8.3
4547,1379,2025-11-01,7.5,90.1,9.0
4548,1379,2025-12-01,8.5,63.5,6.9
4549,1380,2025-01-01,,66.1,7.5
4550,1380,2025-02-01,9.6,89.6,9.7
4551,1380,2025-03-01,5.1,59.0,6.5
4552,1380,2025-04-01,6.8,54.5,7.4
4553,1380,2025-05-01,8.3,80.6,8.6
4554,1380,2025-06-01,7.0,79.9,6.7
4555,1380,2025-07-01,5.3,58.4,5.3
4556,1380,2025-08-01,7.0,52.1,7.9
4557,1380,2025-09-01,7.6,76.5,6.7
4558,1380,2025-10-01,6.4,94.4,6.5
4559,1380,2025-11-01,7.3,70.9,6.1
4560,1380,2025-12-01,9.3,82.2,8.3
4561,1381,2025-01-01,8.2,65.3,8.9
4562,1381,2025-02-01,7.8,70.8,7.5
4563,1381,2025-03-01,4.4,48.0,4.3
4564,1381,2025-04-01,6.5,85.1,5.9
4565,1381,2025-05-01,7.8,70.1,9.1
4566,1381,2025-06-01,8.9,73.5,8.3
4567,1381,2025-07-01,7.4,99.8,7.1
4568,1381,2025-08-01,7.4,95.7,9.6
4569,1381,2025-09-01,4.5,77.8,4.3
4570,1381,2025-10-01,5.4,81.6,3.8
4571,1381,2025-11-01,6.3,82.6,6.5
4572,1381,2025-12-01,5.0,81.0,3.9
4573,1382,2025-01-01,6.6,51.8,6.8
4574,1382,2025-02-01,7.9,80.6,10.0
4575,1382,2025-03-01,9.7,80.8,9.6
4576,1382,2025-04-01,7.7,91.8,7.4
4577,1382,2025-05-01,7.5,64.3,7.4
4578,1382,2025-06-01,6.3,59.9,6.1
4579,1382,2025-07-01,5.3,79.9,5.4
4580,1382,2025-08-01,7.4,47.9,7.4
4581,1382,2025-09-01,7.6,70.1,7.3
4582,1382,2025-10-01,8.2,85.6,9.6
4583,1382,2025-11-01,6.2,52.0,6.1
4584,1382,2025-12-01,8.4,71.0,9.0
4585,1383,2025-01-01,9.3,68.3,9.1
4586,1383,2025-02-01,8.5,76.3,6.5
4587,1383,2025-03-01,8.7,86.1,7.7
4588,1383,2025-04-01,7.1,94.3,7.9
4589,1383,2025-05-01,10.0,58.3,8.1
4590,1383,2025-06-01,4.1,87.3,3.4
4591,1383,2025-07-01,8.0,53.3,7.9
4592,1383,2025-08-01,9.6,88.6,10.0
4593,1383,2025-09-01,7.5,88.2,8.4
4594,1383,2025-10-01,7.3,74.2,8.1
4595,1383,2025-11-01,7.5,74.3,7.4
4596,1383,2025-12-01,10.0,58.8,10.0
4597,1384,2025-01-01,6.8,75.2,6.1
4598,1384,2025-02-01,7.7,77.2,8.1
4599,1384,2025-03-01,,46.4,5.0
4600,1384,2025-04-01,8.5,78.2,8.3
4601,1384,2025-05-01,7.3,77.4,7.2
4602,1384,2025-06-01,5.6,74.0,5.3
4603,1384,2025-07-01,5.6,83.8,5.4
4604,1384,2025-08-01,6.1,85.1,6.4
4605,1384,2025-09-01,6.5,72.9,8.5
4606,1384,2025-10-01,7.2,66.4,7.5
4607,1384,2025-11-01,8.4,54.2,8.0
4608,1384,2025-12-01,7.4,58.7,8.7
4609,1385,2025-01-01,4.8,96.3,6.1
4610,1385,2025-02-01,8.2,85.8,6.3
4611,1385,2025-03-01,4.7,82.9,4.9
4612,1385,2025-04-01,8.1,54.8,8.9
4613,1385,2025-05-01,7.4,75.8,8.9
4614,1385,2025-06-01,6.3,86.9,6.2
4615,1385,2025-07-01,5.9,69.0,4.6
4616,1385,2025-08-01,8.8,38.8,8.7
4617,1385,2025-09-01,5.7,69.0,6.8
4618,1385,2025-10-01,8.9,74.1,10.0
4619,1385,2025-11-01,4.2,77.1,3.0
4620,1385,2025-12-01,6.7,62.8,5.4
4621,1386,2025-01-01,6.6,77.0,6.1
4622,1386,2025-02-01,6.2,44.3,6.9
4623,1386,2025-03-01,6.0,92.9,6.7
4624,1386,2025-04-01,7.2,74.5,7.0
4625,1386,2025-05-01,6.8,70.1,6.0
4626,1386,2025-06-01,6.4,67.8,7.9
4627,1386,2025-07-01,9.3,79.0,8.2
4628,1386,2025-08-01,10.0,93.7,10.0
4629,1386,2025-09-01,7.8,77.0,6.9
4630,1386,2025-10-01,6.1,72.9,5.8
4631,1386,2025-11-01,7.1,91.8,6.6
4632,1386,2025-12-01,7.9,83.1,9.7
4633,1387,2025-01-01,6.2,98.1,5.5
4634,1387,2025-02-01,7.7,75.3,7.8
4635,1387,2025-03-01,8.6,60.6,7.2
4636,1387,2025-04-01,4.7,53.5,5.7
4637,1387,2025-05-01,5.5,70.2,5.9
4638,1387,2025-06-01,6.0,79.6,5.9
4639,1387,2025-07-01,7.2,55.0,7.6
4640,1387,2025-08-01,5.5,83.3,6.3
4641,1387,2025-09-01,5.9,77.6,5.2
4642,1387,2025-10-01,9.1,59.3,9.9
4643,1387,2025-11-01,6.7,72.3,6.3
4644,1387,2025-12-01,8.9,48.7,9.3
4645,1388,2025-01-01,7.8,66.0,9.5
4646,1388,2025-02-01,6.3,77.5,7.7
4647,1388,2025-03-01,5.9,88.6,5.6
4648,1388,2025-04-01,8.3,60.0,7.9
4649,1388,2025-05-01,10.0,68.8,8.7
4650,1388,2025-06-01,9.7,53.5,9.5
4651,1388,2025-07-01,7.7,66.9,7.4
4652,1388,2025-08-01,8.4,92.3,9.4
4653,1388,2025-09-01,4.5,74.7,3.5
4654,1388,2025-10-01,5.7,59.5,5.0
4655,1388,2025-11-01,6.9,81.4,6.4
4656,1388,2025-12-01,6.3,68.7,6.2
4657,1389,2025-01-01,6.9,63.3,6.6
4658,1389,2025-02-01,8.5,83.6,8.3
4659,1389,2025-03-01,8.7,64.1,10.0
4660,1389,2025-04-01,7.3,83.3,6.2
4661,1389,2025-05-01,5.9,66.2,5.9
4662,1389,2025-06-01,5.0,84.1,3.6
4663,1389,2025-07-01,10.0,85.8,8.8
4664,1389,2025-08-01,6.7,50.7,6.2
4665,1389,2025-09-01,8.2,69.5,8.2
4666,1389,2025-10-01,7.3,69.5,6.7
4667,1389,2025-11-01,8.7,42.8,9.0
4668,1389,2025-12-01,6.6,57.8,9.5
4669,1390,2025-01-01,8.3,90.8,9.4
4670,1390,2025-02-01,8.8,94.3,7.9
4671,1390,2025-03-01,7.1,49.1,7.3
4672,1390,2025-04-01,8.7,56.7,9.3
4673,1390,2025-05-01,7.6,95.0,7.9
4674,1390,2025-06-01,5.6,81.5,4.7
4675,1390,2025-07-01,4.9,57.7,5.6
4676,1390,2025-08-01,7.3,76.0,8.1
4677,1390,2025-09-01,9.2,77.7,7.5
4678,1390,2025-10-01,7.6,67.5,9.5
4679,1390,2025-11-01,7.8,93.5,9.2
4680,1390,2025-12-01,6.8,62.5,5.9
4681,1391,2025-01-01,9.9,82.7,8.7
4682,1391,2025-02-01,6.8,81.6,5.2
4683,1391,2025-03-01,6.8,97.1,6.5
4684,1391,2025-04-01,9.0,75.0,10.0
4685,1391,2025-05-01,7.0,52.2,7.5
4686,1391,2025-06-01,6.2,100.0,6.6
4687,1391,2025-07-01,6.0,71.5,8.1
4688,1391,2025-08-01,8.7,68.9,8.2
4689,1391,2025-09-01,6.1,74.8,4.8
4690,1391,2025-10-01,8.8,91.5,9.5
4691,1391,2025-11-01,6.6,51.8,6.8
4692,1391,2025-12-01,9.8,100.0,10.0
4693,1392,2025-01-01,7.7,64.3,8.1
4694,1392,2025-02-01,6.1,62.5,5.2
4695,1392,2025-03-01,4.4,78.2,3.1
4696,1392,2025-04-01,6.7,82.0,5.7
4697,1392,2025-05-01,7.5,90.9,7.1
4698,1392,2025-06-01,7.4,91.3,7.9
4699,1392,2025-07-01,7.9,91.3,9.2
4700,1392,2025-08-01,3.6,46.1,4.8
4701,1392,2025-09-01,8.7,56.0,7.6
4702,1392,2025-10-01,5.3,55.9,5.5
4703,1392,2025-11-01,5.9,93.2,5.7
4704,1392,2025-12-01,9.7,66.4,10.0
4705,1393,2025-01-01,8.2,74.3,9.0
4706,1393,2025-02-01,7.4,100.0,7.4
4707,1393,2025-03-01,3.8,68.5,4.6
4708,1393,2025-04-01,7.4,92.4,7.7
4709,1393,2025-05-01,9.5,66.8,9.7
4710,1393,2025-06-01,7.3,75.8,10.0
4711,1393,2025-07-01,8.8,56.9,9.2
4712,1393,2025-08-01,7.4,52.0,6.7
4713,1393,2025-09-01,8.0,81.8,7.7
4714,1393,2025-10-01,5.7,78.9,5.1
4715,1393,2025-11-01,7.3,84.1,8.4
4716,1393,2025-12-01,6.6,55.6,6.8
4717,1394,2025-01-01,7.3,89.3,6.0
4718,1394,2025-02-01,7.8,78.0,6.6
4719,1394,2025-03-01,5.2,68.6,5.2
4720,1394,2025-04-01,6.4,82.7,7.0
4721,1394,2025-05-01,5.7,47.1,5.9
4722,1394,2025-06-01,5.6,95.8,5.4
4723,1394,2025-07-01,7.0,83.2,7.9
4724,1394,2025-08-01,8.1,95.2,8.3
4725,1394,2025-09-01,,63.7,6.6
4726,1394,2025-10-01,6.7,95.3,6.8
4727,1394,2025-11-01,4.8,83.4,4.9
4728,1394,2025-12-01,5.4,63.7,6.3
4729,1395,2025-01-01,9.9,63.9,10.0
4730,1395,2025-02-01,7.5,43.2,7.1
4731,1395,2025-03-01,6.7,42.2,6.3
4732,1395,2025-04-01,5.5,87.2,5.0
4733,1395,2025-05-01,6.5,73.1,8.3
4734,1395,2025-06-01,7.7,71.8,6.5
4735,1395,2025-07-01,7.1,68.7,9.0
4736,1395,2025-08-01,10.0,90.1,10.0
4737,1395,2025-09-01,8.3,70.9,9.8
4738,1395,2025-10-01,5.2,52.9,3.5
4739,1395,2025-11-01,8.5,72.7,6.3
4740,1395,2025-12-01,6.3,77.0,6.0
4741,1396,2025-01-01,9.5,61.3,7.7
4742,1396,2025-02-01,7.9,80.9,8.6
4743,1396,2025-03-01,6.7,86.3,5.1
4744,1396,2025-04-01,8.7,90.4,6.9
4745,1396,2025-05-01,5.7,90.2,4.8
4746,1396,2025-06-01,6.6,67.0,6.1
4747,1396,2025-07-01,7.1,74.1,7.2
4748,1396,2025-08-01,7.8,68.4,8.0
4749,1396,2025-09-01,5.7,85.3,7.5
4750,1396,2025-10-01,6.9,83.0,5.3
4751,1396,2025-11-01,5.4,64.6,4.9
4752,1396,2025-12-01,8.8,84.7,8.9
4753,1397,2025-01-01,5.0,78.6,4.8
4754,1397,2025-02-01,6.4,72.2,6.6
4755,1397,2025-03-01,6.3,68.6,7.1
4756,1397,2025-04-01,8.8,82.8,10.0
4757,1397,2025-05-01,7.7,86.6,8.0
4758,1397,2025-06-01,6.6,63.1,7.0
4759,1397,2025-07-01,6.8,85.0,4.0
4760,1397,2025-08-01,7.9,75.3,8.4
4761,1397,2025-09-01,6.1,66.3,6.8
4762,1397,2025-10-01,8.3,75.5,7.8
4763,1397,2025-11-01,9.3,77.8,10.0
4764,1397,2025-12-01,5.9,93.2,5.0
4765,1398,2025-01-01,6.8,96.4,6.6
4766,1398,2025-02-01,7.5,61.2,8.7
4767,1398,2025-03-01,10.0,79.9,10.0
4768,1398,2025-04-01,6.5,68.4,5.7
4769,1398,2025-05-01,5.0,85.3,5.0
4770,1398,2025-06-01,8.3,76.5,9.4
4771,1398,2025-07-01,10.0,69.4,9.5
4772,1398,2025-08-01,7.7,63.4,9.0
4773,1398,2025-09-01,7.7,87.2,7.1
4774,1398,2025-10-01,8.0,79.9,6.3
4775,1398,2025-11-01,8.3,68.7,8.3
4776,1398,2025-12-01,7.9,85.6,8.1
4777,1399,2025-01-01,10.0,40.1,8.9
4778,1399,2025-02-01,6.9,100.0,5.7
4779,1399,2025-03-01,8.3,68.5,7.5
4780,1399,2025-04-01,9.4,77.0,9.1
4781,1399,2025-05-01,6.8,70.6,6.8
4782,1399,2025-06-01,6.7,95.4,7.9
4783,1399,2025-07-01,6.9,56.5,8.0
4784,1399,2025-08-01,4.8,60.1,5.3
4785,1399,2025-09-01,7.6,78.7,7.4
4786,1399,2025-10-01,10.0,72.8,10.0
4787,1399,2025-11-01,8.2,72.5,10.0
4788,1399,2025-12-01,5.6,67.0,4.6
4789,1400,2025-01-01,6.2,45.1,6.5
4790,1400,2025-02-01,6.3,70.6,8.0
4791,1400,2025-03-01,8.7,92.0,9.7
4792,1400,2025-04-01,6.2,67.3,6.0
4793,1400,2025-05-01,8.4,72.6,9.8
4794,1400,2025-06-01,8.2,71.1,6.7
4795,1400,2025-07-01,8.8,72.2,9.6
4796,1400,2025-08-01,8.4,100.0,7.8
4797,1400,2025-09-01,8.2,90.6,7.4
4798,1400,2025-10-01,5.7,100.0,5.2
4799,1400,2025-11-01,7.5,75.9,6.7
4800,1400,2025-12-01,7.7,78.8,8.5
4801,1401,2025-01-01,6.0,53.6,8.1
4802,1401,2025-02-01,10.0,87.1,8.5
4803,1401,2025-03-01,8.0,86.6,9.8
4804,1401,2025-04-01,6.7,84.2,7.1
4805,1401,2025-05-01,6.6,100.0,6.7
4806,1401,2025-06-01,7.5,72.6,6.1
4807,1401,2025-07-01,5.6,93.1,5.5
4808,1401,2025-08-01,4.2,79.5,4.3
4809,1401,2025-09-01,9.9,56.3,9.5
4810,1401,2025-10-01,5.6,72.7,4.9
4811,1401,2025-11-01,7.3,100.0,7.3
4812,1401,2025-12-01,9.4,100.0,10.0
4813,1402,2025-01-01,10.0,76.0,10.0
4814,1402,2025-02-01,8.7,69.1,8.6
4815,1402,2025-03-01,6.4,47.6,5.6
4816,1402,2025-04-01,8.0,96.9,7.3
4817,1402,2025-05-01,6.5,73.8,7.5
4818,1402,2025-06-01,5.3,86.3,5.9
4819,1402,2025-07-01,5.9,82.8,4.8
4820,1402,2025-08-01,9.0,63.1,9.4
4821,1402,2025-09-01,6.8,52.9,6.2
4822,1402,2025-10-01,8.8,88.2,9.6
4823,1402,2025-11-01,6.3,58.9,6.8
4824,1402,2025-12-01,7.6,95.2,8.2
4825,1403,2025-01-01,7.9,58.3,9.8
4826,1403,2025-02-01,10.0,70.2,10.0
4827,1403,2025-03-01,8.1,85.9,9.0
4828,1403,2025-04-01,10.0,65.6,9.6
4829,1403,2025-05-01,5.9,68.6,6.0
4830,1403,2025-06-01,5.3,85.0,5.3
4831,1403,2025-07-01,6.5,85.6,5.9
4832,1403,2025-08-01,9.2,96.1,9.4
4833,1403,2025-09-01,7.6,64.2,7.0
4834,1403,2025-10-01,7.6,93.5,7.7
4835,1403,2025-11-01,8.6,80.7,6.8
4836,1403,2025-12-01,6.4,94.8,5.5
4837,1404,2025-01-01,7.5,70.7,6.3
4838,1404,2025-02-01,4.4,79.4,4.9
4839,1404,2025-03-01,3.5,71.9,4.1
4840,1404,2025-04-01,7.2,88.2,6.8
4841,1404,2025-05-01,7.8,88.7,6.8
4842,1404,2025-06-01,4.5,100.0,6.1
4843,1404,2025-07-01,4.9,66.8,2.9
4844,1404,2025-08-01,5.3,62.6,4.5
4845,1404,2025-09-01,7.1,46.3,6.7
4846,1404,2025-10-01,6.0,69.6,5.2
4847,1404,2025-11-01,8.2,84.7,7.3
4848,1404,2025-12-01,7.5,79.3,8.3
4849,1405,2025-01-01,7.8,94.7,6.6
4850,1405,2025-02-01,7.7,54.7,7.0
4851,1405,2025-03-01,7.6,96.2,8.4
4852,1405,2025-04-01,7.1,53.7,6.7
4853,1405,2025-05-01,8.1,74.6,8.6
4854,1405,2025-06-01,6.5,53.1,6.6
4855,1405,2025-07-01,6.9,79.4,7.3
4856,1405,2025-08-01,5.9,84.5,6.3
4857,1405,2025-09-01,7.1,60.5,7.1
4858,1405,2025-10-01,7.0,88.9,7.0
4859,1405,2025-11-01,7.5,81.8,8.6
4860,1405,2025-12-01,7.3,96.3,8.4
4861,1406,2025-01-01,6.4,86.2,6.9
4862,1406,2025-02-01,8.2,77.7,7.8
4863,1406,2025-03-01,7.7,47.5,5.1
4864,1406,2025-04-01,8.6,98.7,7.0
4865,1406,2025-05-01,8.2,78.5,7.7
4866,1406,2025-06-01,5.9,92.6,6.1
4867,1406,2025-07-01,9.0,62.6,8.1
4868,1406,2025-08-01,6.0,81.2,8.2
4869,1406,2025-09-01,7.3,100.0,6.1
4870,1406,2025-10-01,7.6,83.4,7.0
4871,1406,2025-11-01,7.4,69.3,5.7
4872,1406,2025-12-01,5.5,85.7,4.9
4873,1407,2025-01-01,7.5,30.0,7.9
4874,1407,2025-02-01,6.1,74.7,5.7
4875,1407,2025-03-01,7.9,69.8,8.1
4876,1407,2025-04-01,4.9,77.1,6.3
4877,1407,2025-05-01,6.9,69.5,6.6
4878,1407,2025-06-01,8.1,66.1,9.3
4879,1407,2025-07-01,7.5,100.0,3.7
4880,1407,2025-08-01,6.9,70.2,7.1
4881,1407,2025-09-01,7.7,84.8,8.9
4882,1407,2025-10-01,7.2,77.6,6.8
4883,1407,2025-11-01,8.4,76.7,8.3
4884,1407,2025-12-01,6.8,95.3,7.7
4885,1408,2025-01-01,7.9,68.2,7.9
4886,1408,2025-02-01,7.7,95.2,7.8
4887,1408,2025-03-01,6.8,89.1,6.7
4888,1408,2025-04-01,7.4,79.9,6.2
4889,1408,2025-05-01,6.8,89.5,7.2
4890,1408,2025-06-01,6.7,86.0,6.9
4891,1408,2025-07-01,5.5,61.7,6.6
4892,1408,2025-08-01,7.4,35.4,7.4
4893,1408,2025-09-01,6.0,66.4,6.9
4894,1408,2025-10-01,6.1,56.7,7.1
4895,1408,2025-11-01,8.0,56.6,8.8
4896,1408,2025-12-01,7.3,47.2,6.3
4897,1409,2025-01-01,3.8,63.3,3.5
4898,1409,2025-02-01,7.8,93.2,9.3
4899,1409,2025-03-01,7.3,83.6,7.6
4900,1409,2025-04-01,6.0,87.2,6.5
4901,1409,2025-05-01,6.2,76.3,5.2
4902,1409,2025-06-01,6.4,76.0,6.3
4903,1409,2025-07-01,5.5,90.8,4.9
4904,1409,2025-08-01,6.7,70.9,6.7
4905,1409,2025-09-01,6.0,83.6,5.6
4906,1409,2025-10-01,9.1,58.5,6.9
4907,1409,2025-11-01,5.6,70.5,3.9
4908,1409,2025-12-01,7.5,80.8,8.1
4909,1410,2025-01-01,8.5,66.9,7.9
4910,1410,2025-02-01,7.7,69.2,7.7
4911,1410,2025-03-01,7.1,86.0,6.5
4912,1410,2025-04-01,8.6,86.0,9.1
4913,1410,2025-05-01,6.5,84.7,7.4
4914,1410,2025-06-01,6.2,81.9,5.5
4915,1410,2025-07-01,7.2,48.7,8.4
4916,1410,2025-08-01,7.7,95.1,7.0
4917,1410,2025-09-01,7.4,61.6,6.6
4918,1410,2025-10-01,7.4,71.1,6.7
4919,1410,2025-11-01,8.6,97.8,7.3
4920,1410,2025-12-01,6.6,47.7,6.3
4921,1411,2025-01-01,6.2,80.8,5.8
4922,1411,2025-02-01,7.4,62.1,7.0
4923,1411,2025-03-01,6.4,62.8,6.9
4924,1411,2025-04-01,6.1,71.5,7.3
4925,1411,2025-05-01,7.8,47.5,7.2
4926,1411,2025-06-01,6.0,63.5,8.2
4927,1411,2025-07-01,7.6,61.8,8.7
4928,1411,2025-08-01,6.5,77.2,6.6
4929,1411,2025-09-01,6.6,74.1,6.2
4930,1411,2025-10-01,6.3,74.2,7.5
4931,1411,2025-11-01,7.9,74.1,9.1
4932,1411,2025-12-01,4.6,68.3,4.4
4933,1412,2025-01-01,6.5,78.4,4.5
4934,1412,2025-02-01,8.1,81.5,8.0
4935,1412,2025-03-01,7.6,61.3,6.6
4936,1412,2025-04-01,7.6,75.6,7.4
4937,1412,2025-05-01,9.5,100.0,10.0
4938,1412,2025-06-01,9.3,88.0,9.9
4939,1412,2025-07-01,6.9,79.6,8.2
4940,1412,2025-08-01,7.5,79.0,7.1
4941,1412,2025-09-01,8.1,95.4,6.0
4942,1412,2025-10-01,6.1,96.6,4.2
4943,1412,2025-11-01,6.1,55.4,5.7
4944,1412,2025-12-01,6.9,65.4,7.7
4945,1413,2025-01-01,8.0,48.7,6.7
4946,1413,2025-02-01,8.1,80.3,8.6
4947,1413,2025-03-01,8.9,77.8,7.4
4948,1413,2025-04-01,7.4,83.0,6.1
4949,1413,2025-05-01,6.1,75.3,5.5
4950,1413,2025-06-01,6.4,68.6,6.0
4951,1413,2025-07-01,7.7,67.0,6.9
4952,1413,2025-08-01,6.1,68.2,5.9
4953,1413,2025-09-01,9.9,80.3,9.9
4954,1413,2025-10-01,6.2,69.1,4.8
4955,1413,2025-11-01,8.3,67.1,7.2
4956,1413,2025-12-01,6.0,93.7,6.2
4957,1414,2025-01-01,8.0,51.9,7.9
4958,1414,2025-02-01,6.7,66.6,6.6
4959,1414,2025-03-01,9.9,53.8,8.4
4960,1414,2025-04-01,7.0,83.5,5.5
4961,1414,2025-05-01,5.9,70.4,4.7
4962,1414,2025-06-01,7.2,69.2,6.9
4963,1414,2025-07-01,6.0,62.6,6.4
4964,1414,2025-08-01,8.0,87.2,7.5
4965,1414,2025-09-01,,51.2,4.2
4966,1414,2025-10-01,7.3,77.3,7.4
4967,1414,2025-11-01,3.6,62.6,3.5
4968,1414,2025-12-01,7.0,78.2,7.8
4969,1415,2025-01-01,8.1,71.8,8.8
4970,1415,2025-02-01,5.0,60.9,3.7
4971,1415,2025-03-01,7.8,95.9,8.0
4972,1415,2025-04-01,6.4,82.4,7.3
4973,1415,2025-05-01,8.1,87.9,9.5
4974,1415,2025-06-01,8.3,63.7,8.1
4975,1415,2025-07-01,7.1,51.6,9.1
4976,1415,2025-08-01,9.5,62.6,10.0
4977,1415,2025-09-01,3.7,51.1,5.4
4978,1415,2025-10-01,5.2,72.1,5.5
4979,1415,2025-11-01,7.4,68.2,7.7
4980,1415,2025-12-01,5.9,68.2,7.1
4981,1416,2025-01-01,5.6,67.5,5.4
4982,1416,2025-02-01,7.0,82.8,6.8
4983,1416,2025-03-01,6.6,92.3,6.4
4984,1416,2025-04-01,6.3,86.7,8.0
4985,1416,2025-05-01,5.7,52.7,4.7
4986,1416,2025-06-01,9.5,76.8,8.4
4987,1416,2025-07-01,4.5,78.2,4.4
4988,1416,2025-08-01,6.8,76.7,6.7
4989,1416,2025-09-01,5.5,97.6,5.2
4990,1416,2025-10-01,8.6,73.8,6.4
4991,1416,2025-11-01,7.4,77.6,7.2
4992,1416,2025-12-01,10.0,79.8,9.1
4993,1417,2025-01-01,6.2,90.9,7.8
4994,1417,2025-02-01,6.9,84.4,6.7
4995,1417,2025-03-01,6.8,66.9,5.9
4996,1417,2025-04-01,7.9,66.8,8.5
4997,1417,2025-05-01,6.3,63.5,5.1
4998,1417,2025-06-01,8.8,79.0,9.4
4999,1417,2025-07-01,9.8,74.2,9.8
5000,1417,2025-08-01,7.0,95.8,6.7
5001,1417,2025-09-01,7.9,84.6,8.7
5002,1417,2025-10-01,7.1,93.0,6.2
5003,1417,2025-11-01,8.3,75.2,7.5
5004,1417,2025-12-01,6.9,76.3,7.1
5005,1418,2025-01-01,9.9,78.5,7.3
5006,1418,2025-02-01,7.0,88.9,7.7
5007,1418,2025-03-01,5.8,37.2,5.9
5008,1418,2025-04-01,7.7,70.3,8.1
5009,1418,2025-05-01,6.7,95.1,8.2
5010,1418,2025-06-01,9.3,55.5,9.9
5011,1418,2025-07-01,7.4,63.2,6.9
5012,1418,2025-08-01,4.6,70.7,4.0
5013,1418,2025-09-01,7.9,82.2,6.2
5014,1418,2025-10-01,8.3,75.8,9.0
5015,1418,2025-11-01,7.5,92.4,8.7
5016,1418,2025-12-01,7.1,58.7,7.3
5017,1419,2025-01-01,8.3,75.5,9.4
5018,1419,2025-02-01,9.5,85.8,9.5
5019,1419,2025-03-01,7.8,57.7,8.6
5020,1419,2025-04-01,6.4,80.9,5.1
5021,1419,2025-05-01,6.9,82.8,7.0
5022,1419,2025-06-01,6.4,87.2,7.7
5023,1419,2025-07-01,5.2,80.3,5.1
5024,1419,2025-08-01,7.4,87.3,6.3
5025,1419,2025-09-01,7.8,79.9,6.8
5026,1419,2025-10-01,6.6,71.9,8.4
5027,1419,2025-11-01,8.2,62.4,8.1
5028,1419,2025-12-01,7.4,71.1,8.1
5029,1420,2025-01-01,6.2,51.4,4.5
5030,1420,2025-02-01,8.1,72.2,8.8
5031,1420,2025-03-01,7.1,68.7,6.6
5032,1420,2025-04-01,10.0,68.4,8.6
5033,1420,2025-05-01,7.5,71.6,6.4
5034,1420,2025-06-01,6.8,57.2,7.6
5035,1420,2025-07-01,8.8,88.9,9.6
5036,1420,2025-08-01,7.2,58.2,7.6
5037,1420,2025-09-01,5.9,60.5,6.6
5038,1420,2025-10-01,7.6,74.1,8.0
5039,1420,2025-11-01,8.0,73.7,7.5
5040,1420,2025-12-01,7.3,86.1,9.1
5041,1421,2025-01-01,9.2,65.7,10.0
5042,1421,2025-02-01,5.7,77.9,5.9
5043,1421,2025-03-01,5.8,58.4,7.7
5044,1421,2025-04-01,5.0,79.7,4.5
5045,1421,2025-05-01,5.7,83.3,6.8
5046,1421,2025-06-01,7.4,74.7,6.1
5047,1421,2025-07-01,6.4,100.0,6.0
5048,1421,2025-08-01,7.6,87.0,9.0
5049,1421,2025-09-01,5.0,75.2,3.9
5050,1421,2025-10-01,7.9,100.0,8.6
5051,1421,2025-11-01,8.8,84.8,7.7
5052,1421,2025-12-01,8.0,68.9,7.9
5053,1422,2025-01-01,9.3,70.0,9.3
5054,1422,2025-02-01,5.2,56.2,5.2
5055,1422,2025-03-01,6.9,60.9,7.1
5056,1422,2025-04-01,6.9,64.3,8.0
5057,1422,2025-05-01,10.0,98.6,8.2
5058,1422,2025-06-01,6.8,31.4,6.6
5059,1422,2025-07-01,8.4,89.3,9.5
5060,1422,2025-08-01,8.3,75.0,7.8
5061,1422,2025-09-01,7.4,43.3,6.3
5062,1422,2025-10-01,6.4,81.7,4.9
5063,1422,2025-11-01,3.3,60.4,4.7
5064,1422,2025-12-01,7.8,76.3,5.8
5065,1423,2025-01-01,6.9,43.1,8.4
5066,1423,2025-02-01,5.2,72.1,4.8
5067,1423,2025-03-01,8.3,100.0,8.5
5068,1423,2025-04-01,10.0,80.5,8.8
5069,1423,2025-05-01,5.1,72.6,4.0
5070,1423,2025-06-01,6.6,72.2,6.8
5071,1423,2025-07-01,5.3,61.5,5.8
5072,1423,2025-08-01,7.5,64.3,7.8
5073,1423,2025-09-01,7.4,93.8,7.7
5074,1423,2025-10-01,7.6,75.6,8.6
5075,1423,2025-11-01,8.3,81.5,7.7
5076,1423,2025-12-01,4.9,78.8,5.9
5077,1424,2025-01-01,7.4,91.1,7.2
5078,1424,2025-02-01,7.4,74.0,9.1
5079,1424,2025-03-01,5.1,63.6,4.3
5080,1424,2025-04-01,8.0,79.8,9.0
5081,1424,2025-05-01,5.4,78.3,7.4
5082,1424,2025-06-01,8.7,73.4,6.6
5083,1424,2025-07-01,7.9,91.4,8.9
5084,1424,2025-08-01,6.3,53.5,6.9
5085,1424,2025-09-01,4.7,90.3,4.4
5086,1424,2025-10-01,8.0,100.0,9.3
5087,1424,2025-11-01,6.7,71.8,8.1
5088,1424,2025-12-01,8.0,95.2,7.7
5089,1425,2025-01-01,8.1,61.9,8.9
5090,1425,2025-02-01,8.9,66.4,7.6
5091,1425,2025-03-01,7.3,85.3,6.0
5092,1425,2025-04-01,6.9,71.2,7.4
5093,1425,2025-05-01,7.8,93.1,8.0
5094,1425,2025-06-01,3.9,61.7,4.7
5095,1425,2025-07-01,7.8,72.0,5.7
5096,1425,2025-08-01,7.3,59.1,9.0
5097,1425,2025-09-01,7.9,78.8,8.0
5098,1425,2025-10-01,8.9,81.2,8.8
5099,1425,2025-11-01,6.3,76.0,7.1
5100,1425,2025-12-01,6.8,82.6,8.8
5101,1426,2025-01-01,6.9,76.1,5.8
5102,1426,2025-02-01,5.2,64.6,4.9
5103,1426,2025-03-01,8.6,53.9,8.6
5104,1426,2025-04-01,9.1,65.4,9.3
5105,1426,2025-05-01,7.4,76.7,7.9
5106,1426,2025-06-01,9.0,68.9,9.6
5107,1426,2025-07-01,4.3,83.8,5.4
5108,1426,2025-08-01,6.6,64.8,7.0
5109,1426,2025-09-01,5.9,63.1,7.7
5110,1426,2025-10-01,6.5,84.9,6.6
5111,1426,2025-11-01,9.8,67.2,9.5
5112,1426,2025-12-01,8.4,83.0,8.9
5113,1427,2025-01-01,9.2,100.0,9.2
5114,1427,2025-02-01,7.2,95.4,8.4
5115,1427,2025-03-01,7.0,67.7,9.2
5116,1427,2025-04-01,6.0,74.2,6.0
5117,1427,2025-05-01,8.1,58.2,8.4
5118,1427,2025-06-01,6.8,60.7,7.8
5119,1427,2025-07-01,7.5,84.7,6.4
5120,1427,2025-08-01,9.0,70.3,9.5
5121,1427,2025-09-01,7.8,51.9,8.2
5122,1427,2025-10-01,7.0,63.1,7.5
5123,1427,2025-11-01,6.9,92.4,6.1
5124,1427,2025-12-01,5.1,67.7,4.8
5125,1428,2025-01-01,7.8,57.6,7.9
5126,1428,2025-02-01,7.9,85.8,7.7
5127,1428,2025-03-01,7.5,61.2,7.5
5128,1428,2025-04-01,8.8,81.1,8.0
5129,1428,2025-05-01,6.6,75.6,5.9
5130,1428,2025-06-01,6.3,86.2,4.8
5131,1428,2025-07-01,5.4,66.5,7.5
5132,1428,2025-08-01,7.1,90.8,5.6
5133,1428,2025-09-01,,85.8,10.0
5134,1428,2025-10-01,5.9,95.1,6.4
5135,1428,2025-11-01,9.9,98.6,8.8
5136,1428,2025-12-01,6.8,73.0,7.6
5137,1429,2025-01-01,6.6,45.0,6.5
5138,1429,2025-02-01,7.9,78.7,8.2
5139,1429,2025-03-01,7.0,78.4,6.6
5140,1429,2025-04-01,8.2,71.8,8.3
5141,1429,2025-05-01,6.4,90.7,6.7
5142,1429,2025-06-01,9.2,100.0,9.7
5143,1429,2025-07-01,5.1,87.8,4.7
5144,1429,2025-08-01,4.9,69.5,5.5
5145,1429,2025-09-01,7.7,71.3,7.4
5146,1429,2025-10-01,5.7,70.3,6.7
5147,1429,2025-11-01,10.0,47.3,9.9
5148,1429,2025-12-01,6.0,100.0,5.3
5149,1430,2025-01-01,7.8,75.3,7.5
5150,1430,2025-02-01,9.7,71.2,10.0
5151,1430,2025-03-01,9.5,85.3,10.0
5152,1430,2025-04-01,6.9,75.9,6.9
5153,1430,2025-05-01,7.1,69.3,5.7
5154,1430,2025-06-01,7.4,81.5,8.2
5155,1430,2025-07-01,4.2,57.3,4.3
5156,1430,2025-08-01,6.2,80.8,8.2
5157,1430,2025-09-01,5.2,71.7,4.6
5158,1430,2025-10-01,5.8,61.8,6.2
5159,1430,2025-11-01,8.1,58.8,6.7
5160,1430,2025-12-01,8.0,70.0,8.6
5161,1431,2025-01-01,8.1,97.1,8.9
5162,1431,2025-02-01,10.0,55.7,10.0
5163,1431,2025-03-01,6.0,88.2,5.4
5164,1431,2025-04-01,7.3,86.9,7.8
5165,1431,2025-05-01,8.6,48.9,9.2
5166,1431,2025-06-01,6.4,96.8,4.4
5167,1431,2025-07-01,6.8,81.6,6.1
5168,1431,2025-08-01,3.8,63.1,3.1
5169,1431,2025-09-01,8.6,53.7,10.0
5170,1431,2025-10-01,7.6,100.0,6.5
5171,1431,2025-11-01,5.5,78.2,5.4
5172,1431,2025-12-01,8.7,62.6,8.6
5173,1432,2025-01-01,8.6,87.1,6.7
5174,1432,2025-02-01,6.2,90.2,7.5
5175,1432,2025-03-01,8.4,100.0,10.0
5176,1432,2025-04-01,6.4,87.4,7.1
5177,1432,2025-05-01,7.5,80.4,7.6
5178,1432,2025-06-01,9.2,72.1,9.4
5179,1432,2025-07-01,8.8,66.5,8.9
5180,1432,2025-08-01,5.3,88.2,6.1
5181,1432,2025-09-01,5.9,97.8,6.7
5182,1432,2025-10-01,7.5,76.7,6.7
5183,1432,2025-11-01,8.4,85.7,7.9
5184,1432,2025-12-01,7.8,81.0,8.3
5185,1433,2025-01-01,7.8,81.1,6.2
5186,1433,2025-02-01,9.2,52.5,8.5
5187,1433,2025-03-01,7.5,77.1,7.5
5188,1433,2025-04-01,8.2,51.7,9.0
5189,1433,2025-05-01,6.0,83.9,6.1
5190,1433,2025-06-01,5.3,72.2,3.5
5191,1433,2025-07-01,6.5,87.8,5.7
5192,1433,2025-08-01,7.0,73.5,7.1
5193,1433,2025-09-01,8.9,94.4,9.8
5194,1433,2025-10-01,9.1,81.9,10.0
5195,1433,2025-11-01,7.8,77.9,7.3
5196,1433,2025-12-01,7.9,62.9,7.9
5197,1434,2025-01-01,8.2,82.8,8.2
5198,1434,2025-02-01,6.3,69.4,5.2
5199,1434,2025-03-01,6.0,60.9,6.8
5200,1434,2025-04-01,6.7,57.3,6.1
5201,1434,2025-05-01,6.3,66.4,7.3
5202,1434,2025-06-01,6.1,77.9,5.7
5203,1434,2025-07-01,9.3,62.1,9.4
5204,1434,2025-08-01,5.1,72.8,3.4
5205,1434,2025-09-01,5.8,82.6,4.7
5206,1434,2025-10-01,6.8,77.0,5.9
5207,1434,2025-11-01,7.5,100.0,7.0
5208,1434,2025-12-01,4.7,74.6,2.5
5209,1435,2025-01-01,5.8,71.5,5.7
5210,1435,2025-02-01,8.4,63.5,8.5
5211,1435,2025-03-01,6.1,84.6,5.7
5212,1435,2025-04-01,4.9,79.3,5.7
5213,1435,2025-05-01,8.6,66.3,8.5
5214,1435,2025-06-01,9.5,68.6,9.9
5215,1435,2025-07-01,4.6,81.9,3.9
5216,1435,2025-08-01,6.9,78.2,7.8
5217,1435,2025-09-01,7.0,77.1,5.6
5218,1435,2025-10-01,6.5,69.9,6.4
5219,1435,2025-11-01,6.5,100.0,6.2
5220,1435,2025-12-01,7.8,83.5,7.0
5221,1436,2025-01-01,5.4,58.0,5.1
5222,1436,2025-02-01,6.0,85.3,5.7
5223,1436,2025-03-01,7.4,62.2,7.1
5224,1436,2025-04-01,7.6,80.4,7.7
5225,1436,2025-05-01,7.4,86.7,6.6
5226,1436,2025-06-01,8.5,72.4,9.7
5227,1436,2025-07-01,4.4,68.7,1.9
5228,1436,2025-08-01,6.6,77.4,7.1
5229,1436,2025-09-01,7.1,100.0,5.9
5230,1436,2025-10-01,10.0,68.6,9.2
5231,1436,2025-11-01,7.4,99.1,6.0
5232,1436,2025-12-01,4.7,96.0,4.5
5233,1437,2025-01-01,6.0,57.6,4.1
5234,1437,2025-02-01,6.6,83.7,8.5
5235,1437,2025-03-01,7.6,76.2,8.3
5236,1437,2025-04-01,5.9,62.5,6.5
5237,1437,2025-05-01,9.1,73.5,8.0
5238,1437,2025-06-01,8.8,67.7,7.0
5239,1437,2025-07-01,6.3,83.9,6.9
5240,1437,2025-08-01,4.9,52.9,7.2
5241,1437,2025-09-01,7.5,94.5,7.3
5242,1437,2025-10-01,7.2,74.3,5.6
5243,1437,2025-11-01,7.3,69.5,6.0
5244,1437,2025-12-01,6.2,100.0,5.1
5245,1438,2025-01-01,7.5,89.6,7.3
5246,1438,2025-02-01,4.7,64.2,4.1
5247,1438,2025-03-01,8.2,76.8,8.4
5248,1438,2025-04-01,8.5,83.0,8.4
5249,1438,2025-05-01,7.8,69.6,6.3
5250,1438,2025-06-01,7.4,74.1,8.7
5251,1438,2025-07-01,6.3,55.9,6.6
5252,1438,2025-08-01,7.5,69.5,7.8
5253,1438,2025-09-01,8.7,69.5,7.2
5254,1438,2025-10-01,9.8,65.1,10.0
5255,1438,2025-11-01,9.5,59.5,10.0
5256,1438,2025-12-01,7.9,52.7,8.1
5257,1439,2025-01-01,,87.1,7.2
5258,1439,2025-02-01,7.8,59.3,7.0
5259,1439,2025-03-01,6.2,79.7,6.5
5260,1439,2025-04-01,6.2,42.3,5.7
5261,1439,2025-05-01,7.6,69.3,7.8
5262,1439,2025-06-01,5.9,50.9,5.5
5263,1439,2025-07-01,4.2,95.8,4.6
5264,1439,2025-08-01,7.2,51.6,8.0
5265,1439,2025-09-01,8.2,54.0,8.1
5266,1439,2025-10-01,7.9,88.1,7.7
5267,1439,2025-11-01,7.3,63.0,5.8
5268,1439,2025-12-01,6.7,100.0,5.9
5269,1440,2025-01-01,8.0,63.9,10.0
5270,1440,2025-02-01,8.8,84.3,7.6
5271,1440,2025-03-01,6.2,65.8,5.0
5272,1440,2025-04-01,6.5,80.7,6.6
5273,1440,2025-05-01,6.8,73.5,6.8
5274,1440,2025-06-01,6.1,69.6,5.8
5275,1440,2025-07-01,8.0,86.0,7.8
5276,1440,2025-08-01,8.3,88.2,6.8
5277,1440,2025-09-01,8.4,72.8,9.3
5278,1440,2025-10-01,6.9,67.1,8.4
5279,1440,2025-11-01,6.8,50.1,7.9
5280,1440,2025-12-01,8.2,50.9,7.7
5281,1441,2025-01-01,8.6,74.4,10.0
5282,1441,2025-02-01,7.9,79.0,8.1
5283,1441,2025-03-01,6.7,81.3,6.6
5284,1441,2025-04-01,,92.0,8.8
5285,1441,2025-05-01,5.8,53.0,5.2
5286,1441,2025-06-01,6.7,81.2,7.1
5287,1441,2025-07-01,6.0,75.4,4.0
5288,1441,2025-08-01,7.2,61.1,7.0
5289,1441,2025-09-01,5.8,71.0,6.1
5290,1441,2025-10-01,10.0,72.1,10.0
5291,1441,2025-11-01,7.4,81.8,7.4
5292,1441,2025-12-01,9.5,74.9,10.0
5293,1442,2025-01-01,6.8,64.0,7.2
5294,1442,2025-02-01,7.6,92.5,6.9
5295,1442,2025-03-01,7.9,68.4,7.5
5296,1442,2025-04-01,7.6,60.7,8.6
5297,1442,2025-05-01,7.4,80.6,7.7
5298,1442,2025-06-01,8.9,62.7,9.8
5299,1442,2025-07-01,8.8,86.2,8.0
5300,1442,2025-08-01,6.2,93.3,7.3
5301,1442,2025-09-01,5.9,76.9,4.7
5302,1442,2025-10-01,6.3,81.1,4.3
5303,1442,2025-11-01,7.0,97.6,5.6
5304,1442,2025-12-01,7.2,80.5,8.6
5305,1443,2025-01-01,5.2,67.3,4.9
5306,1443,2025-02-01,5.0,75.2,5.7
5307,1443,2025-03-01,7.3,66.1,7.1
5308,1443,2025-04-01,6.5,79.8,6.3
5309,1443,2025-05-01,6.2,88.9,6.3
5310,1443,2025-06-01,7.9,66.5,6.1
5311,1443,2025-07-01,8.7,94.6,7.6
5312,1443,2025-08-01,9.0,75.0,9.3
5313,1443,2025-09-01,10.0,71.0,10.0
5314,1443,2025-10-01,7.3,80.5,6.7
5315,1443,2025-11-01,3.3,74.1,4.1
5316,1443,2025-12-01,6.0,78.4,4.9
5317,1444,2025-01-01,6.0,72.1,7.0
5318,1444,2025-02-01,7.4,63.6,7.4
5319,1444,2025-03-01,6.5,100.0,6.3
5320,1444,2025-04-01,7.9,62.1,7.7
5321,1444,2025-05-01,5.2,86.0,5.3
5322,1444,2025-06-01,7.6,64.6,7.1
5323,1444,2025-07-01,8.0,60.9,7.7
5324,1444,2025-08-01,7.5,79.8,8.4
5325,1444,2025-09-01,5.3,82.5,5.7
5326,1444,2025-10-01,6.8,94.2,7.7
5327,1444,2025-11-01,6.8,59.9,8.7
5328,1444,2025-12-01,6.6,73.6,7.4
5329,1445,2025-01-01,7.7,40.9,8.0
5330,1445,2025-02-01,6.6,69.5,5.8
5331,1445,2025-03-01,7.3,63.2,6.7
5332,1445,2025-04-01,6.7,79.4,6.6
5333,1445,2025-05-01,7.2,81.5,6.9
5334,1445,2025-06-01,7.8,63.0,8.1
5335,1445,2025-07-01,10.0,73.0,9.6
5336,1445,2025-08-01,8.1,57.0,6.9
5337,1445,2025-09-01,7.3,73.1,7.0
5338,1445,2025-10-01,6.0,84.3,5.3
5339,1445,2025-11-01,10.0,64.0,10.0
5340,1445,2025-12-01,7.5,64.7,7.4
5341,1446,2025-01-01,5.1,82.6,5.9
5342,1446,2025-02-01,7.6,71.0,6.0
5343,1446,2025-03-01,8.0,76.5,10.0
5344,1446,2025-04-01,7.9,72.2,8.4
5345,1446,2025-05-01,4.1,92.6,4.7
5346,1446,2025-06-01,5.7,84.6,3.0
5347,1446,2025-07-01,7.3,70.0,6.5
5348,1446,2025-08-01,9.7,75.8,6.7
5349,1446,2025-09-01,8.6,88.3,8.6
5350,1446,2025-10-01,5.2,89.8,4.9
5351,1446,2025-11-01,4.9,66.5,4.4
5352,1446,2025-12-01,6.9,64.8,7.2
5353,1447,2025-01-01,9.2,69.9,8.6
5354,1447,2025-02-01,8.0,61.4,7.8
5355,1447,2025-03-01,8.4,78.2,9.4
5356,1447,2025-04-01,7.9,67.9,7.8
5357,1447,2025-05-01,5.7,80.6,5.9
5358,1447,2025-06-01,6.8,77.2,8.1
5359,1447,2025-07-01,6.1,64.9,5.8
5360,1447,2025-08-01,7.3,69.0,5.2
5361,1447,2025-09-01,3.3,87.9,2.2
5362,1447,2025-10-01,7.0,64.9,6.9
5363,1447,2025-11-01,7.1,60.7,6.4
5364,1447,2025-12-01,7.3,81.4,6.9
5365,1448,2025-01-01,7.3,84.6,6.8
5366,1448,2025-02-01,8.5,78.9,8.2
5367,1448,2025-03-01,6.6,76.7,8.2
5368,1448,2025-04-01,8.3,64.7,9.9
5369,1448,2025-05-01,8.7,100.0,8.2
5370,1448,2025-06-01,4.2,100.0,4.9
5371,1448,2025-07-01,6.1,67.1,7.3
5372,1448,2025-08-01,7.7,90.0,8.4
5373,1448,2025-09-01,6.8,100.0,5.7
5374,1448,2025-10-01,8.9,86.8,9.8
5375,1448,2025-11-01,6.8,70.9,7.0
5376,1448,2025-12-01,6.9,76.4,6.5
5377,1449,2025-01-01,5.1,93.0,6.1
5378,1449,2025-02-01,9.2,60.1,8.8
5379,1449,2025-03-01,5.8,66.4,5.8
5380,1449,2025-04-01,7.5,77.3,9.1
5381,1449,2025-05-01,9.9,69.2,10.0
5382,1449,2025-06-01,7.8,82.9,7.6
5383,1449,2025-07-01,7.3,71.9,8.5
5384,1449,2025-08-01,5.6,83.1,7.1
5385,1449,2025-09-01,7.7,44.7,7.4
5386,1449,2025-10-01,6.8,86.4,6.1
5387,1449,2025-11-01,7.9,57.2,9.9
5388,1449,2025-12-01,8.1,92.7,6.7
5389,1450,2025-01-01,4.8,85.9,4.9
5390,1450,2025-02-01,7.1,67.8,7.1
5391,1450,2025-03-01,6.3,61.8,5.4
5392,1450,2025-04-01,9.8,73.7,10.0
5393,1450,2025-05-01,5.8,99.3,7.3
5394,1450,2025-06-01,6.2,65.7,6.8
5395,1450,2025-07-01,6.6,48.5,5.4
5396,1450,2025-08-01,6.5,93.6,7.2
5397,1450,2025-09-01,7.6,58.9,7.4
5398,1450,2025-10-01,6.6,62.7,7.7
5399,1450,2025-11-01,8.0,76.9,5.9
5400,1450,2025-12-01,7.8,85.9,8.8
5401,1451,2025-01-01,6.2,74.8,6.7
5402,1451,2025-02-01,6.6,100.0,7.3
5403,1451,2025-03-01,6.8,58.5,7.9
5404,1451,2025-04-01,3.9,69.4,2.9
5405,1451,2025-05-01,6.0,100.0,5.4
5406,1451,2025-06-01,5.8,94.0,4.9
5407,1451,2025-07-01,7.8,77.5,8.8
5408,1451,2025-08-01,6.0,62.5,5.8
5409,1451,2025-09-01,8.7,92.0,8.1
5410,1451,2025-10-01,7.9,63.7,6.6
5411,1451,2025-11-01,6.7,65.6,8.2
5412,1451,2025-12-01,5.2,76.9,5.8
5413,1452,2025-01-01,4.8,83.7,3.7
5414,1452,2025-02-01,7.5,71.8,7.3
5415,1452,2025-03-01,10.0,91.4,9.7
5416,1452,2025-04-01,5.8,92.1,6.8
5417,1452,2025-05-01,7.5,66.9,7.2
5418,1452,2025-06-01,10.0,86.4,10.0
5419,1452,2025-07-01,5.8,88.5,5.3
5420,1452,2025-08-01,5.8,90.3,5.3
5421,1452,2025-09-01,4.4,95.5,5.5
5422,1452,2025-10-01,6.8,69.0,5.9
5423,1452,2025-11-01,7.9,86.5,7.7
5424,1452,2025-12-01,5.8,70.9,6.9
5425,1453,2025-01-01,8.6,84.3,8.1
5426,1453,2025-02-01,5.5,95.5,5.4
5427,1453,2025-03-01,6.5,87.6,5.6
5428,1453,2025-04-01,7.7,80.0,10.0
5429,1453,2025-05-01,6.5,98.5,7.3
5430,1453,2025-06-01,6.1,84.2,7.3
5431,1453,2025-07-01,9.0,59.1,9.5
5432,1453,2025-08-01,7.0,50.9,4.1
5433,1453,2025-09-01,6.2,62.9,5.5
5434,1453,2025-10-01,6.3,81.0,6.0
5435,1453,2025-11-01,8.2,70.9,8.0
5436,1453,2025-12-01,5.6,75.8,6.8
5437,1454,2025-01-01,8.0,73.0,8.3
5438,1454,2025-02-01,7.5,77.6,6.8
5439,1454,2025-03-01,5.5,67.0,3.9
5440,1454,2025-04-01,6.7,78.1,6.0
5441,1454,2025-05-01,7.1,99.2,7.3
5442,1454,2025-06-01,4.1,73.8,3.4
5443,1454,2025-07-01,6.3,65.9,6.9
5444,1454,2025-08-01,5.6,47.7,5.8
5445,1454,2025-09-01,,100.0,6.7
5446,1454,2025-10-01,5.5,97.0,4.4
5447,1454,2025-11-01,7.3,98.6,7.0
5448,1454,2025-12-01,7.3,91.8,6.7
5449,1455,2025-01-01,5.9,87.2,4.8
5450,1455,2025-02-01,6.5,54.8,5.7
5451,1455,2025-03-01,6.1,39.8,5.9
5452,1455,2025-04-01,6.4,64.9,7.9
5453,1455,2025-05-01,4.8,56.8,5.5
5454,1455,2025-06-01,6.1,63.6,5.8
5455,1455,2025-07-01,7.8,73.8,7.6
5456,1455,2025-08-01,8.1,78.4,7.0
5457,1455,2025-09-01,7.4,100.0,7.8
5458,1455,2025-10-01,7.6,76.6,8.2
5459,1455,2025-11-01,8.7,60.8,7.9
5460,1455,2025-12-01,8.5,63.2,7.7
5461,1456,2025-01-01,7.3,81.4,7.7
5462,1456,2025-02-01,7.3,150.0,6.6
5463,1456,2025-03-01,7.1,73.1,8.0
5464,1456,2025-04-01,7.9,66.2,8.2
5465,1456,2025-05-01,8.4,60.3,8.6
5466,1456,2025-06-01,4.8,76.8,6.0
5467,1456,2025-07-01,7.7,80.8,7.8
5468,1456,2025-08-01,5.9,55.1,7.1
5469,1456,2025-09-01,6.8,95.6,8.4
5470,1456,2025-10-01,8.3,81.9,10.0
5471,1456,2025-11-01,7.2,65.7,5.9
5472,1456,2025-12-01,8.0,87.5,7.6
5473,1457,2025-01-01,6.6,71.2,7.0
5474,1457,2025-02-01,7.4,89.8,9.0
5475,1457,2025-03-01,7.7,92.4,6.9
5476,1457,2025-04-01,6.4,76.2,5.5
5477,1457,2025-05-01,9.0,100.0,8.2
5478,1457,2025-06-01,5.5,73.0,5.1
5479,1457,2025-07-01,8.6,74.6,8.5
5480,1457,2025-08-01,8.2,85.7,7.7
5481,1457,2025-09-01,5.0,84.2,6.3
5482,1457,2025-10-01,6.9,50.5,6.1
5483,1457,2025-11-01,5.8,56.7,6.9
5484,1457,2025-12-01,5.1,86.4,4.7
5485,1458,2025-01-01,8.5,87.0,8.4
5486,1458,2025-02-01,9.8,49.3,10.0
5487,1458,2025-03-01,8.2,48.5,6.2
5488,1458,2025-04-01,7.7,66.3,8.8
5489,1458,2025-05-01,7.1,71.7,5.7
5490,1458,2025-06-01,4.1,47.0,3.3
5491,1458,2025-07-01,7.8,62.9,7.6
5492,1458,2025-08-01,7.9,97.3,8.2
5493,1458,2025-09-01,8.2,63.0,7.6
5494,1458,2025-10-01,7.2,72.6,7.1
5495,1458,2025-11-01,6.2,82.7,6.5
5496,1458,2025-12-01,6.1,87.6,7.8
5497,1459,2025-01-01,8.1,62.1,8.6
5498,1459,2025-02-01,7.8,86.3,7.9
5499,1459,2025-03-01,7.7,98.3,7.1
5500,1459,2025-04-01,8.0,64.7,7.5
5501,1459,2025-05-01,7.8,77.2,8.2
5502,1459,2025-06-01,8.3,52.2,9.2
5503,1459,2025-07-01,6.9,68.8,6.6
5504,1459,2025-08-01,6.6,65.3,6.7
5505,1459,2025-09-01,6.6,86.1,5.6
5506,1459,2025-10-01,7.5,63.0,8.2
5507,1459,2025-11-01,6.4,78.0,5.9
5508,1459,2025-12-01,5.8,80.1,6.6
5509,1460,2025-01-01,7.1,51.5,6.1
5510,1460,2025-02-01,7.7,67.1,7.8
5511,1460,2025-03-01,8.9,90.3,8.6
5512,1460,2025-04-01,6.3,54.2,6.4
5513,1460,2025-05-01,8.2,84.3,9.4
5514,1460,2025-06-01,8.1,73.9,8.9
5515,1460,2025-07-01,5.9,66.6,5.1
5516,1460,2025-08-01,8.1,81.9,7.4
5517,1460,2025-09-01,6.5,100.0,6.4
5518,1460,2025-10-01,5.7,85.7,6.2
5519,1460,2025-11-01,7.3,77.9,7.7
5520,1460,2025-12-01,8.9,75.9,9.4
5521,1461,2025-01-01,6.9,55.2,5.4
5522,1461,2025-02-01,7.9,49.0,8.5
5523,1461,2025-03-01,8.1,86.7,8.5
5524,1461,2025-04-01,8.9,90.4,8.2
5525,1461,2025-05-01,10.0,80.2,9.3
5526,1461,2025-06-01,8.9,96.5,8.3
5527,1461,2025-07-01,4.9,59.2,5.0
5528,1461,2025-08-01,7.3,64.3,7.9
5529,1461,2025-09-01,8.3,78.0,9.5
5530,1461,2025-10-01,7.1,91.9,5.7
5531,1461,2025-11-01,6.8,68.2,6.5
5532,1461,2025-12-01,7.9,74.5,5.4
5533,1462,2025-01-01,7.9,74.5,7.8
5534,1462,2025-02-01,7.4,83.4,7.2
5535,1462,2025-03-01,6.7,71.6,5.6
5536,1462,2025-04-01,6.8,90.8,7.3
5537,1462,2025-05-01,6.0,55.2,7.1
5538,1462,2025-06-01,4.8,77.6,4.7
5539,1462,2025-07-01,6.4,83.0,6.1
5540,1462,2025-08-01,7.0,90.8,7.4
5541,1462,2025-09-01,6.6,63.3,8.3
5542,1462,2025-10-01,7.0,85.9,6.6
5543,1462,2025-11-01,5.0,65.3,6.0
5544,1462,2025-12-01,4.6,74.9,4.8
5545,1463,2025-01-01,5.4,60.2,6.2
5546,1463,2025-02-01,9.7,92.9,9.3
5547,1463,2025-03-01,7.0,74.3,7.0
5548,1463,2025-04-01,7.0,88.2,6.4
5549,1463,2025-05-01,6.1,94.5,5.4
5550,1463,2025-06-01,4.6,94.4,5.3
5551,1463,2025-07-01,5.6,81.5,6.9
5552,1463,2025-08-01,7.4,80.6,7.9
5553,1463,2025-09-01,7.4,91.8,7.8
5554,1463,2025-10-01,9.3,89.0,8.7
5555,1463,2025-11-01,5.9,81.7,5.5
5556,1463,2025-12-01,6.6,100.0,5.5
5557,1464,2025-01-01,7.5,66.9,7.3
5558,1464,2025-02-01,8.1,69.1,9.3
5559,1464,2025-03-01,8.9,80.8,9.3
5560,1464,2025-04-01,8.3,150.0,10.0
5561,1464,2025-05-01,6.4,70.1,6.0
5562,1464,2025-06-01,10.0,60.8,10.0
5563,1464,2025-07-01,7.1,79.1,8.3
5564,1464,2025-08-01,5.9,62.4,5.8
5565,1464,2025-09-01,6.1,67.6,4.9
5566,1464,2025-10-01,5.6,51.2,5.3
5567,1464,2025-11-01,4.5,73.1,5.2
5568,1464,2025-12-01,7.7,84.8,8.9
5569,1465,2025-01-01,8.1,78.3,6.4
5570,1465,2025-02-01,8.6,79.9,7.7
5571,1465,2025-03-01,5.6,57.3,6.2
5572,1465,2025-04-01,6.2,69.2,5.6
5573,1465,2025-05-01,6.9,57.4,4.6
5574,1465,2025-06-01,8.6,67.1,9.2
5575,1465,2025-07-01,5.8,70.1,6.3
5576,1465,2025-08-01,6.3,76.2,7.4
5577,1465,2025-09-01,8.6,76.4,8.2
5578,1465,2025-10-01,9.8,83.6,10.0
5579,1465,2025-11-01,7.8,84.8,8.2
5580,1465,2025-12-01,6.4,100.0,6.7
5581,1466,2025-01-01,8.7,88.8,6.6
5582,1466,2025-02-01,7.3,68.1,7.0
5583,1466,2025-03-01,5.6,51.7,6.0
5584,1466,2025-04-01,6.9,70.4,7.4
5585,1466,2025-05-01,8.7,74.2,8.4
5586,1466,2025-06-01,7.9,84.5,8.2
5587,1466,2025-07-01,9.5,64.0,8.3
5588,1466,2025-08-01,6.8,81.7,6.0
5589,1466,2025-09-01,5.9,93.6,5.4
5590,1466,2025-10-01,7.5,100.0,7.4
5591,1466,2025-11-01,7.6,64.7,8.4
5592,1466,2025-12-01,6.5,99.1,6.8
5593,1467,2025-01-01,5.9,52.0,6.2
5594,1467,2025-02-01,6.2,83.1,4.2
5595,1467,2025-03-01,8.2,78.8,8.5
5596,1467,2025-04-01,8.3,89.0,8.0
5597,1467,2025-05-01,7.0,53.1,7.5
5598,1467,2025-06-01,5.9,98.5,4.9
5599,1467,2025-07-01,7.3,77.3,6.8
5600,1467,2025-08-01,8.8,88.2,10.0
5601,1467,2025-09-01,6.6,84.3,5.5
5602,1467,2025-10-01,6.3,44.3,6.7
5603,1467,2025-11-01,9.9,64.1,8.7
5604,1467,2025-12-01,7.8,36.4,7.7
5605,1468,2025-01-01,10.0,100.0,9.1
5606,1468,2025-02-01,6.3,74.1,5.5
5607,1468,2025-03-01,10.0,98.3,10.0
5608,1468,2025-04-01,8.1,87.7,8.6
5609,1468,2025-05-01,8.0,78.6,8.3
5610,1468,2025-06-01,5.7,60.1,3.7
5611,1468,2025-07-01,5.8,81.1,7.0
5612,1468,2025-08-01,6.4,71.3,5.9
5613,1468,2025-09-01,6.9,67.1,7.2
5614,1468,2025-10-01,5.8,81.4,6.4
5615,1468,2025-11-01,9.1,69.2,9.3
5616,1468,2025-12-01,7.7,50.0,7.3
5617,1469,2025-01-01,7.5,93.8,7.2
5618,1469,2025-02-01,5.6,45.8,5.9
5619,1469,2025-03-01,7.3,47.6,8.7
5620,1469,2025-04-01,8.4,79.3,8.7
5621,1469,2025-05-01,9.2,69.3,8.8
5622,1469,2025-06-01,7.9,87.3,6.7
5623,1469,2025-07-01,6.8,87.4,6.9
5624,1469,2025-08-01,8.7,95.1,8.5
5625,1469,2025-09-01,7.5,78.1,7.7
5626,1469,2025-10-01,7.9,92.9,5.7
5627,1469,2025-11-01,5.4,59.0,5.1
5628,1469,2025-12-01,8.3,61.3,8.6
5629,1470,2025-01-01,5.6,81.9,6.2
5630,1470,2025-02-01,5.3,72.8,6.0
5631,1470,2025-03-01,,54.5,7.1
5632,1470,2025-04-01,6.7,78.8,7.8
5633,1470,2025-05-01,5.9,99.8,7.3
5634,1470,2025-06-01,7.5,66.3,7.6
5635,1470,2025-07-01,8.1,68.5,8.4
5636,1470,2025-08-01,6.7,94.5,7.4
5637,1470,2025-09-01,9.0,77.2,9.9
5638,1470,2025-10-01,7.0,83.0,7.7
5639,1470,2025-11-01,6.7,97.0,7.4
5640,1470,2025-12-01,7.8,70.1,8.8
5641,1471,2025-01-01,5.2,77.8,7.0
5642,1471,2025-02-01,8.5,65.6,9.7
5643,1471,2025-03-01,5.1,30.0,5.4
5644,1471,2025-04-01,5.9,67.2,4.4
5645,1471,2025-05-01,8.1,64.1,8.3
5646,1471,2025-06-01,6.5,71.6,5.2
5647,1471,2025-07-01,8.6,77.9,9.4
5648,1471,2025-08-01,5.6,72.8,8.2
5649,1471,2025-09-01,9.5,53.0,9.4
5650,1471,2025-10-01,6.0,92.4,4.8
5651,1471,2025-11-01,4.7,67.5,5.1
5652,1471,2025-12-01,8.0,93.4,6.3
5653,1472,2025-01-01,7.1,70.6,7.9
5654,1472,2025-02-01,8.2,91.1,8.4
5655,1472,2025-03-01,6.8,64.6,6.4
5656,1472,2025-04-01,5.0,72.2,6.3
5657,1472,2025-05-01,6.3,87.7,6.6
5658,1472,2025-06-01,9.6,70.2,8.7
5659,1472,2025-07-01,7.2,54.8,6.3
5660,1472,2025-08-01,6.5,83.4,6.5
5661,1472,2025-09-01,7.2,81.6,9.0
5662,1472,2025-10-01,6.4,87.5,5.8
5663,1472,2025-11-01,8.2,65.5,7.0
5664,1472,2025-12-01,7.3,75.9,6.3
5665,1473,2025-01-01,9.3,49.7,9.9
5666,1473,2025-02-01,7.2,67.4,5.3
5667,1473,2025-03-01,7.4,60.8,8.3
5668,1473,2025-04-01,8.5,92.5,9.6
5669,1473,2025-05-01,6.5,79.3,7.1
5670,1473,2025-06-01,6.3,81.9,6.7
5671,1473,2025-07-01,9.5,84.9,8.2
5672,1473,2025-08-01,7.5,88.9,8.6
5673,1473,2025-09-01,6.9,66.1,7.8
5674,1473,2025-10-01,7.0,52.7,7.1
5675,1473,2025-11-01,9.3,52.0,9.0
5676,1473,2025-12-01,3.8,82.7,4.1
5677,1474,2025-01-01,8.2,94.5,9.1
5678,1474,2025-02-01,7.1,81.1,7.1
5679,1474,2025-03-01,8.0,66.3,8.4
5680,1474,2025-04-01,10.0,61.5,10.0
5681,1474,2025-05-01,5.7,68.0,4.6
5682,1474,2025-06-01,8.5,61.7,9.7
5683,1474,2025-07-01,6.6,85.6,5.3
5684,1474,2025-08-01,7.5,68.4,8.7
5685,1474,2025-09-01,5.1,67.8,5.7
5686,1474,2025-10-01,8.8,49.4,9.1
5687,1474,2025-11-01,6.8,54.4,5.3
5688,1474,2025-12-01,7.8,78.5,8.6
5689,1475,2025-01-01,8.5,66.0,9.0
5690,1475,2025-02-01,6.2,52.5,7.4
5691,1475,2025-03-01,5.5,64.6,4.7
5692,1475,2025-04-01,6.7,68.7,6.1
5693,1475,2025-05-01,6.5,62.0,6.6
5694,1475,2025-06-01,7.6,93.5,7.0
5695,1475,2025-07-01,7.8,81.0,8.7
5696,1475,2025-08-01,7.4,97.7,9.1
5697,1475,2025-09-01,6.5,56.0,6.9
5698,1475,2025-10-01,5.1,84.4,6.0
5699,1475,2025-11-01,5.6,82.1,5.2
5700,1475,2025-12-01,5.7,83.6,6.3
5701,1476,2025-01-01,6.6,75.5,6.0
5702,1476,2025-02-01,5.3,73.1,5.8
5703,1476,2025-03-01,8.0,73.7,7.7
5704,1476,2025-04-01,7.6,56.4,6.3
5705,1476,2025-05-01,6.5,72.1,7.5
5706,1476,2025-06-01,6.3,79.7,6.2
5707,1476,2025-07-01,8.4,78.1,8.4
5708,1476,2025-08-01,,93.2,5.3
5709,1476,2025-09-01,9.7,77.6,9.4
5710,1476,2025-10-01,9.3,74.2,10.0
5711,1476,2025-11-01,4.6,74.7,5.1
5712,1476,2025-12-01,6.2,85.7,8.0
5713,1477,2025-01-01,9.8,88.5,10.0
5714,1477,2025-02-01,7.2,70.0,7.8
5715,1477,2025-03-01,6.5,73.9,4.8
5716,1477,2025-04-01,6.6,87.3,5.7
5717,1477,2025-05-01,7.0,96.6,8.6
5718,1477,2025-06-01,7.2,50.7,5.9
5719,1477,2025-07-01,8.5,77.6,8.4
5720,1477,2025-08-01,7.5,79.4,7.5
5721,1477,2025-09-01,10.0,79.7,9.9
5722,1477,2025-10-01,5.8,78.8,5.5
5723,1477,2025-11-01,7.5,60.6,6.6
5724,1477,2025-12-01,6.3,71.5,6.7
5725,1478,2025-01-01,7.4,78.1,7.0
5726,1478,2025-02-01,6.4,85.0,7.1
5727,1478,2025-03-01,7.3,70.6,5.6
5728,1478,2025-04-01,7.9,78.0,7.0
5729,1478,2025-05-01,7.0,81.8,8.7
5730,1478,2025-06-01,9.3,86.9,9.1
5731,1478,2025-07-01,7.8,83.4,9.7
5732,1478,2025-08-01,7.4,76.7,7.3
5733,1478,2025-09-01,5.5,71.9,4.5
5734,1478,2025-10-01,6.9,63.5,6.2
5735,1478,2025-11-01,7.1,91.4,7.2
5736,1478,2025-12-01,7.6,95.7,7.9
5737,1479,2025-01-01,8.2,90.7,8.0
5738,1479,2025-02-01,6.5,65.0,6.9
5739,1479,2025-03-01,5.0,100.0,4.4
5740,1479,2025-04-01,6.3,72.7,6.8
5741,1479,2025-05-01,5.7,80.0,4.0
5742,1479,2025-06-01,7.4,85.8,7.9
5743,1479,2025-07-01,6.0,50.2,5.4
5744,1479,2025-08-01,9.5,76.1,10.0
5745,1479,2025-09-01,5.9,93.5,5.8
5746,1479,2025-10-01,9.2,57.0,8.1
5747,1479,2025-11-01,7.2,69.4,7.3
5748,1479,2025-12-01,6.1,47.1,6.4
5749,1480,2025-01-01,7.2,73.4,5.9
5750,1480,2025-02-01,6.8,68.5,7.1
5751,1480,2025-03-01,9.3,65.7,8.6
5752,1480,2025-04-01,5.4,68.6,4.7
5753,1480,2025-05-01,4.7,73.4,3.9
5754,1480,2025-06-01,8.0,58.5,7.2
5755,1480,2025-07-01,6.3,87.4,6.2
5756,1480,2025-08-01,5.7,93.3,6.4
5757,1480,2025-09-01,9.7,73.7,10.0
5758,1480,2025-10-01,4.4,72.1,4.2
5759,1480,2025-11-01,6.0,95.5,5.9
5760,1480,2025-12-01,7.0,76.0,6.7
5761,1481,2025-01-01,7.8,84.0,8.3
5762,1481,2025-02-01,4.4,82.9,2.3
5763,1481,2025-03-01,5.1,82.7,5.2
5764,1481,2025-04-01,6.4,81.8,6.0
5765,1481,2025-05-01,7.2,58.1,6.3
5766,1481,2025-06-01,9.0,90.5,8.2
5767,1481,2025-07-01,5.6,73.1,6.7
5768,1481,2025-08-01,5.0,74.8,6.3
5769,1481,2025-09-01,5.6,49.0,5.4
5770,1481,2025-10-01,5.2,73.4,5.1
5771,1481,2025-11-01,,72.0,5.8
5772,1481,2025-12-01,7.2,88.1,8.8
5773,1482,2025-01-01,7.9,52.8,7.2
5774,1482,2025-02-01,7.7,58.4,7.9
5775,1482,2025-03-01,5.7,64.8,5.7
5776,1482,2025-04-01,8.2,85.4,8.5
5777,1482,2025-05-01,7.0,68.7,7.7
5778,1482,2025-06-01,7.4,85.3,6.5
5779,1482,2025-07-01,6.5,75.2,6.4
5780,1482,2025-08-01,6.4,83.9,6.5
5781,1482,2025-09-01,10.0,61.8,10.0
5782,1482,2025-10-01,6.7,54.4,8.2
5783,1482,2025-11-01,7.7,68.8,7.0
5784,1482,2025-12-01,10.0,73.6,9.8
5785,1483,2025-01-01,6.5,76.6,7.1
5786,1483,2025-02-01,8.5,69.8,10.0
5787,1483,2025-03-01,6.1,75.3,6.1
5788,1483,2025-04-01,6.5,76.7,5.4
5789,1483,2025-05-01,5.5,54.5,5.0
5790,1483,2025-06-01,5.5,77.1,6.8
5791,1483,2025-07-01,6.1,94.6,5.3
5792,1483,2025-08-01,8.1,68.9,7.7
5793,1483,2025-09-01,7.4,71.0,8.5
5794,1483,2025-10-01,3.3,95.9,4.1
5795,1483,2025-11-01,7.8,59.9,6.8
5796,1483,2025-12-01,6.1,42.8,5.5
5797,1484,2025-01-01,5.7,79.4,4.7
5798,1484,2025-02-01,9.0,74.4,9.4
5799,1484,2025-03-01,9.0,79.1,10.0
5800,1484,2025-04-01,7.9,57.4,8.0
5801,1484,2025-05-01,7.8,62.3,8.9
5802,1484,2025-06-01,6.7,72.5,6.3
5803,1484,2025-07-01,9.1,72.0,9.9
5804,1484,2025-08-01,7.2,72.6,7.3
5805,1484,2025-09-01,5.9,58.3,5.3
5806,1484,2025-10-01,9.8,79.4,9.9
5807,1484,2025-11-01,7.9,63.3,7.8
5808,1484,2025-12-01,6.6,75.5,7.4
5809,1485,2025-01-01,8.2,95.9,9.6
5810,1485,2025-02-01,7.4,88.7,8.3
5811,1485,2025-03-01,8.8,82.8,9.6
5812,1485,2025-04-01,6.8,73.6,6.6
5813,1485,2025-05-01,8.9,82.2,7.9
5814,1485,2025-06-01,6.9,78.5,6.4
5815,1485,2025-07-01,6.8,52.8,8.6
5816,1485,2025-08-01,6.4,68.4,8.4
5817,1485,2025-09-01,6.0,71.1,5.0
5818,1485,2025-10-01,9.8,78.2,10.0
5819,1485,2025-11-01,8.9,79.3,10.0
5820,1485,2025-12-01,8.1,79.8,8.5
5821,1486,2025-01-01,7.9,79.5,7.1
5822,1486,2025-02-01,6.6,75.7,6.8
5823,1486,2025-03-01,8.2,57.6,8.9
5824,1486,2025-04-01,6.3,71.2,4.9
5825,1486,2025-05-01,8.9,80.7,10.0
5826,1486,2025-06-01,7.7,68.0,6.0
5827,1486,2025-07-01,5.9,66.4,6.5
5828,1486,2025-08-01,6.7,100.0,8.4
5829,1486,2025-09-01,7.7,93.1,7.5
5830,1486,2025-10-01,7.2,93.8,6.9
5831,1486,2025-11-01,8.3,61.9,5.4
5832,1486,2025-12-01,7.8,59.3,7.7
5833,1487,2025-01-01,8.3,86.6,6.3
5834,1487,2025-02-01,7.9,65.8,8.6
5835,1487,2025-03-01,6.1,62.9,5.9
5836,1487,2025-04-01,6.6,72.5,6.5
5837,1487,2025-05-01,8.4,74.6,8.5
5838,1487,2025-06-01,9.3,73.6,10.0
5839,1487,2025-07-01,7.5,92.5,6.4
5840,1487,2025-08-01,6.1,87.9,5.0
5841,1487,2025-09-01,5.3,76.7,6.8
5842,1487,2025-10-01,6.5,77.5,7.9
5843,1487,2025-11-01,6.6,46.6,5.6
5844,1487,2025-12-01,9.0,62.5,8.5
5845,1488,2025-01-01,9.2,69.0,8.5
5846,1488,2025-02-01,7.7,50.9,8.2
5847,1488,2025-03-01,6.1,98.6,6.8
5848,1488,2025-04-01,8.1,81.7,9.9
5849,1488,2025-05-01,6.0,70.1,6.5
5850,1488,2025-06-01,4.6,81.4,3.6
5851,1488,2025-07-01,8.4,80.7,9.7
5852,1488,2025-08-01,9.0,74.2,6.8
5853,1488,2025-09-01,8.3,67.6,8.6
5854,1488,2025-10-01,4.6,79.6,4.2
5855,1488,2025-11-01,7.6,78.4,6.0
5856,1488,2025-12-01,7.5,84.2,8.0
5857,1489,2025-01-01,5.3,50.7,4.5
5858,1489,2025-02-01,7.3,85.9,6.4
5859,1489,2025-03-01,8.0,58.6,7.0
5860,1489,2025-04-01,9.0,73.6,9.0
5861,1489,2025-05-01,5.8,69.2,4.8
5862,1489,2025-06-01,4.6,88.5,3.8
5863,1489,2025-07-01,7.2,53.8,9.0
5864,1489,2025-08-01,6.6,65.7,6.7
5865,1489,2025-09-01,7.6,88.5,7.8
5866,1489,2025-10-01,5.0,85.0,5.3
5867,1489,2025-11-01,9.5,72.0,8.0
5868,1489,2025-12-01,6.5,89.3,5.3
5869,1490,2025-01-01,8.6,46.9,9.8
5870,1490,2025-02-01,6.1,85.1,6.6
5871,1490,2025-03-01,7.6,85.0,7.2
5872,1490,2025-04-01,6.3,59.1,4.9
5873,1490,2025-05-01,7.3,60.0,8.5
5874,1490,2025-06-01,8.5,69.4,10.0
5875,1490,2025-07-01,9.9,71.3,8.5
5876,1490,2025-08-01,8.1,91.8,8.5
5877,1490,2025-09-01,6.5,66.6,7.0
5878,1490,2025-10-01,8.9,59.4,9.9
5879,1490,2025-11-01,7.2,84.2,8.3
5880,1490,2025-12-01,9.1,83.1,8.2
5881,1491,2025-01-01,10.0,50.8,9.3
5882,1491,2025-02-01,6.4,64.6,6.1
5883,1491,2025-03-01,8.0,86.8,9.3
5884,1491,2025-04-01,7.1,71.7,6.0
5885,1491,2025-05-01,7.5,90.1,7.1
5886,1491,2025-06-01,9.2,88.3,6.9
5887,1491,2025-07-01,6.8,93.7,7.5
5888,1491,2025-08-01,6.9,70.5,7.1
5889,1491,2025-09-01,6.2,68.3,6.7
5890,1491,2025-10-01,5.9,75.9,6.6
5891,1491,2025-11-01,5.6,75.4,8.4
5892,1491,2025-12-01,5.5,65.9,3.7
5893,1492,2025-01-01,4.7,92.5,5.1
5894,1492,2025-02-01,6.7,73.7,6.2
5895,1492,2025-03-01,7.3,79.7,9.1
5896,1492,2025-04-01,5.8,91.2,4.7
5897,1492,2025-05-01,7.9,96.2,8.3
5898,1492,2025-06-01,6.2,66.8,6.2
5899,1492,2025-07-01,5.8,54.8,6.3
5900,1492,2025-08-01,4.7,94.3,6.6
5901,1492,2025-09-01,9.2,86.5,10.0
5902,1492,2025-10-01,5.7,62.4,5.0
5903,1492,2025-11-01,7.6,55.9,8.4
5904,1492,2025-12-01,7.6,76.2,8.3
5905,1493,2025-01-01,6.3,88.8,6.6
5906,1493,2025-02-01,6.2,62.9,5.9
5907,1493,2025-03-01,9.7,68.9,8.1
5908,1493,2025-04-01,8.4,97.9,7.7
5909,1493,2025-05-01,8.4,85.6,10.0
5910,1493,2025-06-01,5.5,68.4,7.0
5911,1493,2025-07-01,8.0,86.0,8.7
5912,1493,2025-08-01,4.8,68.8,4.4
5913,1493,2025-09-01,8.2,71.4,7.7
5914,1493,2025-10-01,8.3,88.6,7.9
5915,1493,2025-11-01,7.1,73.3,7.6
5916,1493,2025-12-01,9.6,78.8,9.1
5917,1494,2025-01-01,8.0,78.7,7.7
5918,1494,2025-02-01,8.2,95.9,7.7
5919,1494,2025-03-01,6.8,61.7,7.0
5920,1494,2025-04-01,7.8,72.9,8.7
5921,1494,2025-05-01,9.1,65.9,8.7
5922,1494,2025-06-01,6.3,100.0,4.8
5923,1494,2025-07-01,6.4,56.6,7.2
5924,1494,2025-08-01,6.6,80.1,6.2
5925,1494,2025-09-01,8.0,40.9,6.3
5926,1494,2025-10-01,8.5,81.3,9.4
5927,1494,2025-11-01,7.3,74.8,6.9
5928,1494,2025-12-01,7.2,56.0,7.8
5929,1495,2025-01-01,8.3,84.7,9.0
5930,1495,2025-02-01,6.5,61.8,4.6
5931,1495,2025-03-01,8.0,71.8,6.8
5932,1495,2025-04-01,6.2,56.2,6.8
5933,1495,2025-05-01,5.2,76.6,5.0
5934,1495,2025-06-01,8.2,85.9,8.2
5935,1495,2025-07-01,6.8,54.7,7.2
5936,1495,2025-08-01,7.9,74.5,7.8
5937,1495,2025-09-01,7.1,79.3,6.9
5938,1495,2025-10-01,7.3,64.0,7.3
5939,1495,2025-11-01,9.3,82.6,10.0
5940,1495,2025-12-01,8.3,63.6,8.4
5941,1496,2025-01-01,8.9,92.2,8.1
5942,1496,2025-02-01,5.4,68.4,5.1
5943,1496,2025-03-01,6.3,49.2,6.7
5944,1496,2025-04-01,6.8,50.2,6.8
5945,1496,2025-05-01,8.1,74.0,9.2
5946,1496,2025-06-01,9.0,57.5,6.4
5947,1496,2025-07-01,7.0,55.3,8.5
5948,1496,2025-08-01,7.5,82.3,7.0
5949,1496,2025-09-01,10.0,85.1,9.4
5950,1496,2025-10-01,7.7,93.9,9.6
5951,1496,2025-11-01,6.8,53.7,6.4
5952,1496,2025-12-01,9.6,51.9,9.1
5953,1497,2025-01-01,8.2,71.2,8.2
5954,1497,2025-02-01,10.0,52.8,10.0
5955,1497,2025-03-01,9.2,69.9,8.3
5956,1497,2025-04-01,6.7,64.8,7.3
5957,1497,2025-05-01,6.7,60.5,7.9
5958,1497,2025-06-01,6.6,63.8,6.1
5959,1497,2025-07-01,7.4,63.5,8.5
5960,1497,2025-08-01,8.0,83.7,8.0
5961,1497,2025-09-01,10.0,90.4,10.0
5962,1497,2025-10-01,6.2,77.0,5.4
5963,1497,2025-11-01,8.1,41.6,9.0
5964,1497,2025-12-01,5.3,63.5,5.3
5965,1498,2025-01-01,5.7,88.7,5.3
5966,1498,2025-02-01,7.9,81.3,8.7
5967,1498,2025-03-01,9.0,77.0,7.1
5968,1498,2025-04-01,7.8,78.1,9.8
5969,1498,2025-05-01,5.1,95.4,4.9
5970,1498,2025-06-01,6.9,61.2,7.0
5971,1498,2025-07-01,10.0,100.0,9.3
5972,1498,2025-08-01,4.4,96.0,5.2
5973,1498,2025-09-01,9.3,84.7,10.0
5974,1498,2025-10-01,7.9,94.3,7.3
5975,1498,2025-11-01,9.6,65.1,9.3
5976,1498,2025-12-01,4.7,77.2,4.9
5977,1499,2025-01-01,7.7,88.5,5.0
5978,1499,2025-02-01,5.2,71.8,5.2
5979,1499,2025-03-01,5.8,64.3,7.0
5980,1499,2025-04-01,9.1,65.4,9.3
5981,1499,2025-05-01,7.8,69.8,7.9
5982,1499,2025-06-01,6.8,86.4,6.6
5983,1499,2025-07-01,6.8,75.3,6.0
5984,1499,2025-08-01,6.7,58.8,7.2
5985,1499,2025-09-01,6.2,68.2,6.2
5986,1499,2025-10-01,7.7,64.8,9.1
5987,1499,2025-11-01,7.5,77.9,7.6
5988,1499,2025-12-01,5.6,92.6,6.9
5989,1500,2025-01-01,8.7,54.0,7.9
5990,1500,2025-02-01,7.8,59.5,6.8
5991,1500,2025-03-01,7.6,80.5,7.3
5992,1500,2025-04-01,7.3,100.0,6.0
5993,1500,2025-05-01,9.7,82.6,10.0
5994,1500,2025-06-01,6.0,63.0,6.1
5995,1500,2025-07-01,5.3,81.4,4.8
5996,1500,2025-08-01,7.8,100.0,6.7
5997,1500,2025-09-01,7.8,100.0,8.4
5998,1500,2025-10-01,7.2,100.0,6.1
5999,1500,2025-11-01,4.4,52.3,4.5
6000,1500,2025-12-01,6.0,82.8,5.8
6,1001,2025-06-01,7.0,72.5,7.7
106,1009,2025-10-01,7.6,76.7,7.4
1006,1084,2025-10-01,,67.6,8.1
