Leave_ID,Employee_ID,Leave_Date,Leave_Type,Leave_Days,Approval_Status,Leave_Year,Leave_Month,Leave_Month_Name
1,1006,2025-03-19,Casual Leave,3,Approved,2025,3,March
2,1266,2025-03-18,Sick Leave,2,Approved,2025,3,March
3,1157,2025-05-06,Earned Leave,3,Approved,2025,5,May
4,1378,2025-10-03,Casual Leave,1,Pending,2025,10,October
5,1044,2025-01-28,Sick Leave,1,Pending,2025,1,January
6,1372,2025-11-05,Earned Leave,1,Approved,2025,11,November
7,1186,2025-12-19,Emergency Leave,2,Approved,2025,12,December
8,1200,2025-10-29,Casual Leave,1,Approved,2025,10,October
9,1149,2025-09-21,Sick Leave,1,Approved,2025,9,September
10,1094,2025-04-04,Sick Leave,1,Rejected,2025,4,April
11,1444,2025-01-16,Emergency Leave,1,Approved,2025,1,January
12,1286,2025-06-28,Emergency Leave,1,Approved,2025,6,June
13,1431,2025-11-26,Casual Leave,1,Approved,2025,11,November
14,1148,2025-03-04,Emergency Leave,3,Approved,2025,3,March
15,1301,2025-07-01,Sick Leave,1,Approved,2025,7,July
16,1115,2025-09-03,Sick Leave,1,Approved,2025,9,September
17,1491,2025-09-17,Emergency Leave,1,Approved,2025,9,September
18,1131,2025-06-24,Earned Leave,1,Approved,2025,6,June
19,1099,2025-05-06,Earned Leave,2,Approved,2025,5,May
20,1458,2025-03-20,Earned Leave,1,Approved,2025,3,March
21,1380,2025-10-30,Sick Leave,1,Approved,2025,10,October
22,1486,2025-06-27,Earned Leave,2,Approved,2025,6,June
23,1062,2025-11-24,Sick Leave,1,Approved,2025,11,November
24,1426,2025-08-19,Casual Leave,1,Approved,2025,8,August
25,1300,2025-07-07,Casual Leave,1,Approved,2025,7,July
26,1337,2025-10-07,Emergency Leave,2,Approved,2025,10,October
27,1445,2025-05-12,Casual Leave,3,Approved,2025,5,May
28,1274,2025-10-04,Emergency Leave,1,Approved,2025,10,October
29,1484,2025-07-04,Earned Leave,2,Approved,2025,7,July
30,1459,2025-10-17,Casual Leave,1,Approved,2025,10,October
31,1251,2025-04-05,Emergency Leave,1,Approved,2025,4,April
32,1272,2025-04-27,Sick Leave,3,Approved,2025,4,April
33,1218,2025-03-04,Earned Leave,1,Rejected,2025,3,March
34,1485,2025-06-14,Emergency Leave,1,Approved,2025,6,June
35,1427,2025-02-02,Casual Leave,1,Pending,2025,2,February
36,1376,2025-12-22,Earned Leave,1,Approved,2025,12,December
37,1117,2025-07-16,Sick Leave,2,Approved,2025,7,July
38,1071,2025-09-09,Sick Leave,3,Rejected,2025,9,September
39,1398,2025-05-21,Earned Leave,2,Approved,2025,5,May
40,1173,2025-05-15,Earned Leave,1,Approved,2025,5,May
41,1274,2025-10-04,Emergency Leave,2,Rejected,2025,10,October
42,1454,2025-11-01,Casual Leave,1,Approved,2025,11,November
43,1458,2025-02-04,Sick Leave,1,Approved,2025,2,February
44,1080,2025-10-04,Emergency Leave,1,Rejected,2025,10,October
45,1427,2025-05-01,Earned Leave,1,Approved,2025,5,May
46,1088,2025-03-26,Casual Leave,1,Approved,2025,3,March
47,1032,2025-09-23,Earned Leave,2,Approved,2025,9,September
48,1347,2025-11-17,Emergency Leave,1,Approved,2025,11,November
49,1345,2025-09-07,Emergency Leave,1,Approved,2025,9,September
50,1063,2025-08-09,Emergency Leave,1,Approved,2025,8,August
51,1092,2025-08-21,Earned Leave,1,Approved,2025,8,August
52,1340,2025-11-06,Casual Leave,1,Approved,2025,11,November
53,1401,2025-12-08,Emergency Leave,1,Approved,2025,12,December
54,1200,2025-02-06,Emergency Leave,1,Approved,2025,2,February
55,1228,2025-09-29,Emergency Leave,1,Approved,2025,9,September
56,1339,2025-04-15,Earned Leave,1,Approved,2025,4,April
57,1026,2025-09-23,Sick Leave,1,Approved,2025,9,September
58,1244,2025-02-20,Sick Leave,2,Approved,2025,2,February
59,1023,2025-04-01,Casual Leave,1,Approved,2025,4,April
60,1433,2025-08-02,Emergency Leave,1,Rejected,2025,8,August
61,1432,2025-02-04,Earned Leave,2,Approved,2025,2,February
62,1436,2025-04-02,Sick Leave,1,Approved,2025,4,April
63,1359,2025-08-21,Earned Leave,1,Pending,2025,8,August
64,1004,2025-09-18,Sick Leave,1,Approved,2025,9,September
65,1447,2025-03-04,Casual Leave,1,Rejected,2025,3,March
66,1084,2025-04-25,Sick Leave,1,Approved,2025,4,April
67,1362,2025-08-23,Emergency Leave,1,Approved,2025,8,August
68,1393,2025-10-03,Casual Leave,2,Rejected,2025,10,October
69,1481,2025-04-16,Earned Leave,1,Approved,2025,4,April
70,1320,2025-12-26,Emergency Leave,1,Approved,2025,12,December
71,1481,2025-07-17,Earned Leave,2,Approved,2025,7,July
72,1009,2025-07-02,Sick Leave,2,Pending,2025,7,July
73,1005,2025-06-24,Earned Leave,1,Approved,2025,6,June
74,1497,2025-10-22,Casual Leave,2,Approved,2025,10,October
75,1286,2025-02-24,Emergency Leave,3,Approved,2025,2,February
76,1436,2025-08-02,Sick Leave,1,Approved,2025,8,August
77,1113,2025-09-02,Sick Leave,1,Approved,2025,9,September
78,1491,2025-11-13,Earned Leave,1,Pending,2025,11,November
79,1352,2025-05-12,Earned Leave,1,Approved,2025,5,May
80,1399,2025-10-23,Emergency Leave,1,Approved,2025,10,October
81,1415,2025-04-30,Casual Leave,1,Rejected,2025,4,April
82,1072,2025-07-29,Sick Leave,1,Approved,2025,7,July
83,1442,2025-06-21,Sick Leave,1,Approved,2025,6,June
84,1043,2025-04-30,Earned Leave,1,Rejected,2025,4,April
85,1440,2025-10-02,Sick Leave,1,Approved,2025,10,October
86,1382,2025-12-23,Emergency Leave,1,Approved,2025,12,December
87,1272,2025-12-03,Casual Leave,3,Approved,2025,12,December
88,1178,2025-09-19,Sick Leave,1,Rejected,2025,9,September
89,1486,2025-01-30,Earned Leave,2,Approved,2025,1,January
90,1147,2025-06-21,Earned Leave,1,Approved,2025,6,June
91,1077,2025-04-13,Casual Leave,1,Approved,2025,4,April
92,1241,2025-11-01,Unknown,2,Approved,2025,11,November
93,1461,2025-02-11,Casual Leave,2,Approved,2025,2,February
94,1440,2025-11-20,Earned Leave,1,Approved,2025,11,November
95,1281,2025-12-20,Earned Leave,1,Approved,2025,12,December
96,1471,2025-12-23,Earned Leave,1,Approved,2025,12,December
97,1277,2025-01-18,Emergency Leave,3,Approved,2025,1,January
98,1062,2025-01-19,Emergency Leave,1,Approved,2025,1,January
99,1116,2025-03-27,Earned Leave,1,Rejected,2025,3,March
100,1395,2025-07-18,Earned Leave,1,Rejected,2025,7,July
101,1087,2025-07-13,Casual Leave,1,Approved,2025,7,July
102,1009,2025-01-12,Earned Leave,1,Approved,2025,1,January
103,1216,2025-12-29,Earned Leave,1,Approved,2025,12,December
104,1072,2025-03-30,Emergency Leave,2,Pending,2025,3,March
105,1314,2025-11-01,Emergency Leave,1,Approved,2025,11,November
106,1134,2025-03-25,Sick Leave,2,Rejected,2025,3,March
107,1241,2025-11-02,Sick Leave,1,Approved,2025,11,November
108,1345,2025-07-21,Casual Leave,1,Approved,2025,7,July
109,1397,2025-05-07,Casual Leave,3,Approved,2025,5,May
110,1106,2025-01-10,Sick Leave,3,Approved,2025,1,January
111,1198,2025-01-24,Earned Leave,1,Pending,2025,1,January
112,1050,2025-10-06,Emergency Leave,1,Approved,2025,10,October
113,1376,2025-07-09,Sick Leave,3,Approved,2025,7,July
114,1067,2025-07-24,Earned Leave,1,Approved,2025,7,July
115,1028,2025-02-23,Sick Leave,1,Approved,2025,2,February
116,1285,2025-10-01,Earned Leave,2,Pending,2025,10,October
117,1170,2025-05-27,Emergency Leave,1,Pending,2025,5,May
118,1356,2025-08-30,Sick Leave,1,Approved,2025,8,August
119,1093,2025-12-09,Earned Leave,1,Pending,2025,12,December
120,1437,2025-12-03,Emergency Leave,1,Approved,2025,12,December
121,1257,2025-09-28,Sick Leave,1,Approved,2025,9,September
122,1264,2025-07-10,Sick Leave,1,Approved,2025,7,July
123,1126,2025-12-25,Sick Leave,1,Pending,2025,12,December
124,1180,2025-08-11,Earned Leave,1,Pending,2025,8,August
125,1226,2025-10-07,Sick Leave,2,Approved,2025,10,October
126,1355,2025-01-17,Sick Leave,1,Approved,2025,1,January
127,1426,2025-01-21,Casual Leave,1,Approved,2025,1,January
128,1240,2025-07-25,Emergency Leave,2,Approved,2025,7,July
129,1312,2025-06-03,Emergency Leave,1,Approved,2025,6,June
130,1495,2025-11-30,Emergency Leave,1,Approved,2025,11,November
131,1441,2025-07-19,Emergency Leave,1,Approved,2025,7,July
132,1332,2025-06-14,Emergency Leave,1,Approved,2025,6,June
133,1405,2025-01-10,Earned Leave,1,Approved,2025,1,January
134,1292,2025-06-24,Earned Leave,2,Approved,2025,6,June
135,1491,2025-03-12,Emergency Leave,1,Approved,2025,3,March
136,1081,2025-05-09,Casual Leave,1,Approved,2025,5,May
137,1292,2025-03-06,Emergency Leave,1,Approved,2025,3,March
138,1361,2025-07-24,Emergency Leave,2,Approved,2025,7,July
139,1080,2025-04-14,Earned Leave,1,Approved,2025,4,April
140,1178,2025-04-06,Emergency Leave,2,Approved,2025,4,April
141,1470,2025-10-06,Earned Leave,1,Approved,2025,10,October
142,1060,2025-12-17,Earned Leave,1,Approved,2025,12,December
143,1135,2025-11-25,Earned Leave,1,Approved,2025,11,November
144,1464,2025-11-06,Earned Leave,2,Approved,2025,11,November
145,1165,2025-06-08,Emergency Leave,2,Approved,2025,6,June
146,1463,2025-11-23,Emergency Leave,1,Approved,2025,11,November
147,1338,2025-04-12,Sick Leave,1,Approved,2025,4,April
148,1452,2025-07-03,Emergency Leave,1,Approved,2025,7,July
149,1173,2025-04-18,Earned Leave,1,Rejected,2025,4,April
150,1101,2025-03-06,Sick Leave,1,Approved,2025,3,March
151,1258,2025-02-15,Casual Leave,1,Approved,2025,2,February
152,1224,2025-01-06,Emergency Leave,2,Approved,2025,1,January
153,1366,2025-09-24,Earned Leave,1,Approved,2025,9,September
154,1151,2025-12-30,Sick Leave,1,Approved,2025,12,December
155,1411,2025-10-29,Sick Leave,2,Approved,2025,10,October
156,1335,2025-04-25,Earned Leave,1,Rejected,2025,4,April
157,1072,2025-06-28,Casual Leave,2,Approved,2025,6,June
158,1310,2025-04-15,Earned Leave,1,Approved,2025,4,April
159,1092,2025-04-28,Sick Leave,1,Approved,2025,4,April
160,1046,2025-03-08,Casual Leave,2,Approved,2025,3,March
161,1364,2025-06-23,Earned Leave,1,Approved,2025,6,June
162,1463,2025-05-14,Casual Leave,1,Pending,2025,5,May
163,1332,2025-11-09,Casual Leave,1,Approved,2025,11,November
164,1109,2025-09-20,Casual Leave,1,Approved,2025,9,September
165,1226,2025-06-03,Casual Leave,1,Pending,2025,6,June
166,1364,2025-11-15,Sick Leave,1,Approved,2025,11,November
167,1024,2025-12-28,Casual Leave,1,Approved,2025,12,December
168,1246,2025-04-16,Emergency Leave,1,Approved,2025,4,April
169,1344,2025-08-19,Earned Leave,2,Approved,2025,8,August
170,1084,2025-08-09,Earned Leave,2,Approved,2025,8,August
171,1164,2025-08-05,Sick Leave,2,Approved,2025,8,August
172,1215,2025-08-31,Casual Leave,1,Approved,2025,8,August
173,1026,2025-01-28,Emergency Leave,1,Pending,2025,1,January
174,1060,2025-11-17,Sick Leave,1,Approved,2025,11,November
175,1332,2025-06-02,Sick Leave,1,Approved,2025,6,June
176,1275,2025-03-15,Emergency Leave,1,Pending,2025,3,March
177,1063,2025-12-12,Earned Leave,1,Pending,2025,12,December
178,1160,2025-08-28,Emergency Leave,1,Approved,2025,8,August
179,1207,2025-09-04,Emergency Leave,1,Approved,2025,9,September
180,1280,2025-09-02,Casual Leave,1,Approved,2025,9,September
181,1442,2025-02-14,Emergency Leave,2,Approved,2025,2,February
182,1174,2025-06-14,Earned Leave,1,Approved,2025,6,June
183,1342,2025-05-20,Casual Leave,1,Rejected,2025,5,May
184,1057,2025-04-14,Casual Leave,2,Approved,2025,4,April
185,1424,2025-07-08,Earned Leave,2,Approved,2025,7,July
186,1341,2025-12-29,Earned Leave,2,Rejected,2025,12,December
187,1346,2025-10-20,Emergency Leave,1,Approved,2025,10,October
188,1289,2025-12-12,Sick Leave,1,Approved,2025,12,December
189,1336,2025-02-09,Sick Leave,1,Approved,2025,2,February
190,1389,2025-08-29,Earned Leave,1,Approved,2025,8,August
191,1175,2025-08-21,Earned Leave,1,Approved,2025,8,August
192,1247,2025-04-28,Earned Leave,2,Pending,2025,4,April
193,1373,2025-06-06,Earned Leave,1,Approved,2025,6,June
194,1207,2025-07-20,Earned Leave,2,Rejected,2025,7,July
195,1352,2025-10-08,Casual Leave,1,Approved,2025,10,October
196,1184,2025-03-18,Casual Leave,2,Approved,2025,3,March
197,1216,2025-09-27,Earned Leave,2,Approved,2025,9,September
198,1112,2025-01-10,Sick Leave,1,Approved,2025,1,January
199,1300,2025-03-16,Earned Leave,1,Rejected,2025,3,March
200,1160,2025-07-30,Sick Leave,1,Approved,2025,7,July
201,1186,2025-11-14,Emergency Leave,2,Approved,2025,11,November
202,1081,2025-01-25,Casual Leave,1,Approved,2025,1,January
203,1019,2025-03-03,Sick Leave,1,Approved,2025,3,March
204,1010,2025-08-27,Earned Leave,1,Approved,2025,8,August
205,1247,2025-02-09,Earned Leave,2,Pending,2025,2,February
206,1388,2025-01-25,Sick Leave,1,Pending,2025,1,January
207,1108,2025-01-19,Earned Leave,1,Approved,2025,1,January
208,1298,2025-10-09,Emergency Leave,1,Approved,2025,10,October
209,1454,2025-03-22,Sick Leave,1,Approved,2025,3,March
210,1104,2025-04-02,Casual Leave,1,Approved,2025,4,April
211,1095,2025-05-20,Emergency Leave,1,Approved,2025,5,May
212,1421,2025-05-27,Sick Leave,1,Approved,2025,5,May
213,1274,2025-06-05,Sick Leave,1,Approved,2025,6,June
214,1028,2025-07-11,Sick Leave,1,Approved,2025,7,July
215,1171,2025-09-03,Earned Leave,1,Approved,2025,9,September
216,1137,2025-04-05,Casual Leave,2,Rejected,2025,4,April
217,1227,2025-12-15,Emergency Leave,1,Approved,2025,12,December
218,1007,2025-09-16,Sick Leave,1,Approved,2025,9,September
219,1278,2025-04-06,Earned Leave,1,Approved,2025,4,April
220,1293,2025-12-27,Earned Leave,1,Approved,2025,12,December
221,1088,2025-03-17,Casual Leave,3,Approved,2025,3,March
222,1047,2025-09-14,Casual Leave,1,Pending,2025,9,September
223,1235,2025-12-03,Earned Leave,1,Pending,2025,12,December
224,1267,2025-09-13,Casual Leave,1,Approved,2025,9,September
225,1099,2025-01-26,Earned Leave,1,Approved,2025,1,January
226,1282,2025-09-01,Emergency Leave,1,Approved,2025,9,September
227,1160,2025-04-01,Earned Leave,1,Approved,2025,4,April
228,1405,2025-04-01,Emergency Leave,1,Approved,2025,4,April
229,1447,2025-07-02,Earned Leave,3,Pending,2025,7,July
230,1425,2025-01-18,Casual Leave,3,Approved,2025,1,January
231,1022,2025-12-24,Casual Leave,1,Approved,2025,12,December
232,1088,2025-08-05,Earned Leave,1,Approved,2025,8,August
233,1139,2025-10-02,Earned Leave,1,Approved,2025,10,October
234,1195,2025-01-31,Earned Leave,1,Approved,2025,1,January
235,1487,2025-06-30,Emergency Leave,3,Approved,2025,6,June
236,1121,2025-10-18,Casual Leave,2,Approved,2025,10,October
237,1089,2025-01-05,Casual Leave,1,Approved,2025,1,January
238,1318,2025-03-05,Emergency Leave,1,Pending,2025,3,March
239,1166,2025-01-11,Sick Leave,1,Approved,2025,1,January
240,1230,2025-04-23,Casual Leave,1,Approved,2025,4,April
241,1010,2025-03-04,Casual Leave,2,Rejected,2025,3,March
242,1439,2025-02-17,Emergency Leave,1,Pending,2025,2,February
243,1173,2025-11-27,Earned Leave,1,Pending,2025,11,November
244,1232,2025-09-13,Casual Leave,1,Approved,2025,9,September
245,1222,2025-06-29,Emergency Leave,1,Rejected,2025,6,June
246,1198,2025-08-12,Sick Leave,2,Approved,2025,8,August
247,1424,2025-02-07,Emergency Leave,2,Pending,2025,2,February
248,1186,2025-11-22,Earned Leave,1,Rejected,2025,11,November
249,1141,2025-05-25,Emergency Leave,1,Approved,2025,5,May
250,1094,2025-11-30,Casual Leave,1,Pending,2025,11,November
251,1222,2025-09-21,Emergency Leave,1,Approved,2025,9,September
252,1436,2025-06-21,Sick Leave,1,Approved,2025,6,June
253,1385,2025-12-28,Casual Leave,2,Approved,2025,12,December
254,1449,2025-09-10,Emergency Leave,1,Approved,2025,9,September
255,1139,2025-09-21,Emergency Leave,1,Approved,2025,9,September
256,1296,2025-12-11,Earned Leave,1,Approved,2025,12,December
257,1335,2025-11-26,Emergency Leave,1,Approved,2025,11,November
258,1180,2025-07-30,Earned Leave,1,Approved,2025,7,July
259,1301,2025-07-03,Emergency Leave,1,Approved,2025,7,July
260,1429,2025-12-13,Emergency Leave,1,Approved,2025,12,December
261,1104,2025-09-10,Sick Leave,1,Approved,2025,9,September
262,1382,2025-04-23,Casual Leave,1,Approved,2025,4,April
263,1335,2025-07-16,Earned Leave,1,Pending,2025,7,July
264,1225,2025-12-14,Casual Leave,1,Rejected,2025,12,December
265,1415,2025-08-10,Emergency Leave,1,Approved,2025,8,August
266,1028,2025-07-07,Earned Leave,1,Approved,2025,7,July
267,1328,2025-01-26,Emergency Leave,1,Approved,2025,1,January
268,1210,2025-07-11,Earned Leave,1,Approved,2025,7,July
269,1332,2025-02-17,Casual Leave,1,Approved,2025,2,February
270,1131,2025-05-14,Earned Leave,1,Rejected,2025,5,May
271,1419,2025-09-21,Casual Leave,2,Approved,2025,9,September
272,1063,2025-02-21,Sick Leave,1,Rejected,2025,2,February
273,1049,2025-08-27,Sick Leave,1,Rejected,2025,8,August
274,1308,2025-01-10,Sick Leave,1,Approved,2025,1,January
275,1102,2025-07-16,Sick Leave,2,Approved,2025,7,July
276,1333,2025-01-19,Casual Leave,2,Approved,2025,1,January
277,1152,2025-10-16,Casual Leave,1,Rejected,2025,10,October
278,1466,2025-05-03,Earned Leave,1,Approved,2025,5,May
279,1061,2025-10-10,Emergency Leave,1,Approved,2025,10,October
280,1030,2025-09-21,Emergency Leave,1,Approved,2025,9,September
281,1294,2025-11-19,Sick Leave,2,Rejected,2025,11,November
282,1467,2025-05-07,Sick Leave,2,Approved,2025,5,May
283,1427,2025-12-25,Emergency Leave,1,Approved,2025,12,December
284,1117,2025-01-27,Earned Leave,1,Rejected,2025,1,January
285,1108,2025-12-07,Sick Leave,1,Rejected,2025,12,December
286,1320,2025-07-06,Emergency Leave,1,Approved,2025,7,July
287,1484,2025-12-29,Sick Leave,1,Approved,2025,12,December
288,1474,2025-09-15,Sick Leave,1,Approved,2025,9,September
289,1440,2025-11-10,Earned Leave,2,Approved,2025,11,November
290,1339,2025-01-02,Emergency Leave,1,Approved,2025,1,January
291,1333,2025-08-02,Casual Leave,1,Approved,2025,8,August
292,1257,2025-11-08,Sick Leave,1,Rejected,2025,11,November
293,1278,2025-09-20,Sick Leave,1,Rejected,2025,9,September
294,1065,2025-05-28,Earned Leave,2,Rejected,2025,5,May
295,1030,2025-12-03,Earned Leave,1,Approved,2025,12,December
296,1285,2025-01-07,Casual Leave,1,Rejected,2025,1,January
297,1331,2025-01-14,Earned Leave,1,Approved,2025,1,January
298,1302,2025-07-25,Casual Leave,1,Approved,2025,7,July
299,1434,2025-02-07,Sick Leave,1,Approved,2025,2,February
300,1093,2025-01-29,Sick Leave,2,Approved,2025,1,January
301,1107,2025-01-18,Sick Leave,1,Pending,2025,1,January
302,1358,2025-08-15,Earned Leave,2,Approved,2025,8,August
303,1163,2025-06-12,Casual Leave,1,Approved,2025,6,June
304,1149,2025-03-17,Emergency Leave,1,Rejected,2025,3,March
305,1146,2025-08-02,Earned Leave,1,Approved,2025,8,August
306,1486,2025-06-27,Sick Leave,2,Approved,2025,6,June
307,1389,2025-12-23,Casual Leave,1,Approved,2025,12,December
308,1350,2025-08-16,Earned Leave,1,Approved,2025,8,August
309,1417,2025-06-14,Casual Leave,1,Pending,2025,6,June
310,1481,2025-03-14,Sick Leave,2,Rejected,2025,3,March
311,1128,2025-07-23,Earned Leave,1,Approved,2025,7,July
312,1449,2025-09-08,Earned Leave,2,Approved,2025,9,September
313,1118,2025-08-02,Emergency Leave,1,Rejected,2025,8,August
314,1277,2025-04-20,Casual Leave,1,Approved,2025,4,April
315,1057,2025-01-16,Emergency Leave,1,Rejected,2025,1,January
316,1044,2025-11-23,Emergency Leave,1,Approved,2025,11,November
317,1328,2025-10-04,Casual Leave,1,Rejected,2025,10,October
318,1031,2025-08-18,Sick Leave,1,Approved,2025,8,August
319,1116,2025-11-01,Casual Leave,1,Rejected,2025,11,November
320,1227,2025-12-19,Earned Leave,2,Approved,2025,12,December
321,1034,2025-10-05,Earned Leave,1,Approved,2025,10,October
322,1223,2025-02-24,Casual Leave,1,Approved,2025,2,February
323,1363,2025-06-19,Earned Leave,1,Approved,2025,6,June
324,1482,2025-07-18,Sick Leave,1,Approved,2025,7,July
325,1135,2025-08-20,Casual Leave,2,Approved,2025,8,August
326,1005,2025-12-15,Emergency Leave,1,Approved,2025,12,December
327,1393,2025-10-11,Emergency Leave,1,Approved,2025,10,October
328,1440,2025-07-29,Emergency Leave,1,Approved,2025,7,July
329,1200,2025-01-30,Earned Leave,1,Rejected,2025,1,January
330,1298,2025-08-14,Sick Leave,2,Approved,2025,8,August
331,1036,2025-11-01,Emergency Leave,1,Approved,2025,11,November
332,1163,2025-11-18,Casual Leave,2,Approved,2025,11,November
333,1120,2025-05-01,Sick Leave,2,Approved,2025,5,May
334,1440,2025-08-05,Casual Leave,2,Approved,2025,8,August
335,1214,2025-06-13,Casual Leave,2,Approved,2025,6,June
336,1175,2025-08-15,Emergency Leave,1,Approved,2025,8,August
337,1197,2025-06-06,Earned Leave,1,Approved,2025,6,June
338,1353,2025-07-12,Casual Leave,2,Approved,2025,7,July
339,1441,2025-02-27,Sick Leave,1,Approved,2025,2,February
340,1173,2025-10-12,Emergency Leave,1,Approved,2025,10,October
341,1492,2025-03-11,Earned Leave,1,Rejected,2025,3,March
342,1015,2025-12-27,Sick Leave,1,Approved,2025,12,December
343,1297,2025-02-18,Emergency Leave,1,Approved,2025,2,February
344,1237,2025-12-27,Earned Leave,1,Approved,2025,12,December
345,1256,2025-05-02,Emergency Leave,1,Approved,2025,5,May
346,1489,2025-04-24,Emergency Leave,1,Approved,2025,4,April
347,1342,2025-09-17,Emergency Leave,2,Approved,2025,9,September
348,1115,2025-09-28,Earned Leave,1,Approved,2025,9,September
349,1460,2025-04-23,Sick Leave,1,Approved,2025,4,April
350,1118,2025-09-10,Earned Leave,2,Approved,2025,9,September
351,1081,2025-01-09,Earned Leave,1,Pending,2025,1,January
352,1215,2025-06-11,Casual Leave,1,Approved,2025,6,June
353,1074,2025-05-15,Sick Leave,1,Approved,2025,5,May
354,1302,2025-05-21,Sick Leave,1,Approved,2025,5,May
355,1472,2025-08-04,Emergency Leave,1,Approved,2025,8,August
356,1403,2025-02-12,Emergency Leave,1,Pending,2025,2,February
357,1443,2025-03-07,Emergency Leave,1,Approved,2025,3,March
358,1189,2025-05-18,Sick Leave,2,Approved,2025,5,May
359,1358,2025-10-21,Emergency Leave,1,Approved,2025,10,October
360,1082,2025-12-19,Earned Leave,1,Approved,2025,12,December
361,1327,2025-05-13,Emergency Leave,1,Approved,2025,5,May
362,1266,2025-11-27,Sick Leave,1,Approved,2025,11,November
363,1479,2025-11-08,Emergency Leave,2,Approved,2025,11,November
364,1297,2025-12-23,Casual Leave,1,Approved,2025,12,December
365,1480,2025-02-23,Casual Leave,2,Approved,2025,2,February
366,1427,2025-10-27,Casual Leave,2,Approved,2025,10,October
367,1120,2025-09-03,Sick Leave,1,Pending,2025,9,September
368,1081,2025-01-15,Casual Leave,2,Pending,2025,1,January
369,1404,2025-06-01,Sick Leave,1,Approved,2025,6,June
370,1268,2025-08-09,Emergency Leave,1,Rejected,2025,8,August
371,1500,2025-05-19,Casual Leave,1,Rejected,2025,5,May
372,1254,2025-11-27,Sick Leave,1,Approved,2025,11,November
373,1343,2025-11-27,Sick Leave,2,Rejected,2025,11,November
374,1348,2025-05-18,Sick Leave,1,Approved,2025,5,May
375,1311,2025-05-23,Earned Leave,1,Approved,2025,5,May
376,1030,2025-07-16,Sick Leave,1,Approved,2025,7,July
377,1349,2025-04-01,Earned Leave,1,Approved,2025,4,April
378,1294,2025-04-10,Emergency Leave,2,Pending,2025,4,April
379,1289,2025-05-25,Earned Leave,1,Approved,2025,5,May
380,1069,2025-08-10,Sick Leave,3,Rejected,2025,8,August
381,1041,2025-11-07,Casual Leave,2,Approved,2025,11,November
382,1127,2025-12-27,Emergency Leave,1,Approved,2025,12,December
383,1286,2025-04-29,Earned Leave,1,Approved,2025,4,April
384,1040,2025-07-01,Earned Leave,1,Rejected,2025,7,July
385,1302,2025-02-01,Sick Leave,1,Approved,2025,2,February
386,1358,2025-12-17,Earned Leave,1,Pending,2025,12,December
387,1134,2025-05-15,Casual Leave,2,Approved,2025,5,May
388,1445,2025-10-08,Casual Leave,2,Pending,2025,10,October
389,1367,2025-04-01,Earned Leave,1,Approved,2025,4,April
390,1096,2025-04-12,Earned Leave,1,Approved,2025,4,April
391,1141,2025-03-04,Earned Leave,1,Approved,2025,3,March
392,1427,2025-11-03,Emergency Leave,1,Approved,2025,11,November
393,1192,2025-09-20,Emergency Leave,3,Approved,2025,9,September
394,1214,2025-08-12,Earned Leave,1,Approved,2025,8,August
395,1110,2025-10-10,Sick Leave,1,Approved,2025,10,October
396,1447,2025-07-13,Casual Leave,3,Approved,2025,7,July
397,1386,2025-06-09,Earned Leave,1,Approved,2025,6,June
398,1445,2025-10-22,Earned Leave,1,Approved,2025,10,October
399,1111,2025-01-07,Sick Leave,1,Pending,2025,1,January
400,1307,2025-06-02,Emergency Leave,2,Approved,2025,6,June
401,1491,2025-09-10,Earned Leave,1,Approved,2025,9,September
402,1308,2025-09-01,Emergency Leave,2,Approved,2025,9,September
403,1052,2025-05-03,Emergency Leave,3,Approved,2025,5,May
404,1372,2025-07-02,Casual Leave,1,Approved,2025,7,July
405,1049,2025-03-17,Casual Leave,1,Approved,2025,3,March
406,1134,2025-06-13,Sick Leave,1,Rejected,2025,6,June
407,1308,2025-02-11,Casual Leave,2,Pending,2025,2,February
408,1342,2025-01-01,Casual Leave,1,Approved,2025,1,January
409,1040,2025-03-23,Emergency Leave,2,Approved,2025,3,March
410,1025,2025-03-18,Casual Leave,1,Approved,2025,3,March
411,1024,2025-04-11,Sick Leave,2,Approved,2025,4,April
412,1010,2025-06-09,Earned Leave,1,Approved,2025,6,June
413,1074,2025-02-08,Sick Leave,1,Approved,2025,2,February
414,1312,2025-06-15,Casual Leave,2,Approved,2025,6,June
415,1236,2025-05-10,Sick Leave,2,Approved,2025,5,May
416,1430,2025-01-03,Emergency Leave,1,Rejected,2025,1,January
417,1388,2025-06-28,Emergency Leave,2,Approved,2025,6,June
418,1416,2025-09-07,Earned Leave,2,Approved,2025,9,September
419,1198,2025-04-22,Earned Leave,1,Approved,2025,4,April
420,1198,2025-04-13,Casual Leave,1,Pending,2025,4,April
421,1141,2025-11-28,Sick Leave,2,Approved,2025,11,November
422,1467,2025-06-14,Casual Leave,1,Approved,2025,6,June
423,1309,2025-09-04,Emergency Leave,1,Approved,2025,9,September
424,1263,2025-02-11,Earned Leave,1,Approved,2025,2,February
425,1017,2025-06-01,Sick Leave,2,Approved,2025,6,June
426,1350,2025-02-21,Emergency Leave,2,Approved,2025,2,February
427,1216,2025-11-11,Sick Leave,2,Approved,2025,11,November
428,1339,2025-07-03,Casual Leave,1,Approved,2025,7,July
429,1215,2025-09-26,Casual Leave,1,Rejected,2025,9,September
430,1457,2025-03-23,Earned Leave,1,Rejected,2025,3,March
431,1418,2025-09-07,Sick Leave,1,Pending,2025,9,September
432,1061,2025-10-09,Emergency Leave,1,Approved,2025,10,October
433,1230,2025-02-15,Sick Leave,2,Approved,2025,2,February
434,1257,2025-08-06,Casual Leave,1,Pending,2025,8,August
435,1231,2025-12-27,Emergency Leave,1,Rejected,2025,12,December
436,1343,2025-08-04,Earned Leave,3,Approved,2025,8,August
437,1152,2025-06-09,Sick Leave,2,Approved,2025,6,June
438,1229,2025-10-11,Casual Leave,1,Approved,2025,10,October
439,1319,2025-05-08,Sick Leave,1,Approved,2025,5,May
440,1115,2025-05-09,Earned Leave,1,Approved,2025,5,May
441,1489,2025-09-18,Sick Leave,1,Approved,2025,9,September
442,1171,2025-12-07,Emergency Leave,2,Approved,2025,12,December
443,1323,2025-06-27,Earned Leave,2,Approved,2025,6,June
444,1470,2025-01-31,Emergency Leave,2,Rejected,2025,1,January
445,1260,2025-10-08,Earned Leave,1,Approved,2025,10,October
446,1202,2025-06-09,Casual Leave,1,Pending,2025,6,June
447,1168,2025-09-27,Earned Leave,1,Approved,2025,9,September
448,1160,2025-06-24,Earned Leave,1,Approved,2025,6,June
449,1472,2025-09-23,Sick Leave,1,Approved,2025,9,September
450,1305,2025-12-26,Earned Leave,1,Pending,2025,12,December
451,1027,2025-04-18,Earned Leave,1,Approved,2025,4,April
452,1242,2025-01-20,Emergency Leave,1,Approved,2025,1,January
453,1124,2025-12-27,Earned Leave,1,Approved,2025,12,December
454,1312,2025-05-02,Earned Leave,1,Approved,2025,5,May
455,1316,2025-03-14,Earned Leave,2,Approved,2025,3,March
456,1188,2025-10-18,Casual Leave,1,Approved,2025,10,October
457,1475,2025-12-07,Earned Leave,2,Rejected,2025,12,December
458,1472,2025-05-02,Earned Leave,2,Rejected,2025,5,May
459,1276,2025-01-21,Casual Leave,1,Approved,2025,1,January
460,1205,2025-03-03,Earned Leave,2,Approved,2025,3,March
461,1458,2025-04-08,Casual Leave,1,Approved,2025,4,April
462,1112,2025-05-18,Sick Leave,2,Approved,2025,5,May
463,1168,2025-12-08,Earned Leave,2,Approved,2025,12,December
464,1132,2025-04-15,Casual Leave,1,Approved,2025,4,April
465,1205,2025-10-01,Sick Leave,1,Approved,2025,10,October
466,1278,2025-12-12,Sick Leave,1,Approved,2025,12,December
467,1085,2025-11-09,Sick Leave,1,Approved,2025,11,November
468,1257,2025-01-30,Casual Leave,1,Approved,2025,1,January
469,1480,2025-05-26,Emergency Leave,1,Approved,2025,5,May
470,1222,2025-04-24,Casual Leave,1,Approved,2025,4,April
471,1162,2025-12-31,Emergency Leave,1,Approved,2025,12,December
472,1204,2025-04-04,Sick Leave,1,Approved,2025,4,April
473,1197,2025-03-06,Emergency Leave,1,Approved,2025,3,March
474,1336,2025-11-28,Casual Leave,3,Approved,2025,11,November
475,1351,2025-08-12,Emergency Leave,1,Approved,2025,8,August
476,1171,2025-08-24,Sick Leave,2,Approved,2025,8,August
477,1410,2025-10-07,Emergency Leave,1,Approved,2025,10,October
478,1481,2025-06-14,Emergency Leave,1,Rejected,2025,6,June
479,1058,2025-10-29,Emergency Leave,1,Rejected,2025,10,October
480,1047,2025-09-17,Emergency Leave,1,Approved,2025,9,September
481,1168,2025-05-20,Earned Leave,1,Approved,2025,5,May
482,1072,2025-09-05,Emergency Leave,2,Rejected,2025,9,September
483,1169,2025-07-08,Casual Leave,1,Rejected,2025,7,July
484,1415,2025-11-29,Emergency Leave,2,Approved,2025,11,November
485,1153,2025-11-16,Sick Leave,3,Approved,2025,11,November
486,1089,2025-08-26,Sick Leave,1,Approved,2025,8,August
487,1429,2025-10-22,Sick Leave,1,Approved,2025,10,October
488,1490,2025-05-09,Emergency Leave,1,Approved,2025,5,May
489,1017,2025-03-01,Sick Leave,1,Approved,2025,3,March
490,1087,2025-10-07,Emergency Leave,2,Pending,2025,10,October
491,1022,2025-12-19,Casual Leave,1,Approved,2025,12,December
492,1210,2025-05-21,Earned Leave,1,Approved,2025,5,May
493,1052,2025-11-27,Casual Leave,1,Approved,2025,11,November
494,1300,2025-05-20,Earned Leave,1,Approved,2025,5,May
495,1482,2025-08-31,Sick Leave,1,Approved,2025,8,August
496,1263,2025-03-20,Emergency Leave,1,Approved,2025,3,March
497,1147,2025-05-20,Casual Leave,2,Approved,2025,5,May
498,1102,2025-06-05,Emergency Leave,3,Approved,2025,6,June
499,1105,2025-08-24,Earned Leave,1,Approved,2025,8,August
500,1032,2025-10-26,Earned Leave,2,Approved,2025,10,October
501,1017,2025-10-15,Emergency Leave,1,Approved,2025,10,October
502,1030,2025-02-20,Earned Leave,1,Approved,2025,2,February
503,1028,2025-09-11,Sick Leave,1,Approved,2025,9,September
504,1125,2025-01-02,Emergency Leave,2,Approved,2025,1,January
505,1011,2025-03-03,Sick Leave,1,Approved,2025,3,March
506,1088,2025-06-04,Earned Leave,2,Approved,2025,6,June
507,1382,2025-12-08,Emergency Leave,1,Approved,2025,12,December
508,1142,2025-10-01,Sick Leave,1,Approved,2025,10,October
509,1056,2025-02-28,Earned Leave,1,Approved,2025,2,February
510,1113,2025-04-30,Emergency Leave,1,Approved,2025,4,April
511,1459,2025-06-12,Emergency Leave,3,Approved,2025,6,June
512,1116,2025-04-04,Emergency Leave,1,Approved,2025,4,April
513,1451,2025-10-20,Sick Leave,1,Rejected,2025,10,October
514,1354,2025-04-24,Casual Leave,1,Approved,2025,4,April
515,1496,2025-07-21,Sick Leave,1,Pending,2025,7,July
516,1257,2025-05-26,Earned Leave,1,Approved,2025,5,May
517,1051,2025-06-03,Earned Leave,1,Approved,2025,6,June
518,1421,2025-04-28,Earned Leave,1,Approved,2025,4,April
519,1089,2025-02-27,Emergency Leave,2,Approved,2025,2,February
520,1402,2025-01-26,Casual Leave,2,Approved,2025,1,January
521,1171,2025-01-04,Sick Leave,1,Approved,2025,1,January
522,1388,2025-06-11,Sick Leave,1,Approved,2025,6,June
523,1274,2025-10-07,Emergency Leave,1,Approved,2025,10,October
524,1059,2025-08-31,Emergency Leave,1,Approved,2025,8,August
525,1209,2025-04-03,Earned Leave,2,Approved,2025,4,April
526,1357,2025-09-03,Casual Leave,1,Approved,2025,9,September
527,1246,2025-10-29,Sick Leave,1,Approved,2025,10,October
528,1120,2025-07-25,Sick Leave,1,Pending,2025,7,July
529,1094,2025-09-13,Earned Leave,1,Rejected,2025,9,September
530,1431,2025-04-24,Casual Leave,1,Pending,2025,4,April
531,1354,2025-03-16,Casual Leave,1,Approved,2025,3,March
532,1439,2025-02-03,Casual Leave,1,Approved,2025,2,February
533,1286,2025-08-30,Earned Leave,1,Pending,2025,8,August
534,1061,2025-08-18,Emergency Leave,1,Approved,2025,8,August
535,1451,2025-05-19,Emergency Leave,2,Pending,2025,5,May
536,1005,2025-11-10,Emergency Leave,1,Approved,2025,11,November
537,1171,2025-12-09,Earned Leave,2,Rejected,2025,12,December
538,1186,2025-05-30,Earned Leave,1,Approved,2025,5,May
539,1399,2025-01-05,Emergency Leave,1,Approved,2025,1,January
540,1466,2025-11-22,Earned Leave,1,Approved,2025,11,November
541,1474,2025-08-17,Emergency Leave,1,Approved,2025,8,August
542,1261,2025-03-23,Emergency Leave,1,Pending,2025,3,March
543,1440,2025-02-20,Casual Leave,2,Approved,2025,2,February
544,1262,2025-05-11,Sick Leave,1,Approved,2025,5,May
545,1431,2025-04-24,Sick Leave,1,Rejected,2025,4,April
546,1474,2025-04-10,Emergency Leave,3,Approved,2025,4,April
547,1100,2025-04-29,Sick Leave,2,Pending,2025,4,April
548,1389,2025-02-09,Earned Leave,2,Approved,2025,2,February
549,1187,2025-06-24,Sick Leave,3,Pending,2025,6,June
550,1049,2025-07-09,Earned Leave,1,Approved,2025,7,July
551,1498,2025-06-18,Earned Leave,1,Approved,2025,6,June
552,1432,2025-06-23,Casual Leave,1,Approved,2025,6,June
553,1144,2025-11-23,Casual Leave,1,Approved,2025,11,November
554,1241,2025-04-19,Unknown,1,Approved,2025,4,April
555,1462,2025-05-14,Casual Leave,1,Approved,2025,5,May
556,1212,2025-06-15,Sick Leave,3,Approved,2025,6,June
557,1141,2025-10-06,Earned Leave,1,Approved,2025,10,October
558,1339,2025-05-22,Emergency Leave,1,Approved,2025,5,May
559,1173,2025-02-25,Sick Leave,1,Approved,2025,2,February
560,1276,2025-08-18,Emergency Leave,1,Rejected,2025,8,August
561,1273,2025-07-18,Earned Leave,1,Approved,2025,7,July
562,1346,2025-06-22,Casual Leave,1,Approved,2025,6,June
563,1257,2025-08-19,Earned Leave,2,Rejected,2025,8,August
564,1404,2025-08-07,Sick Leave,1,Approved,2025,8,August
565,1486,2025-01-26,Sick Leave,1,Approved,2025,1,January
566,1247,2025-01-04,Casual Leave,2,Approved,2025,1,January
567,1259,2025-12-14,Emergency Leave,1,Approved,2025,12,December
568,1045,2025-11-10,Emergency Leave,1,Approved,2025,11,November
569,1493,2025-02-06,Emergency Leave,1,Approved,2025,2,February
570,1077,2025-01-05,Casual Leave,1,Approved,2025,1,January
571,1302,2025-08-04,Sick Leave,2,Rejected,2025,8,August
572,1419,2025-01-05,Sick Leave,1,Approved,2025,1,January
573,1404,2025-03-15,Sick Leave,1,Approved,2025,3,March
574,1423,2025-06-07,Emergency Leave,1,Rejected,2025,6,June
575,1085,2025-05-18,Emergency Leave,1,Rejected,2025,5,May
576,1039,2025-10-28,Casual Leave,1,Approved,2025,10,October
577,1118,2025-11-26,Earned Leave,2,Approved,2025,11,November
578,1262,2025-06-26,Earned Leave,1,Approved,2025,6,June
579,1457,2025-10-25,Earned Leave,1,Approved,2025,10,October
580,1019,2025-12-16,Casual Leave,1,Pending,2025,12,December
581,1079,2025-07-29,Earned Leave,2,Approved,2025,7,July
582,1170,2025-02-26,Casual Leave,2,Approved,2025,2,February
583,1448,2025-04-14,Casual Leave,1,Approved,2025,4,April
584,1024,2025-11-04,Earned Leave,1,Approved,2025,11,November
585,1258,2025-02-28,Earned Leave,1,Rejected,2025,2,February
586,1276,2025-02-18,Casual Leave,1,Approved,2025,2,February
587,1378,2025-02-10,Emergency Leave,1,Approved,2025,2,February
588,1189,2025-03-24,Emergency Leave,1,Rejected,2025,3,March
589,1222,2025-11-06,Sick Leave,1,Rejected,2025,11,November
590,1055,2025-11-27,Earned Leave,1,Approved,2025,11,November
591,1254,2025-02-11,Sick Leave,1,Approved,2025,2,February
592,1278,2025-07-14,Sick Leave,1,Approved,2025,7,July
593,1289,2025-02-26,Emergency Leave,1,Approved,2025,2,February
594,1463,2025-08-17,Emergency Leave,1,Approved,2025,8,August
595,1459,2025-03-17,Emergency Leave,1,Approved,2025,3,March
596,1061,2025-03-29,Earned Leave,1,Approved,2025,3,March
597,1091,2025-01-03,Earned Leave,1,Approved,2025,1,January
598,1299,2025-08-24,Sick Leave,1,Approved,2025,8,August
599,1200,2025-04-24,Earned Leave,1,Approved,2025,4,April
600,1348,2025-07-17,Sick Leave,2,Approved,2025,7,July
601,1077,2025-11-03,Sick Leave,1,Pending,2025,11,November
602,1160,2025-02-12,Earned Leave,1,Approved,2025,2,February
603,1260,2025-12-10,Sick Leave,1,Approved,2025,12,December
604,1060,2025-03-04,Casual Leave,1,Approved,2025,3,March
605,1061,2025-12-01,Casual Leave,1,Approved,2025,12,December
606,1417,2025-05-16,Sick Leave,1,Approved,2025,5,May
607,1178,2025-11-04,Sick Leave,1,Approved,2025,11,November
608,1120,2025-08-20,Sick Leave,1,Approved,2025,8,August
609,1260,2025-10-17,Casual Leave,1,Approved,2025,10,October
610,1273,2025-08-29,Sick Leave,1,Approved,2025,8,August
611,1061,2025-10-16,Sick Leave,3,Approved,2025,10,October
612,1145,2025-02-18,Casual Leave,1,Approved,2025,2,February
613,1201,2025-04-18,Sick Leave,1,Rejected,2025,4,April
614,1311,2025-08-06,Casual Leave,1,Approved,2025,8,August
615,1477,2025-11-06,Casual Leave,1,Approved,2025,11,November
616,1391,2025-10-24,Earned Leave,1,Pending,2025,10,October
617,1093,2025-03-05,Emergency Leave,1,Approved,2025,3,March
618,1248,2025-08-30,Earned Leave,1,Approved,2025,8,August
619,1068,2025-06-28,Unknown,1,Approved,2025,6,June
620,1288,2025-02-28,Emergency Leave,1,Approved,2025,2,February
621,1379,2025-12-20,Earned Leave,3,Approved,2025,12,December
622,1299,2025-03-06,Emergency Leave,2,Rejected,2025,3,March
623,1313,2025-06-21,Earned Leave,1,Approved,2025,6,June
624,1058,2025-01-27,Earned Leave,1,Approved,2025,1,January
625,1324,2025-02-01,Emergency Leave,1,Approved,2025,2,February
626,1268,2025-01-04,Sick Leave,1,Approved,2025,1,January
627,1068,2025-08-13,Earned Leave,1,Approved,2025,8,August
628,1363,2025-10-16,Emergency Leave,1,Approved,2025,10,October
629,1296,2025-08-31,Earned Leave,1,Approved,2025,8,August
630,1266,2025-10-07,Emergency Leave,1,Approved,2025,10,October
631,1366,2025-07-21,Earned Leave,1,Approved,2025,7,July
632,1161,2025-07-14,Casual Leave,1,Approved,2025,7,July
633,1191,2025-04-26,Earned Leave,1,Approved,2025,4,April
634,1060,2025-04-01,Casual Leave,1,Approved,2025,4,April
635,1419,2025-04-13,Casual Leave,1,Approved,2025,4,April
636,1236,2025-04-16,Casual Leave,2,Rejected,2025,4,April
637,1054,2025-03-15,Casual Leave,1,Approved,2025,3,March
638,1340,2025-12-09,Sick Leave,1,Approved,2025,12,December
639,1024,2025-03-26,Casual Leave,1,Approved,2025,3,March
640,1268,2025-08-06,Sick Leave,1,Rejected,2025,8,August
641,1326,2025-09-18,Casual Leave,1,Approved,2025,9,September
642,1219,2025-10-04,Casual Leave,1,Approved,2025,10,October
643,1457,2025-04-25,Casual Leave,1,Approved,2025,4,April
644,1194,2025-08-16,Emergency Leave,2,Pending,2025,8,August
645,1292,2025-09-03,Emergency Leave,2,Rejected,2025,9,September
646,1008,2025-07-11,Sick Leave,2,Approved,2025,7,July
647,1347,2025-04-07,Casual Leave,2,Approved,2025,4,April
648,1336,2025-04-30,Emergency Leave,2,Approved,2025,4,April
649,1073,2025-09-04,Earned Leave,1,Pending,2025,9,September
650,1068,2025-05-05,Emergency Leave,1,Approved,2025,5,May
651,1403,2025-09-04,Sick Leave,1,Approved,2025,9,September
652,1425,2025-01-20,Sick Leave,1,Approved,2025,1,January
653,1010,2025-05-25,Emergency Leave,1,Rejected,2025,5,May
654,1307,2025-03-29,Emergency Leave,1,Pending,2025,3,March
655,1003,2025-09-13,Earned Leave,1,Approved,2025,9,September
656,1489,2025-05-08,Earned Leave,1,Approved,2025,5,May
657,1198,2025-04-17,Earned Leave,2,Approved,2025,4,April
658,1472,2025-05-24,Earned Leave,1,Rejected,2025,5,May
659,1340,2025-12-08,Casual Leave,1,Approved,2025,12,December
660,1136,2025-06-30,Sick Leave,1,Pending,2025,6,June
661,1259,2025-03-09,Casual Leave,2,Rejected,2025,3,March
662,1401,2025-03-09,Casual Leave,1,Rejected,2025,3,March
663,1490,2025-11-20,Sick Leave,2,Rejected,2025,11,November
664,1137,2025-09-27,Earned Leave,1,Approved,2025,9,September
665,1346,2025-02-24,Emergency Leave,1,Approved,2025,2,February
666,1265,2025-06-27,Emergency Leave,1,Rejected,2025,6,June
667,1216,2025-05-12,Sick Leave,1,Approved,2025,5,May
668,1274,2025-05-24,Earned Leave,2,Pending,2025,5,May
669,1439,2025-12-28,Earned Leave,1,Approved,2025,12,December
670,1086,2025-11-13,Sick Leave,1,Approved,2025,11,November
671,1324,2025-11-18,Earned Leave,1,Approved,2025,11,November
672,1054,2025-07-24,Casual Leave,1,Approved,2025,7,July
673,1082,2025-12-12,Emergency Leave,1,Approved,2025,12,December
674,1285,2025-08-28,Earned Leave,2,Approved,2025,8,August
675,1110,2025-08-22,Sick Leave,1,Approved,2025,8,August
676,1482,2025-05-02,Earned Leave,1,Rejected,2025,5,May
677,1282,2025-05-02,Sick Leave,1,Approved,2025,5,May
678,1264,2025-03-05,Casual Leave,1,Approved,2025,3,March
679,1239,2025-06-17,Sick Leave,1,Approved,2025,6,June
680,1426,2025-12-10,Sick Leave,1,Approved,2025,12,December
681,1295,2025-02-11,Earned Leave,1,Approved,2025,2,February
682,1139,2025-08-09,Earned Leave,1,Approved,2025,8,August
683,1078,2025-01-26,Casual Leave,1,Approved,2025,1,January
684,1360,2025-02-07,Sick Leave,1,Rejected,2025,2,February
685,1470,2025-09-18,Sick Leave,1,Approved,2025,9,September
686,1443,2025-04-03,Earned Leave,1,Approved,2025,4,April
687,1248,2025-05-06,Sick Leave,2,Approved,2025,5,May
688,1142,2025-09-25,Emergency Leave,2,Approved,2025,9,September
689,1084,2025-06-27,Earned Leave,1,Approved,2025,6,June
690,1247,2025-04-26,Casual Leave,1,Rejected,2025,4,April
691,1447,2025-08-11,Emergency Leave,1,Approved,2025,8,August
692,1329,2025-11-14,Casual Leave,1,Rejected,2025,11,November
693,1051,2025-06-26,Earned Leave,1,Approved,2025,6,June
694,1383,2025-10-17,Earned Leave,1,Approved,2025,10,October
695,1285,2025-05-29,Emergency Leave,2,Approved,2025,5,May
696,1178,2025-11-10,Casual Leave,1,Approved,2025,11,November
697,1002,2025-02-15,Earned Leave,1,Approved,2025,2,February
698,1468,2025-08-30,Emergency Leave,2,Approved,2025,8,August
699,1197,2025-09-24,Sick Leave,2,Approved,2025,9,September
700,1451,2025-09-29,Casual Leave,1,Rejected,2025,9,September
701,1442,2025-11-14,Emergency Leave,2,Pending,2025,11,November
702,1027,2025-06-29,Sick Leave,1,Approved,2025,6,June
703,1073,2025-09-03,Sick Leave,2,Approved,2025,9,September
704,1105,2025-01-12,Sick Leave,2,Approved,2025,1,January
705,1431,2025-05-19,Sick Leave,1,Approved,2025,5,May
706,1412,2025-09-07,Sick Leave,3,Approved,2025,9,September
707,1280,2025-02-11,Emergency Leave,1,Approved,2025,2,February
708,1130,2025-06-30,Emergency Leave,1,Approved,2025,6,June
709,1113,2025-08-16,Casual Leave,1,Approved,2025,8,August
710,1339,2025-01-20,Casual Leave,1,Approved,2025,1,January
711,1142,2025-01-18,Emergency Leave,1,Approved,2025,1,January
712,1374,2025-05-03,Emergency Leave,3,Rejected,2025,5,May
713,1261,2025-11-08,Sick Leave,2,Approved,2025,11,November
714,1049,2025-03-21,Sick Leave,1,Approved,2025,3,March
715,1481,2025-06-16,Earned Leave,3,Approved,2025,6,June
716,1076,2025-12-03,Unknown,1,Approved,2025,12,December
717,1050,2025-05-22,Earned Leave,1,Approved,2025,5,May
718,1099,2025-04-18,Casual Leave,1,Rejected,2025,4,April
719,1203,2025-11-26,Earned Leave,1,Approved,2025,11,November
720,1151,2025-10-02,Casual Leave,1,Rejected,2025,10,October
721,1044,2025-05-28,Sick Leave,1,Approved,2025,5,May
722,1448,2025-10-26,Emergency Leave,1,Approved,2025,10,October
723,1136,2025-04-09,Earned Leave,1,Approved,2025,4,April
724,1409,2025-12-31,Casual Leave,1,Approved,2025,12,December
725,1021,2025-03-21,Sick Leave,1,Approved,2025,3,March
726,1043,2025-10-08,Sick Leave,1,Approved,2025,10,October
727,1459,2025-02-05,Earned Leave,1,Approved,2025,2,February
728,1453,2025-02-19,Casual Leave,1,Pending,2025,2,February
729,1134,2025-07-27,Sick Leave,1,Rejected,2025,7,July
730,1464,2025-05-01,Emergency Leave,1,Rejected,2025,5,May
731,1305,2025-05-10,Emergency Leave,1,Approved,2025,5,May
732,1068,2025-11-28,Sick Leave,1,Rejected,2025,11,November
733,1235,2025-08-30,Emergency Leave,1,Approved,2025,8,August
734,1042,2025-11-02,Sick Leave,1,Rejected,2025,11,November
735,1209,2025-11-11,Sick Leave,1,Approved,2025,11,November
736,1155,2025-06-20,Sick Leave,1,Approved,2025,6,June
737,1427,2025-12-28,Sick Leave,1,Approved,2025,12,December
738,1243,2025-05-12,Earned Leave,1,Rejected,2025,5,May
739,1269,2025-11-20,Emergency Leave,2,Pending,2025,11,November
740,1400,2025-10-27,Earned Leave,2,Approved,2025,10,October
741,1267,2025-11-13,Emergency Leave,2,Approved,2025,11,November
742,1140,2025-02-12,Casual Leave,1,Approved,2025,2,February
743,1324,2025-03-10,Casual Leave,1,Approved,2025,3,March
744,1343,2025-04-02,Sick Leave,1,Approved,2025,4,April
745,1494,2025-02-27,Emergency Leave,1,Approved,2025,2,February
746,1141,2025-12-11,Casual Leave,1,Approved,2025,12,December
747,1014,2025-03-04,Sick Leave,1,Approved,2025,3,March
748,1163,2025-04-02,Emergency Leave,1,Rejected,2025,4,April
749,1016,2025-11-21,Emergency Leave,1,Approved,2025,11,November
750,1203,2025-03-29,Sick Leave,1,Approved,2025,3,March
751,1151,2025-02-01,Emergency Leave,2,Approved,2025,2,February
752,1313,2025-09-19,Emergency Leave,1,Approved,2025,9,September
753,1037,2025-02-27,Emergency Leave,1,Rejected,2025,2,February
754,1037,2025-05-08,Sick Leave,2,Rejected,2025,5,May
755,1098,2025-01-24,Emergency Leave,2,Approved,2025,1,January
756,1417,2025-10-10,Emergency Leave,1,Pending,2025,10,October
757,1183,2025-10-11,Emergency Leave,1,Pending,2025,10,October
758,1125,2025-02-18,Earned Leave,1,Approved,2025,2,February
759,1271,2025-02-28,Emergency Leave,1,Approved,2025,2,February
760,1441,2025-02-22,Earned Leave,1,Rejected,2025,2,February
761,1104,2025-02-14,Casual Leave,3,Approved,2025,2,February
762,1253,2025-01-08,Casual Leave,1,Pending,2025,1,January
763,1239,2025-01-26,Earned Leave,3,Pending,2025,1,January
764,1073,2025-11-16,Earned Leave,1,Approved,2025,11,November
765,1059,2025-07-12,Casual Leave,2,Rejected,2025,7,July
766,1248,2025-11-02,Casual Leave,2,Approved,2025,11,November
767,1096,2025-04-07,Earned Leave,1,Approved,2025,4,April
768,1387,2025-03-15,Sick Leave,1,Approved,2025,3,March
769,1070,2025-11-19,Emergency Leave,1,Approved,2025,11,November
770,1100,2025-03-01,Casual Leave,2,Approved,2025,3,March
771,1219,2025-11-02,Emergency Leave,1,Approved,2025,11,November
772,1384,2025-03-06,Casual Leave,1,Approved,2025,3,March
773,1026,2025-09-09,Casual Leave,1,Pending,2025,9,September
774,1423,2025-04-02,Emergency Leave,2,Approved,2025,4,April
775,1138,2025-08-05,Earned Leave,1,Approved,2025,8,August
776,1296,2025-03-18,Sick Leave,1,Approved,2025,3,March
777,1482,2025-03-16,Emergency Leave,1,Approved,2025,3,March
778,1397,2025-09-14,Emergency Leave,1,Pending,2025,9,September
779,1262,2025-06-07,Casual Leave,2,Approved,2025,6,June
780,1277,2025-07-19,Earned Leave,1,Approved,2025,7,July
781,1002,2025-09-17,Emergency Leave,2,Approved,2025,9,September
782,1032,2025-03-31,Casual Leave,2,Approved,2025,3,March
783,1445,2025-07-15,Earned Leave,1,Approved,2025,7,July
784,1378,2025-01-18,Casual Leave,2,Pending,2025,1,January
785,1277,2025-06-09,Sick Leave,1,Approved,2025,6,June
786,1288,2025-09-24,Casual Leave,3,Approved,2025,9,September
787,1316,2025-06-03,Emergency Leave,1,Rejected,2025,6,June
788,1058,2025-07-08,Earned Leave,1,Approved,2025,7,July
789,1359,2025-04-04,Earned Leave,1,Approved,2025,4,April
790,1443,2025-05-29,Earned Leave,1,Approved,2025,5,May
791,1037,2025-06-12,Emergency Leave,1,Approved,2025,6,June
792,1087,2025-12-30,Sick Leave,3,Approved,2025,12,December
793,1093,2025-02-25,Casual Leave,1,Pending,2025,2,February
794,1150,2025-06-14,Emergency Leave,1,Approved,2025,6,June
795,1464,2025-12-24,Sick Leave,1,Approved,2025,12,December
796,1104,2025-05-18,Sick Leave,1,Approved,2025,5,May
797,1240,2025-02-11,Casual Leave,1,Approved,2025,2,February
798,1426,2025-05-08,Casual Leave,1,Approved,2025,5,May
799,1431,2025-09-28,Casual Leave,1,Rejected,2025,9,September
800,1326,2025-10-13,Earned Leave,1,Pending,2025,10,October
801,1031,2025-11-18,Earned Leave,2,Approved,2025,11,November
802,1216,2025-08-19,Emergency Leave,1,Approved,2025,8,August
803,1091,2025-11-22,Sick Leave,1,Approved,2025,11,November
804,1023,2025-05-25,Sick Leave,1,Approved,2025,5,May
805,1450,2025-07-13,Sick Leave,1,Approved,2025,7,July
806,1327,2025-11-16,Emergency Leave,1,Approved,2025,11,November
807,1332,2025-06-24,Sick Leave,2,Approved,2025,6,June
808,1098,2025-01-23,Casual Leave,1,Approved,2025,1,January
809,1055,2025-05-01,Emergency Leave,1,Approved,2025,5,May
810,1065,2025-04-09,Casual Leave,2,Approved,2025,4,April
811,1077,2025-10-30,Emergency Leave,1,Approved,2025,10,October
812,1214,2025-02-06,Emergency Leave,1,Approved,2025,2,February
813,1109,2025-06-25,Casual Leave,1,Rejected,2025,6,June
814,1215,2025-03-19,Earned Leave,1,Approved,2025,3,March
815,1490,2025-03-25,Earned Leave,1,Approved,2025,3,March
816,1494,2025-08-25,Casual Leave,1,Approved,2025,8,August
817,1475,2025-08-28,Earned Leave,1,Approved,2025,8,August
818,1152,2025-01-29,Sick Leave,1,Approved,2025,1,January
819,1121,2025-09-21,Emergency Leave,1,Approved,2025,9,September
820,1499,2025-03-27,Earned Leave,1,Approved,2025,3,March
821,1079,2025-01-30,Sick Leave,1,Approved,2025,1,January
822,1399,2025-02-04,Emergency Leave,1,Approved,2025,2,February
823,1188,2025-03-29,Emergency Leave,1,Rejected,2025,3,March
824,1401,2025-04-26,Emergency Leave,2,Rejected,2025,4,April
825,1320,2025-06-10,Sick Leave,1,Approved,2025,6,June
826,1140,2025-11-23,Casual Leave,2,Approved,2025,11,November
827,1385,2025-04-23,Sick Leave,1,Approved,2025,4,April
828,1386,2025-07-03,Sick Leave,2,Rejected,2025,7,July
829,1207,2025-05-07,Casual Leave,1,Rejected,2025,5,May
830,1314,2025-12-22,Sick Leave,1,Approved,2025,12,December
831,1284,2025-12-27,Casual Leave,1,Approved,2025,12,December
832,1204,2025-01-03,Sick Leave,1,Approved,2025,1,January
833,1035,2025-08-01,Casual Leave,1,Approved,2025,8,August
834,1085,2025-07-19,Earned Leave,1,Approved,2025,7,July
835,1326,2025-04-26,Earned Leave,1,Rejected,2025,4,April
836,1083,2025-09-24,Emergency Leave,1,Pending,2025,9,September
837,1176,2025-07-29,Sick Leave,1,Approved,2025,7,July
838,1214,2025-04-24,Earned Leave,2,Approved,2025,4,April
839,1308,2025-06-22,Earned Leave,1,Approved,2025,6,June
840,1078,2025-12-15,Emergency Leave,2,Rejected,2025,12,December
841,1103,2025-07-24,Casual Leave,1,Approved,2025,7,July
842,1044,2025-09-19,Earned Leave,1,Approved,2025,9,September
843,1090,2025-03-29,Sick Leave,1,Approved,2025,3,March
844,1357,2025-07-16,Earned Leave,1,Rejected,2025,7,July
845,1326,2025-09-07,Sick Leave,2,Approved,2025,9,September
846,1056,2025-03-03,Sick Leave,1,Approved,2025,3,March
847,1380,2025-01-31,Sick Leave,1,Approved,2025,1,January
848,1337,2025-03-02,Emergency Leave,1,Approved,2025,3,March
849,1300,2025-02-13,Casual Leave,1,Approved,2025,2,February
850,1089,2025-06-28,Casual Leave,1,Approved,2025,6,June
851,1197,2025-08-18,Emergency Leave,1,Approved,2025,8,August
852,1167,2025-11-08,Emergency Leave,1,Approved,2025,11,November
853,1119,2025-12-15,Casual Leave,1,Approved,2025,12,December
854,1271,2025-01-05,Unknown,1,Approved,2025,1,January
855,1225,2025-07-01,Emergency Leave,1,Approved,2025,7,July
856,1358,2025-09-07,Sick Leave,2,Approved,2025,9,September
857,1280,2025-03-28,Earned Leave,1,Approved,2025,3,March
858,1332,2025-08-22,Earned Leave,2,Approved,2025,8,August
859,1398,2025-03-18,Emergency Leave,1,Approved,2025,3,March
860,1439,2025-05-10,Casual Leave,1,Approved,2025,5,May
861,1309,2025-09-29,Sick Leave,2,Approved,2025,9,September
862,1373,2025-09-28,Sick Leave,1,Pending,2025,9,September
863,1197,2025-01-23,Casual Leave,1,Rejected,2025,1,January
864,1276,2025-12-10,Emergency Leave,1,Pending,2025,12,December
865,1242,2025-03-05,Sick Leave,1,Approved,2025,3,March
866,1447,2025-12-26,Casual Leave,1,Approved,2025,12,December
867,1285,2025-12-16,Emergency Leave,1,Approved,2025,12,December
868,1037,2025-04-13,Sick Leave,1,Rejected,2025,4,April
869,1029,2025-09-23,Earned Leave,2,Pending,2025,9,September
870,1355,2025-04-15,Emergency Leave,3,Approved,2025,4,April
871,1043,2025-03-09,Casual Leave,1,Approved,2025,3,March
872,1401,2025-02-09,Casual Leave,1,Pending,2025,2,February
873,1216,2025-12-05,Emergency Leave,1,Approved,2025,12,December
874,1277,2025-09-11,Emergency Leave,1,Rejected,2025,9,September
875,1362,2025-04-27,Casual Leave,2,Approved,2025,4,April
876,1430,2025-11-13,Earned Leave,1,Approved,2025,11,November
877,1225,2025-02-12,Sick Leave,3,Approved,2025,2,February
878,1101,2025-06-13,Casual Leave,1,Approved,2025,6,June
879,1262,2025-02-09,Earned Leave,1,Approved,2025,2,February
880,1214,2025-10-06,Casual Leave,1,Approved,2025,10,October
881,1177,2025-09-30,Casual Leave,2,Approved,2025,9,September
882,1442,2025-11-17,Emergency Leave,1,Approved,2025,11,November
883,1371,2025-11-06,Emergency Leave,1,Approved,2025,11,November
884,1172,2025-07-10,Emergency Leave,1,Approved,2025,7,July
885,1069,2025-01-31,Sick Leave,1,Approved,2025,1,January
886,1292,2025-04-06,Sick Leave,1,Approved,2025,4,April
887,1390,2025-08-13,Earned Leave,1,Approved,2025,8,August
888,1473,2025-06-19,Casual Leave,1,Rejected,2025,6,June
889,1216,2025-11-10,Emergency Leave,1,Approved,2025,11,November
890,1056,2025-06-24,Sick Leave,1,Approved,2025,6,June
891,1153,2025-07-20,Earned Leave,1,Approved,2025,7,July
892,1360,2025-11-28,Sick Leave,1,Approved,2025,11,November
893,1244,2025-04-17,Emergency Leave,1,Approved,2025,4,April
894,1171,2025-10-24,Sick Leave,1,Approved,2025,10,October
895,1293,2025-08-18,Casual Leave,2,Approved,2025,8,August
896,1377,2025-12-21,Emergency Leave,1,Approved,2025,12,December
897,1099,2025-06-16,Casual Leave,1,Approved,2025,6,June
898,1019,2025-02-10,Sick Leave,3,Approved,2025,2,February
899,1117,2025-09-01,Earned Leave,1,Approved,2025,9,September
900,1155,2025-09-20,Earned Leave,1,Approved,2025,9,September
901,1166,2025-09-19,Earned Leave,1,Pending,2025,9,September
902,1232,2025-11-28,Earned Leave,2,Approved,2025,11,November
903,1025,2025-02-25,Casual Leave,1,Approved,2025,2,February
904,1161,2025-06-25,Emergency Leave,1,Approved,2025,6,June
905,1103,2025-09-02,Casual Leave,1,Approved,2025,9,September
906,1499,2025-05-15,Earned Leave,1,Approved,2025,5,May
907,1253,2025-07-29,Casual Leave,1,Approved,2025,7,July
908,1191,2025-04-12,Earned Leave,1,Rejected,2025,4,April
909,1074,2025-01-10,Emergency Leave,1,Approved,2025,1,January
910,1041,2025-09-21,Emergency Leave,1,Approved,2025,9,September
911,1060,2025-06-29,Casual Leave,3,Pending,2025,6,June
912,1140,2025-07-26,Emergency Leave,1,Approved,2025,7,July
913,1480,2025-09-03,Casual Leave,1,Approved,2025,9,September
914,1450,2025-03-27,Sick Leave,1,Approved,2025,3,March
915,1267,2025-04-12,Casual Leave,1,Pending,2025,4,April
916,1138,2025-01-23,Emergency Leave,1,Approved,2025,1,January
917,1453,2025-10-03,Sick Leave,2,Rejected,2025,10,October
918,1329,2025-03-06,Casual Leave,1,Approved,2025,3,March
919,1360,2025-09-04,Casual Leave,1,Approved,2025,9,September
920,1187,2025-03-29,Earned Leave,2,Approved,2025,3,March
921,1102,2025-10-19,Casual Leave,1,Approved,2025,10,October
922,1210,2025-09-23,Earned Leave,2,Approved,2025,9,September
923,1005,2025-03-24,Casual Leave,1,Approved,2025,3,March
924,1285,2025-10-18,Casual Leave,1,Approved,2025,10,October
925,1401,2025-04-02,Emergency Leave,1,Rejected,2025,4,April
926,1480,2025-11-28,Emergency Leave,2,Approved,2025,11,November
927,1090,2025-07-16,Earned Leave,2,Approved,2025,7,July
928,1186,2025-04-01,Casual Leave,3,Approved,2025,4,April
929,1007,2025-07-29,Casual Leave,1,Approved,2025,7,July
930,1400,2025-10-08,Sick Leave,2,Pending,2025,10,October
931,1479,2025-04-26,Earned Leave,1,Approved,2025,4,April
932,1305,2025-07-25,Earned Leave,1,Approved,2025,7,July
933,1256,2025-07-28,Earned Leave,1,Approved,2025,7,July
934,1235,2025-07-17,Casual Leave,1,Pending,2025,7,July
935,1063,2025-03-04,Emergency Leave,2,Approved,2025,3,March
936,1034,2025-07-07,Earned Leave,2,Rejected,2025,7,July
937,1030,2025-04-20,Casual Leave,2,Approved,2025,4,April
938,1177,2025-07-13,Sick Leave,1,Rejected,2025,7,July
939,1042,2025-07-25,Casual Leave,3,Approved,2025,7,July
940,1045,2025-01-10,Emergency Leave,1,Approved,2025,1,January
941,1434,2025-08-30,Emergency Leave,3,Approved,2025,8,August
942,1408,2025-04-07,Casual Leave,1,Pending,2025,4,April
943,1270,2025-12-24,Emergency Leave,2,Rejected,2025,12,December
944,1131,2025-07-19,Sick Leave,1,Approved,2025,7,July
945,1354,2025-11-13,Sick Leave,1,Rejected,2025,11,November
946,1205,2025-06-15,Earned Leave,1,Approved,2025,6,June
947,1166,2025-11-02,Sick Leave,2,Approved,2025,11,November
948,1377,2025-06-20,Emergency Leave,1,Approved,2025,6,June
949,1292,2025-05-30,Emergency Leave,1,Rejected,2025,5,May
950,1315,2025-11-23,Casual Leave,1,Approved,2025,11,November
951,1178,2025-01-23,Emergency Leave,1,Approved,2025,1,January
952,1140,2025-03-09,Casual Leave,1,Approved,2025,3,March
953,1236,2025-06-03,Earned Leave,1,Pending,2025,6,June
954,1138,2025-02-13,Earned Leave,1,Approved,2025,2,February
955,1341,2025-12-12,Sick Leave,3,Approved,2025,12,December
956,1113,2025-01-18,Casual Leave,1,Pending,2025,1,January
957,1462,2025-07-25,Sick Leave,2,Rejected,2025,7,July
958,1422,2025-03-16,Casual Leave,1,Approved,2025,3,March
959,1261,2025-05-12,Sick Leave,1,Pending,2025,5,May
960,1044,2025-11-22,Casual Leave,3,Approved,2025,11,November
961,1400,2025-06-15,Earned Leave,2,Approved,2025,6,June
962,1187,2025-03-19,Casual Leave,1,Approved,2025,3,March
963,1245,2025-07-15,Sick Leave,1,Approved,2025,7,July
964,1238,2025-11-25,Emergency Leave,1,Approved,2025,11,November
965,1219,2025-06-02,Emergency Leave,1,Approved,2025,6,June
966,1229,2025-08-27,Emergency Leave,1,Approved,2025,8,August
967,1343,2025-06-30,Unknown,1,Approved,2025,6,June
968,1458,2025-08-13,Casual Leave,2,Approved,2025,8,August
969,1026,2025-06-26,Emergency Leave,1,Approved,2025,6,June
970,1062,2025-01-23,Sick Leave,1,Approved,2025,1,January
971,1059,2025-05-23,Casual Leave,1,Approved,2025,5,May
972,1211,2025-09-20,Sick Leave,2,Approved,2025,9,September
973,1270,2025-11-27,Emergency Leave,1,Approved,2025,11,November
974,1236,2025-01-07,Sick Leave,2,Rejected,2025,1,January
975,1364,2025-10-02,Sick Leave,1,Approved,2025,10,October
976,1417,2025-01-21,Earned Leave,1,Approved,2025,1,January
977,1498,2025-01-06,Earned Leave,1,Approved,2025,1,January
978,1113,2025-12-03,Casual Leave,2,Approved,2025,12,December
979,1461,2025-10-25,Casual Leave,2,Approved,2025,10,October
980,1298,2025-01-15,Sick Leave,1,Rejected,2025,1,January
981,1115,2025-08-19,Casual Leave,1,Pending,2025,8,August
982,1098,2025-08-01,Casual Leave,1,Approved,2025,8,August
983,1159,2025-03-05,Casual Leave,1,Approved,2025,3,March
984,1418,2025-12-25,Casual Leave,2,Approved,2025,12,December
985,1325,2025-08-07,Casual Leave,1,Approved,2025,8,August
986,1079,2025-02-06,Emergency Leave,2,Approved,2025,2,February
987,1362,2025-12-19,Casual Leave,1,Approved,2025,12,December
988,1413,2025-01-05,Sick Leave,1,Rejected,2025,1,January
989,1302,2025-09-13,Emergency Leave,1,Rejected,2025,9,September
990,1052,2025-01-17,Sick Leave,2,Approved,2025,1,January
991,1021,2025-11-12,Casual Leave,1,Approved,2025,11,November
992,1041,2025-11-12,Sick Leave,2,Approved,2025,11,November
993,1212,2025-03-14,Sick Leave,1,Approved,2025,3,March
994,1465,2025-05-16,Earned Leave,1,Approved,2025,5,May
995,1183,2025-11-16,Emergency Leave,1,Approved,2025,11,November
996,1215,2025-08-30,Casual Leave,1,Approved,2025,8,August
997,1244,2025-04-03,Casual Leave,2,Approved,2025,4,April
998,1419,2025-03-12,Casual Leave,1,Rejected,2025,3,March
999,1161,2025-08-27,Sick Leave,1,Approved,2025,8,August
1000,1125,2025-04-04,Casual Leave,1,Rejected,2025,4,April
1001,1332,2025-05-18,Casual Leave,1,Approved,2025,5,May
1002,1360,2025-04-15,Earned Leave,1,Approved,2025,4,April
1003,1389,2025-10-20,Sick Leave,2,Approved,2025,10,October
1004,1453,2025-04-03,Earned Leave,1,Approved,2025,4,April
1005,1083,2025-06-28,Casual Leave,1,Rejected,2025,6,June
1006,1113,2025-01-13,Emergency Leave,1,Approved,2025,1,January
1007,1374,2025-02-13,Sick Leave,1,Pending,2025,2,February
1008,1460,2025-08-13,Earned Leave,1,Approved,2025,8,August
1009,1243,2025-07-15,Earned Leave,2,Approved,2025,7,July
1010,1450,2025-08-16,Earned Leave,2,Approved,2025,8,August
1011,1291,2025-06-12,Casual Leave,1,Pending,2025,6,June
1012,1399,2025-01-09,Emergency Leave,1,Approved,2025,1,January
1013,1395,2025-05-21,Casual Leave,1,Approved,2025,5,May
1014,1325,2025-07-04,Sick Leave,1,Rejected,2025,7,July
1015,1224,2025-02-16,Casual Leave,1,Approved,2025,2,February
1016,1412,2025-12-19,Casual Leave,1,Approved,2025,12,December
1017,1393,2025-06-13,Casual Leave,1,Approved,2025,6,June
1018,1309,2025-12-29,Emergency Leave,1,Rejected,2025,12,December
1019,1218,2025-03-05,Earned Leave,1,Approved,2025,3,March
1020,1347,2025-10-31,Earned Leave,2,Rejected,2025,10,October
1021,1119,2025-10-31,Sick Leave,2,Approved,2025,10,October
1022,1219,2025-01-09,Sick Leave,3,Rejected,2025,1,January
1023,1439,2025-12-28,Emergency Leave,1,Approved,2025,12,December
1024,1041,2025-08-20,Earned Leave,1,Approved,2025,8,August
1025,1166,2025-03-03,Sick Leave,2,Approved,2025,3,March
1026,1124,2025-03-31,Earned Leave,2,Rejected,2025,3,March
1027,1172,2025-10-02,Earned Leave,1,Approved,2025,10,October
1028,1278,2025-02-05,Earned Leave,1,Rejected,2025,2,February
1029,1023,2025-04-13,Sick Leave,1,Approved,2025,4,April
1030,1173,2025-09-03,Sick Leave,1,Pending,2025,9,September
1031,1432,2025-08-27,Casual Leave,1,Pending,2025,8,August
1032,1160,2025-02-20,Earned Leave,1,Approved,2025,2,February
1033,1468,2025-10-22,Earned Leave,1,Approved,2025,10,October
1034,1053,2025-10-29,Sick Leave,2,Approved,2025,10,October
1035,1194,2025-10-01,Casual Leave,1,Approved,2025,10,October
1036,1298,2025-10-15,Sick Leave,1,Approved,2025,10,October
1037,1420,2025-07-14,Sick Leave,1,Approved,2025,7,July
1038,1147,2025-07-14,Casual Leave,2,Approved,2025,7,July
1039,1104,2025-07-13,Emergency Leave,1,Approved,2025,7,July
1040,1480,2025-01-06,Sick Leave,1,Approved,2025,1,January
1041,1300,2025-01-25,Emergency Leave,2,Approved,2025,1,January
1042,1195,2025-04-13,Casual Leave,2,Approved,2025,4,April
1043,1177,2025-12-25,Emergency Leave,2,Approved,2025,12,December
1044,1133,2025-01-24,Earned Leave,2,Approved,2025,1,January
1045,1187,2025-08-02,Casual Leave,1,Approved,2025,8,August
1046,1353,2025-08-18,Earned Leave,1,Approved,2025,8,August
1047,1077,2025-11-14,Casual Leave,2,Pending,2025,11,November
1048,1274,2025-09-28,Sick Leave,1,Rejected,2025,9,September
1049,1137,2025-01-07,Emergency Leave,1,Rejected,2025,1,January
1050,1452,2025-04-29,Emergency Leave,1,Approved,2025,4,April
1051,1233,2025-10-19,Casual Leave,1,Approved,2025,10,October
1052,1128,2025-02-13,Emergency Leave,2,Approved,2025,2,February
1053,1264,2025-02-01,Casual Leave,1,Approved,2025,2,February
1054,1277,2025-03-18,Casual Leave,1,Approved,2025,3,March
1055,1477,2025-07-05,Earned Leave,2,Approved,2025,7,July
1056,1361,2025-12-02,Sick Leave,1,Approved,2025,12,December
1057,1273,2025-12-24,Emergency Leave,1,Approved,2025,12,December
1058,1309,2025-08-13,Emergency Leave,1,Rejected,2025,8,August
1059,1458,2025-12-27,Sick Leave,1,Approved,2025,12,December
1060,1208,2025-03-31,Casual Leave,2,Pending,2025,3,March
1061,1032,2025-12-07,Sick Leave,2,Pending,2025,12,December
1062,1286,2025-12-22,Sick Leave,1,Approved,2025,12,December
1063,1215,2025-08-19,Earned Leave,1,Rejected,2025,8,August
1064,1290,2025-03-24,Earned Leave,1,Approved,2025,3,March
1065,1127,2025-03-10,Earned Leave,3,Pending,2025,3,March
1066,1489,2025-07-18,Emergency Leave,1,Pending,2025,7,July
1067,1255,2025-02-24,Sick Leave,1,Approved,2025,2,February
1068,1085,2025-04-24,Casual Leave,3,Approved,2025,4,April
1069,1369,2025-05-23,Sick Leave,1,Approved,2025,5,May
1070,1241,2025-08-12,Earned Leave,1,Approved,2025,8,August
1071,1102,2025-05-27,Emergency Leave,3,Approved,2025,5,May
1072,1063,2025-03-28,Casual Leave,1,Approved,2025,3,March
1073,1439,2025-02-13,Sick Leave,1,Approved,2025,2,February
1074,1153,2025-12-08,Sick Leave,1,Approved,2025,12,December
1075,1022,2025-05-08,Casual Leave,1,Rejected,2025,5,May
1076,1010,2025-02-09,Earned Leave,1,Approved,2025,2,February
1077,1275,2025-03-11,Sick Leave,1,Approved,2025,3,March
1078,1070,2025-02-09,Sick Leave,1,Approved,2025,2,February
1079,1122,2025-01-02,Earned Leave,2,Approved,2025,1,January
1080,1001,2025-10-27,Earned Leave,1,Approved,2025,10,October
1081,1247,2025-02-01,Sick Leave,1,Approved,2025,2,February
1082,1383,2025-10-26,Casual Leave,1,Approved,2025,10,October
1083,1019,2025-04-16,Emergency Leave,1,Approved,2025,4,April
1084,1143,2025-02-01,Earned Leave,1,Approved,2025,2,February
1085,1218,2025-01-16,Emergency Leave,2,Approved,2025,1,January
1086,1301,2025-07-11,Sick Leave,1,Approved,2025,7,July
1087,1059,2025-11-06,Earned Leave,3,Approved,2025,11,November
1088,1143,2025-09-04,Earned Leave,1,Approved,2025,9,September
1089,1034,2025-04-13,Emergency Leave,1,Rejected,2025,4,April
1090,1242,2025-01-24,Casual Leave,1,Pending,2025,1,January
1091,1298,2025-12-03,Emergency Leave,1,Approved,2025,12,December
1092,1437,2025-08-03,Emergency Leave,1,Rejected,2025,8,August
1093,1368,2025-07-02,Earned Leave,1,Approved,2025,7,July
1094,1252,2025-03-01,Earned Leave,1,Pending,2025,3,March
1095,1105,2025-05-30,Earned Leave,1,Approved,2025,5,May
1096,1288,2025-02-01,Emergency Leave,1,Approved,2025,2,February
1097,1194,2025-06-15,Casual Leave,1,Approved,2025,6,June
1098,1466,2025-08-05,Sick Leave,1,Rejected,2025,8,August
1099,1139,2025-04-28,Emergency Leave,1,Approved,2025,4,April
1100,1227,2025-01-27,Casual Leave,3,Approved,2025,1,January
1101,1478,2025-05-22,Emergency Leave,2,Approved,2025,5,May
1102,1364,2025-01-12,Casual Leave,2,Rejected,2025,1,January
1103,1043,2025-07-13,Earned Leave,1,Rejected,2025,7,July
1104,1322,2025-12-31,Casual Leave,1,Approved,2025,12,December
1105,1038,2025-03-31,Earned Leave,1,Approved,2025,3,March
1106,1278,2025-10-23,Sick Leave,1,Approved,2025,10,October
1107,1305,2025-08-09,Earned Leave,1,Rejected,2025,8,August
1108,1332,2025-09-07,Emergency Leave,2,Approved,2025,9,September
1109,1352,2025-07-10,Emergency Leave,1,Rejected,2025,7,July
1110,1433,2025-02-09,Earned Leave,1,Approved,2025,2,February
1111,1440,2025-11-15,Sick Leave,1,Approved,2025,11,November
1112,1211,2025-02-21,Earned Leave,2,Approved,2025,2,February
1113,1005,2025-11-06,Sick Leave,1,Approved,2025,11,November
1114,1286,2025-10-07,Sick Leave,2,Approved,2025,10,October
1115,1142,2025-07-23,Emergency Leave,2,Approved,2025,7,July
1116,1057,2025-04-20,Emergency Leave,1,Rejected,2025,4,April
1117,1040,2025-06-13,Earned Leave,1,Approved,2025,6,June
1118,1400,2025-08-17,Earned Leave,1,Approved,2025,8,August
1119,1457,2025-02-09,Earned Leave,1,Approved,2025,2,February
1120,1311,2025-01-12,Earned Leave,1,Approved,2025,1,January
1121,1446,2025-12-29,Sick Leave,1,Rejected,2025,12,December
1122,1011,2025-03-24,Sick Leave,1,Approved,2025,3,March
1123,1150,2025-07-20,Emergency Leave,2,Approved,2025,7,July
1124,1359,2025-11-19,Emergency Leave,1,Pending,2025,11,November
1125,1097,2025-09-03,Casual Leave,1,Approved,2025,9,September
1126,1464,2025-12-16,Emergency Leave,1,Pending,2025,12,December
1127,1470,2025-12-17,Earned Leave,2,Approved,2025,12,December
1128,1174,2025-12-17,Casual Leave,1,Approved,2025,12,December
1129,1395,2025-08-04,Emergency Leave,1,Approved,2025,8,August
1130,1464,2025-04-16,Emergency Leave,2,Rejected,2025,4,April
1131,1107,2025-10-19,Emergency Leave,2,Pending,2025,10,October
1132,1104,2025-07-24,Earned Leave,2,Approved,2025,7,July
1133,1090,2025-12-16,Sick Leave,1,Rejected,2025,12,December
1134,1277,2025-08-22,Emergency Leave,2,Approved,2025,8,August
1135,1083,2025-07-01,Earned Leave,1,Approved,2025,7,July
1136,1174,2025-12-12,Casual Leave,1,Approved,2025,12,December
1137,1294,2025-02-23,Earned Leave,1,Rejected,2025,2,February
1138,1046,2025-09-11,Earned Leave,3,Approved,2025,9,September
1139,1403,2025-04-14,Sick Leave,1,Approved,2025,4,April
1140,1282,2025-03-28,Sick Leave,2,Approved,2025,3,March
1141,1386,2025-03-24,Sick Leave,1,Rejected,2025,3,March
1142,1061,2025-07-14,Emergency Leave,1,Approved,2025,7,July
1143,1368,2025-02-20,Emergency Leave,1,Approved,2025,2,February
1144,1319,2025-11-04,Sick Leave,1,Rejected,2025,11,November
1145,1083,2025-10-15,Earned Leave,1,Approved,2025,10,October
1146,1438,2025-07-22,Earned Leave,1,Approved,2025,7,July
1147,1117,2025-02-24,Sick Leave,1,Pending,2025,2,February
1148,1374,2025-12-29,Earned Leave,1,Approved,2025,12,December
1149,1416,2025-05-06,Emergency Leave,3,Approved,2025,5,May
1150,1427,2025-06-27,Earned Leave,1,Approved,2025,6,June
1151,1088,2025-04-24,Sick Leave,1,Approved,2025,4,April
1152,1067,2025-07-10,Earned Leave,1,Approved,2025,7,July
1153,1224,2025-02-28,Sick Leave,1,Approved,2025,2,February
1154,1209,2025-09-14,Earned Leave,2,Pending,2025,9,September
1155,1107,2025-09-22,Emergency Leave,1,Rejected,2025,9,September
1156,1377,2025-12-27,Casual Leave,1,Approved,2025,12,December
1157,1296,2025-06-14,Emergency Leave,1,Approved,2025,6,June
1158,1090,2025-12-06,Emergency Leave,1,Approved,2025,12,December
1159,1314,2025-01-29,Emergency Leave,1,Approved,2025,1,January
1160,1079,2025-12-29,Sick Leave,1,Approved,2025,12,December
1161,1057,2025-09-11,Earned Leave,1,Approved,2025,9,September
1162,1090,2025-11-14,Earned Leave,2,Approved,2025,11,November
1163,1352,2025-11-23,Earned Leave,1,Approved,2025,11,November
1164,1451,2025-03-05,Casual Leave,1,Approved,2025,3,March
1165,1289,2025-03-23,Emergency Leave,1,Approved,2025,3,March
1166,1111,2025-10-24,Earned Leave,1,Approved,2025,10,October
1167,1355,2025-05-29,Earned Leave,1,Approved,2025,5,May
1168,1449,2025-04-29,Sick Leave,2,Approved,2025,4,April
1169,1307,2025-06-27,Emergency Leave,2,Approved,2025,6,June
1170,1231,2025-12-30,Casual Leave,1,Approved,2025,12,December
1171,1416,2025-10-16,Emergency Leave,1,Approved,2025,10,October
1172,1220,2025-04-24,Earned Leave,2,Approved,2025,4,April
1173,1087,2025-02-22,Earned Leave,1,Approved,2025,2,February
1174,1203,2025-01-31,Casual Leave,1,Rejected,2025,1,January
1175,1375,2025-08-31,Emergency Leave,1,Approved,2025,8,August
1176,1033,2025-11-23,Emergency Leave,2,Approved,2025,11,November
1177,1438,2025-07-22,Casual Leave,2,Approved,2025,7,July
1178,1221,2025-08-26,Earned Leave,3,Approved,2025,8,August
1179,1073,2025-02-06,Sick Leave,1,Approved,2025,2,February
1180,1131,2025-10-10,Casual Leave,1,Approved,2025,10,October
1181,1076,2025-10-30,Emergency Leave,1,Approved,2025,10,October
1182,1040,2025-11-29,Earned Leave,1,Approved,2025,11,November
1183,1193,2025-02-10,Casual Leave,1,Approved,2025,2,February
1184,1330,2025-12-03,Casual Leave,1,Approved,2025,12,December
1185,1280,2025-08-04,Casual Leave,1,Approved,2025,8,August
1186,1100,2025-10-06,Sick Leave,1,Approved,2025,10,October
1187,1317,2025-11-10,Emergency Leave,1,Approved,2025,11,November
1188,1453,2025-03-25,Casual Leave,2,Approved,2025,3,March
1189,1078,2025-10-02,Earned Leave,1,Approved,2025,10,October
1190,1334,2025-10-13,Casual Leave,2,Approved,2025,10,October
1191,1409,2025-10-27,Earned Leave,1,Approved,2025,10,October
1192,1456,2025-12-12,Sick Leave,2,Approved,2025,12,December
1193,1382,2025-02-09,Casual Leave,2,Rejected,2025,2,February
1194,1241,2025-10-13,Earned Leave,3,Approved,2025,10,October
1195,1031,2025-08-05,Sick Leave,1,Approved,2025,8,August
1196,1049,2025-03-05,Casual Leave,1,Rejected,2025,3,March
1197,1192,2025-01-25,Earned Leave,1,Approved,2025,1,January
1198,1252,2025-05-05,Sick Leave,1,Approved,2025,5,May
1199,1211,2025-02-01,Sick Leave,2,Pending,2025,2,February
1200,1149,2025-03-03,Earned Leave,1,Approved,2025,3,March
1201,1001,2025-08-26,Earned Leave,1,Rejected,2025,8,August
1202,1478,2025-03-26,Earned Leave,2,Pending,2025,3,March
1203,1305,2025-12-22,Sick Leave,1,Approved,2025,12,December
1204,1280,2025-06-12,Earned Leave,2,Approved,2025,6,June
1205,1315,2025-02-02,Casual Leave,1,Pending,2025,2,February
1206,1363,2025-10-13,Casual Leave,1,Approved,2025,10,October
1207,1373,2025-11-28,Emergency Leave,2,Approved,2025,11,November
1208,1088,2025-10-31,Emergency Leave,1,Rejected,2025,10,October
1209,1084,2025-06-09,Earned Leave,1,Approved,2025,6,June
1210,1145,2025-01-12,Sick Leave,1,Approved,2025,1,January
1211,1073,2025-05-06,Casual Leave,1,Approved,2025,5,May
1212,1013,2025-11-03,Emergency Leave,2,Rejected,2025,11,November
1213,1298,2025-07-01,Sick Leave,2,Approved,2025,7,July
1214,1349,2025-06-02,Emergency Leave,2,Approved,2025,6,June
1215,1096,2025-08-30,Emergency Leave,1,Rejected,2025,8,August
1216,1426,2025-06-23,Sick Leave,1,Approved,2025,6,June
1217,1357,2025-10-03,Casual Leave,1,Approved,2025,10,October
1218,1494,2025-10-04,Earned Leave,1,Approved,2025,10,October
1219,1062,2025-09-06,Emergency Leave,1,Approved,2025,9,September
1220,1460,2025-10-22,Earned Leave,1,Approved,2025,10,October
1221,1151,2025-07-10,Emergency Leave,2,Approved,2025,7,July
1222,1277,2025-05-18,Sick Leave,2,Approved,2025,5,May
1223,1012,2025-04-07,Earned Leave,1,Approved,2025,4,April
1224,1455,2025-02-03,Emergency Leave,1,Approved,2025,2,February
1225,1173,2025-09-16,Casual Leave,1,Approved,2025,9,September
1226,1018,2025-07-11,Earned Leave,2,Approved,2025,7,July
1227,1448,2025-04-01,Casual Leave,2,Pending,2025,4,April
1228,1138,2025-04-01,Emergency Leave,1,Approved,2025,4,April
1229,1352,2025-06-09,Earned Leave,1,Pending,2025,6,June
1230,1344,2025-06-27,Emergency Leave,1,Rejected,2025,6,June
1231,1257,2025-03-08,Sick Leave,1,Approved,2025,3,March
1232,1108,2025-04-04,Emergency Leave,1,Pending,2025,4,April
1233,1292,2025-01-21,Casual Leave,1,Approved,2025,1,January
1234,1088,2025-12-16,Sick Leave,2,Approved,2025,12,December
1235,1110,2025-11-05,Sick Leave,1,Approved,2025,11,November
1236,1077,2025-12-31,Earned Leave,1,Approved,2025,12,December
1237,1442,2025-06-08,Casual Leave,2,Pending,2025,6,June
1238,1267,2025-09-16,Casual Leave,1,Approved,2025,9,September
1239,1147,2025-04-25,Casual Leave,1,Approved,2025,4,April
1240,1418,2025-08-27,Sick Leave,1,Approved,2025,8,August
1241,1067,2025-12-14,Emergency Leave,1,Approved,2025,12,December
1242,1383,2025-09-13,Emergency Leave,1,Approved,2025,9,September
1243,1450,2025-12-06,Earned Leave,1,Approved,2025,12,December
1244,1151,2025-05-09,Sick Leave,2,Approved,2025,5,May
1245,1487,2025-02-24,Casual Leave,2,Rejected,2025,2,February
1246,1346,2025-05-19,Sick Leave,1,Approved,2025,5,May
1247,1430,2025-11-03,Casual Leave,2,Pending,2025,11,November
1248,1324,2025-08-17,Emergency Leave,1,Approved,2025,8,August
1249,1317,2025-01-10,Casual Leave,1,Approved,2025,1,January
1250,1352,2025-03-10,Emergency Leave,1,Approved,2025,3,March
1251,1499,2025-02-18,Casual Leave,1,Approved,2025,2,February
1252,1354,2025-06-06,Emergency Leave,1,Rejected,2025,6,June
1253,1022,2025-04-11,Sick Leave,2,Approved,2025,4,April
1254,1018,2025-08-20,Emergency Leave,1,Approved,2025,8,August
1255,1294,2025-09-20,Casual Leave,1,Rejected,2025,9,September
1256,1117,2025-01-15,Emergency Leave,1,Rejected,2025,1,January
1257,1119,2025-06-26,Earned Leave,1,Approved,2025,6,June
1258,1228,2025-06-12,Earned Leave,1,Approved,2025,6,June
1259,1208,2025-08-09,Sick Leave,1,Approved,2025,8,August
1260,1395,2025-07-23,Emergency Leave,2,Pending,2025,7,July
1261,1024,2025-09-05,Earned Leave,2,Approved,2025,9,September
1262,1144,2025-10-03,Sick Leave,1,Approved,2025,10,October
1263,1494,2025-01-10,Earned Leave,1,Approved,2025,1,January
1264,1069,2025-04-06,Emergency Leave,1,Pending,2025,4,April
1265,1102,2025-04-11,Emergency Leave,1,Approved,2025,4,April
1266,1466,2025-10-22,Sick Leave,3,Approved,2025,10,October
1267,1107,2025-09-25,Emergency Leave,1,Approved,2025,9,September
1268,1189,2025-02-11,Earned Leave,1,Rejected,2025,2,February
1269,1347,2025-05-29,Earned Leave,3,Approved,2025,5,May
1270,1018,2025-02-24,Earned Leave,2,Approved,2025,2,February
1271,1475,2025-12-02,Emergency Leave,1,Approved,2025,12,December
1272,1210,2025-09-14,Earned Leave,1,Rejected,2025,9,September
1273,1316,2025-01-30,Casual Leave,1,Approved,2025,1,January
1274,1379,2025-06-20,Sick Leave,1,Approved,2025,6,June
1275,1003,2025-12-15,Earned Leave,3,Approved,2025,12,December
1276,1409,2025-05-18,Earned Leave,2,Rejected,2025,5,May
1277,1346,2025-04-17,Casual Leave,1,Approved,2025,4,April
1278,1349,2025-12-11,Earned Leave,2,Approved,2025,12,December
1279,1499,2025-09-20,Earned Leave,1,Approved,2025,9,September
1280,1479,2025-04-14,Emergency Leave,1,Approved,2025,4,April
1281,1477,2025-01-17,Earned Leave,1,Approved,2025,1,January
1282,1097,2025-01-27,Emergency Leave,3,Rejected,2025,1,January
1283,1355,2025-12-06,Sick Leave,1,Approved,2025,12,December
1284,1012,2025-08-12,Sick Leave,1,Rejected,2025,8,August
1285,1452,2025-05-16,Casual Leave,2,Approved,2025,5,May
1286,1402,2025-06-10,Casual Leave,2,Pending,2025,6,June
1287,1301,2025-02-16,Sick Leave,1,Approved,2025,2,February
1288,1329,2025-03-04,Emergency Leave,1,Approved,2025,3,March
1289,1383,2025-10-05,Earned Leave,1,Approved,2025,10,October
1290,1002,2025-09-26,Sick Leave,1,Approved,2025,9,September
1291,1077,2025-08-08,Casual Leave,1,Approved,2025,8,August
1292,1105,2025-10-24,Casual Leave,2,Rejected,2025,10,October
1293,1494,2025-03-15,Earned Leave,1,Approved,2025,3,March
1294,1477,2025-05-24,Emergency Leave,1,Approved,2025,5,May
1295,1074,2025-05-05,Earned Leave,1,Approved,2025,5,May
1296,1152,2025-01-25,Earned Leave,1,Pending,2025,1,January
1297,1483,2025-01-12,Emergency Leave,2,Rejected,2025,1,January
1298,1263,2025-12-27,Emergency Leave,1,Approved,2025,12,December
1299,1442,2025-09-02,Earned Leave,2,Approved,2025,9,September
1300,1452,2025-04-02,Earned Leave,2,Approved,2025,4,April
1301,1204,2025-02-24,Emergency Leave,1,Approved,2025,2,February
1302,1151,2025-06-14,Emergency Leave,1,Approved,2025,6,June
1303,1219,2025-01-11,Sick Leave,2,Approved,2025,1,January
1304,1011,2025-02-24,Casual Leave,1,Approved,2025,2,February
1305,1208,2025-06-11,Sick Leave,1,Approved,2025,6,June
1306,1117,2025-01-24,Emergency Leave,1,Approved,2025,1,January
1307,1350,2025-08-23,Sick Leave,2,Approved,2025,8,August
1308,1060,2025-12-09,Casual Leave,1,Approved,2025,12,December
1309,1059,2025-02-01,Earned Leave,1,Approved,2025,2,February
1310,1055,2025-02-26,Earned Leave,3,Approved,2025,2,February
1311,1400,2025-02-19,Casual Leave,1,Approved,2025,2,February
1312,1452,2025-07-03,Sick Leave,1,Approved,2025,7,July
1313,1278,2025-08-26,Earned Leave,1,Approved,2025,8,August
1314,1178,2025-03-12,Sick Leave,1,Rejected,2025,3,March
1315,1241,2025-12-09,Casual Leave,1,Approved,2025,12,December
1316,1075,2025-08-26,Casual Leave,1,Approved,2025,8,August
1317,1432,2025-08-11,Emergency Leave,2,Approved,2025,8,August
1318,1154,2025-02-26,Casual Leave,1,Approved,2025,2,February
1319,1471,2025-10-05,Sick Leave,1,Approved,2025,10,October
1320,1062,2025-10-03,Casual Leave,1,Pending,2025,10,October
1321,1419,2025-09-13,Earned Leave,1,Approved,2025,9,September
1322,1431,2025-12-21,Emergency Leave,2,Approved,2025,12,December
1323,1267,2025-07-02,Sick Leave,1,Approved,2025,7,July
1324,1125,2025-03-01,Sick Leave,1,Pending,2025,3,March
1325,1203,2025-05-21,Casual Leave,1,Approved,2025,5,May
1326,1033,2025-08-24,Earned Leave,1,Approved,2025,8,August
1327,1231,2025-01-17,Sick Leave,2,Approved,2025,1,January
1328,1107,2025-12-03,Sick Leave,2,Rejected,2025,12,December
1329,1317,2025-06-23,Earned Leave,2,Approved,2025,6,June
1330,1237,2025-05-19,Emergency Leave,1,Approved,2025,5,May
1331,1402,2025-08-31,Earned Leave,1,Approved,2025,8,August
1332,1439,2025-02-11,Sick Leave,2,Approved,2025,2,February
1333,1424,2025-01-21,Casual Leave,1,Approved,2025,1,January
1334,1273,2025-03-23,Earned Leave,1,Approved,2025,3,March
1335,1353,2025-09-19,Casual Leave,1,Approved,2025,9,September
1336,1467,2025-09-26,Earned Leave,1,Approved,2025,9,September
1337,1475,2025-12-02,Sick Leave,1,Approved,2025,12,December
1338,1155,2025-12-06,Casual Leave,1,Rejected,2025,12,December
1339,1097,2025-12-26,Emergency Leave,1,Rejected,2025,12,December
1340,1204,2025-01-04,Casual Leave,2,Rejected,2025,1,January
1341,1286,2025-12-29,Emergency Leave,1,Rejected,2025,12,December
1342,1481,2025-08-31,Sick Leave,3,Pending,2025,8,August
1343,1447,2025-11-10,Casual Leave,2,Approved,2025,11,November
1344,1022,2025-08-14,Earned Leave,2,Approved,2025,8,August
1345,1326,2025-04-17,Casual Leave,1,Approved,2025,4,April
1346,1111,2025-06-29,Earned Leave,1,Approved,2025,6,June
1347,1361,2025-08-15,Emergency Leave,1,Pending,2025,8,August
1348,1128,2025-05-30,Earned Leave,2,Approved,2025,5,May
1349,1136,2025-04-28,Emergency Leave,1,Approved,2025,4,April
1350,1252,2025-03-19,Casual Leave,1,Approved,2025,3,March
1351,1351,2025-10-17,Sick Leave,1,Approved,2025,10,October
1352,1296,2025-11-30,Sick Leave,1,Approved,2025,11,November
1353,1301,2025-12-09,Emergency Leave,1,Approved,2025,12,December
1354,1208,2025-11-07,Sick Leave,1,Rejected,2025,11,November
1355,1358,2025-03-12,Emergency Leave,3,Approved,2025,3,March
1356,1452,2025-04-29,Sick Leave,2,Approved,2025,4,April
1357,1059,2025-08-16,Sick Leave,1,Approved,2025,8,August
1358,1370,2025-11-04,Emergency Leave,2,Approved,2025,11,November
1359,1104,2025-02-24,Sick Leave,2,Approved,2025,2,February
1360,1313,2025-10-02,Emergency Leave,1,Approved,2025,10,October
1361,1468,2025-11-24,Sick Leave,1,Rejected,2025,11,November
1362,1296,2025-01-24,Sick Leave,1,Approved,2025,1,January
1363,1153,2025-01-04,Emergency Leave,1,Approved,2025,1,January
1364,1172,2025-11-13,Casual Leave,1,Approved,2025,11,November
1365,1198,2025-05-28,Earned Leave,1,Approved,2025,5,May
1366,1462,2025-07-22,Earned Leave,1,Approved,2025,7,July
1367,1363,2025-08-17,Earned Leave,2,Approved,2025,8,August
1368,1217,2025-09-10,Unknown,2,Approved,2025,9,September
1369,1476,2025-01-21,Earned Leave,1,Approved,2025,1,January
1370,1125,2025-12-09,Earned Leave,1,Approved,2025,12,December
1371,1297,2025-06-06,Earned Leave,2,Approved,2025,6,June
1372,1231,2025-09-15,Casual Leave,1,Approved,2025,9,September
1373,1380,2025-05-15,Earned Leave,2,Approved,2025,5,May
1374,1154,2025-02-28,Earned Leave,1,Approved,2025,2,February
1375,1094,2025-05-25,Emergency Leave,1,Approved,2025,5,May
1376,1435,2025-03-24,Earned Leave,2,Approved,2025,3,March
1377,1167,2025-10-15,Casual Leave,2,Approved,2025,10,October
1378,1304,2025-05-26,Sick Leave,1,Approved,2025,5,May
1379,1315,2025-12-25,Earned Leave,1,Rejected,2025,12,December
1380,1120,2025-04-30,Earned Leave,2,Rejected,2025,4,April
1381,1056,2025-04-19,Sick Leave,1,Approved,2025,4,April
1382,1232,2025-12-12,Casual Leave,1,Approved,2025,12,December
1383,1151,2025-12-30,Sick Leave,1,Approved,2025,12,December
1384,1366,2025-08-03,Sick Leave,1,Rejected,2025,8,August
1385,1363,2025-05-11,Earned Leave,1,Approved,2025,5,May
1386,1116,2025-08-17,Sick Leave,1,Approved,2025,8,August
1387,1213,2025-06-18,Earned Leave,1,Approved,2025,6,June
1388,1322,2025-09-05,Emergency Leave,1,Pending,2025,9,September
1389,1238,2025-07-31,Sick Leave,1,Approved,2025,7,July
1390,1019,2025-12-17,Sick Leave,1,Approved,2025,12,December
1391,1032,2025-03-07,Casual Leave,2,Pending,2025,3,March
1392,1491,2025-02-08,Emergency Leave,1,Approved,2025,2,February
1393,1230,2025-04-18,Casual Leave,1,Approved,2025,4,April
1394,1295,2025-08-24,Sick Leave,1,Approved,2025,8,August
1395,1133,2025-07-26,Earned Leave,3,Approved,2025,7,July
1396,1113,2025-11-20,Emergency Leave,2,Pending,2025,11,November
1397,1169,2025-04-25,Emergency Leave,1,Approved,2025,4,April
1398,1300,2025-03-07,Casual Leave,2,Approved,2025,3,March
1399,1293,2025-02-22,Sick Leave,2,Approved,2025,2,February
1400,1476,2025-07-08,Sick Leave,3,Approved,2025,7,July
1401,1392,2025-04-28,Sick Leave,1,Approved,2025,4,April
1402,1267,2025-10-20,Emergency Leave,1,Rejected,2025,10,October
1403,1257,2025-02-10,Sick Leave,1,Rejected,2025,2,February
1404,1031,2025-06-01,Casual Leave,2,Approved,2025,6,June
1405,1417,2025-12-30,Earned Leave,1,Pending,2025,12,December
1406,1450,2025-07-29,Earned Leave,2,Approved,2025,7,July
1407,1466,2025-05-04,Earned Leave,1,Approved,2025,5,May
1408,1168,2025-06-30,Earned Leave,1,Approved,2025,6,June
1409,1155,2025-12-10,Casual Leave,1,Approved,2025,12,December
1410,1093,2025-04-20,Emergency Leave,1,Approved,2025,4,April
1411,1372,2025-05-28,Emergency Leave,1,Approved,2025,5,May
1412,1101,2025-01-07,Emergency Leave,1,Approved,2025,1,January
1413,1471,2025-02-26,Casual Leave,2,Approved,2025,2,February
1414,1388,2025-01-21,Casual Leave,1,Approved,2025,1,January
1415,1130,2025-09-22,Emergency Leave,1,Approved,2025,9,September
1416,1359,2025-11-28,Casual Leave,1,Approved,2025,11,November
1417,1215,2025-07-23,Earned Leave,1,Rejected,2025,7,July
1418,1499,2025-06-26,Emergency Leave,1,Approved,2025,6,June
1419,1115,2025-08-27,Emergency Leave,1,Approved,2025,8,August
1420,1496,2025-10-26,Sick Leave,1,Approved,2025,10,October
1421,1319,2025-07-27,Earned Leave,1,Approved,2025,7,July
1422,1496,2025-12-27,Emergency Leave,2,Approved,2025,12,December
1423,1483,2025-11-12,Sick Leave,1,Approved,2025,11,November
1424,1398,2025-09-06,Earned Leave,2,Approved,2025,9,September
1425,1444,2025-09-01,Sick Leave,1,Approved,2025,9,September
1426,1062,2025-05-04,Earned Leave,1,Rejected,2025,5,May
1427,1117,2025-11-10,Sick Leave,1,Approved,2025,11,November
1428,1432,2025-10-02,Casual Leave,1,Approved,2025,10,October
1429,1087,2025-09-09,Emergency Leave,2,Approved,2025,9,September
1430,1350,2025-12-20,Emergency Leave,1,Pending,2025,12,December
1431,1183,2025-03-08,Emergency Leave,2,Approved,2025,3,March
1432,1053,2025-10-17,Casual Leave,1,Approved,2025,10,October
1433,1030,2025-05-17,Emergency Leave,1,Approved,2025,5,May
1434,1361,2025-02-10,Sick Leave,1,Approved,2025,2,February
1435,1293,2025-08-10,Casual Leave,1,Approved,2025,8,August
1436,1440,2025-06-23,Sick Leave,1,Approved,2025,6,June
1437,1449,2025-12-19,Sick Leave,1,Approved,2025,12,December
1438,1098,2025-11-18,Earned Leave,3,Rejected,2025,11,November
1439,1443,2025-11-02,Earned Leave,1,Pending,2025,11,November
1440,1017,2025-08-11,Sick Leave,1,Approved,2025,8,August
1441,1450,2025-07-21,Emergency Leave,1,Approved,2025,7,July
1442,1392,2025-10-11,Earned Leave,1,Approved,2025,10,October
1443,1077,2025-06-13,Earned Leave,2,Approved,2025,6,June
1444,1001,2025-09-24,Casual Leave,2,Approved,2025,9,September
1445,1006,2025-07-04,Sick Leave,1,Approved,2025,7,July
1446,1245,2025-06-14,Casual Leave,2,Approved,2025,6,June
1447,1499,2025-09-17,Casual Leave,1,Approved,2025,9,September
1448,1270,2025-08-29,Sick Leave,1,Pending,2025,8,August
1449,1113,2025-01-17,Sick Leave,1,Approved,2025,1,January
1450,1318,2025-10-04,Emergency Leave,1,Approved,2025,10,October
1451,1238,2025-12-26,Emergency Leave,1,Approved,2025,12,December
1452,1116,2025-10-25,Casual Leave,3,Approved,2025,10,October
1453,1108,2025-06-25,Emergency Leave,1,Approved,2025,6,June
1454,1073,2025-05-10,Earned Leave,2,Approved,2025,5,May
1455,1061,2025-01-29,Earned Leave,1,Approved,2025,1,January
1456,1500,2025-03-17,Casual Leave,2,Rejected,2025,3,March
1457,1294,2025-02-19,Sick Leave,1,Approved,2025,2,February
1458,1018,2025-06-18,Sick Leave,2,Approved,2025,6,June
1459,1385,2025-07-16,Casual Leave,1,Approved,2025,7,July
1460,1281,2025-07-23,Sick Leave,1,Approved,2025,7,July
1461,1286,2025-06-29,Earned Leave,2,Approved,2025,6,June
1462,1147,2025-06-04,Sick Leave,1,Approved,2025,6,June
1463,1337,2025-01-24,Earned Leave,1,Approved,2025,1,January
1464,1171,2025-06-09,Casual Leave,1,Approved,2025,6,June
1465,1357,2025-08-18,Earned Leave,1,Approved,2025,8,August
1466,1194,2025-12-15,Emergency Leave,1,Pending,2025,12,December
1467,1357,2025-08-26,Sick Leave,1,Approved,2025,8,August
1468,1424,2025-07-17,Earned Leave,1,Approved,2025,7,July
1469,1023,2025-06-09,Emergency Leave,1,Approved,2025,6,June
1470,1298,2025-04-27,Casual Leave,1,Approved,2025,4,April
1471,1333,2025-12-11,Earned Leave,1,Approved,2025,12,December
1472,1424,2025-03-31,Sick Leave,1,Approved,2025,3,March
1473,1367,2025-11-25,Sick Leave,1,Approved,2025,11,November
1474,1286,2025-04-10,Casual Leave,1,Approved,2025,4,April
1475,1418,2025-11-28,Casual Leave,1,Approved,2025,11,November
1476,1374,2025-09-23,Casual Leave,2,Approved,2025,9,September
1477,1243,2025-12-08,Earned Leave,1,Approved,2025,12,December
1478,1098,2025-06-07,Earned Leave,1,Approved,2025,6,June
1479,1487,2025-10-11,Emergency Leave,2,Approved,2025,10,October
1480,1029,2025-07-18,Earned Leave,1,Approved,2025,7,July
1481,1307,2025-07-15,Sick Leave,2,Approved,2025,7,July
1482,1404,2025-03-03,Earned Leave,2,Approved,2025,3,March
1483,1125,2025-03-22,Casual Leave,1,Approved,2025,3,March
1484,1043,2025-01-08,Casual Leave,2,Approved,2025,1,January
1485,1214,2025-01-24,Sick Leave,1,Approved,2025,1,January
1486,1007,2025-06-24,Earned Leave,1,Rejected,2025,6,June
1487,1326,2025-02-25,Earned Leave,1,Approved,2025,2,February
1488,1051,2025-02-28,Emergency Leave,1,Approved,2025,2,February
1489,1459,2025-11-10,Sick Leave,1,Approved,2025,11,November
1490,1399,2025-02-25,Earned Leave,1,Approved,2025,2,February
1491,1094,2025-07-07,Emergency Leave,1,Pending,2025,7,July
1492,1472,2025-11-26,Sick Leave,2,Rejected,2025,11,November
1493,1414,2025-10-05,Emergency Leave,1,Approved,2025,10,October
1494,1324,2025-07-25,Casual Leave,1,Rejected,2025,7,July
1495,1173,2025-04-19,Earned Leave,2,Approved,2025,4,April
1496,1376,2025-11-18,Casual Leave,1,Approved,2025,11,November
1497,1422,2025-12-04,Casual Leave,1,Approved,2025,12,December
1498,1029,2025-07-30,Sick Leave,1,Approved,2025,7,July
1499,1218,2025-01-28,Earned Leave,2,Approved,2025,1,January
1500,1386,2025-10-05,Sick Leave,1,Approved,2025,10,October
1501,1039,2025-08-23,Earned Leave,1,Approved,2025,8,August
1502,1465,2025-08-10,Sick Leave,1,Approved,2025,8,August
1503,1190,2025-03-03,Casual Leave,1,Pending,2025,3,March
1504,1330,2025-01-16,Earned Leave,1,Approved,2025,1,January
1505,1362,2025-06-20,Earned Leave,1,Approved,2025,6,June
1506,1142,2025-10-10,Emergency Leave,2,Rejected,2025,10,October
1507,1110,2025-01-15,Emergency Leave,1,Approved,2025,1,January
1508,1046,2025-11-05,Emergency Leave,2,Rejected,2025,11,November
1509,1209,2025-08-26,Casual Leave,1,Approved,2025,8,August
1510,1064,2025-12-22,Sick Leave,1,Approved,2025,12,December
1511,1116,2025-01-08,Sick Leave,1,Approved,2025,1,January
1512,1288,2025-11-16,Emergency Leave,1,Approved,2025,11,November
1513,1053,2025-12-10,Casual Leave,2,Rejected,2025,12,December
1514,1439,2025-11-30,Sick Leave,1,Approved,2025,11,November
1515,1416,2025-04-09,Emergency Leave,1,Rejected,2025,4,April
1516,1101,2025-02-23,Casual Leave,1,Approved,2025,2,February
1517,1068,2025-05-15,Emergency Leave,1,Approved,2025,5,May
1518,1473,2025-08-24,Sick Leave,1,Approved,2025,8,August
1519,1288,2025-02-02,Emergency Leave,1,Approved,2025,2,February
1520,1222,2025-06-10,Earned Leave,2,Approved,2025,6,June
1521,1165,2025-02-11,Earned Leave,1,Approved,2025,2,February
1522,1146,2025-02-28,Earned Leave,1,Approved,2025,2,February
1523,1363,2025-07-26,Sick Leave,1,Approved,2025,7,July
1524,1302,2025-06-09,Sick Leave,1,Pending,2025,6,June
1525,1308,2025-05-25,Sick Leave,1,Rejected,2025,5,May
1526,1150,2025-10-31,Sick Leave,1,Approved,2025,10,October
1527,1119,2025-11-08,Casual Leave,1,Rejected,2025,11,November
1528,1382,2025-10-18,Earned Leave,2,Approved,2025,10,October
1529,1251,2025-09-05,Casual Leave,1,Pending,2025,9,September
1530,1005,2025-05-11,Casual Leave,1,Approved,2025,5,May
1531,1249,2025-11-28,Earned Leave,2,Approved,2025,11,November
1532,1209,2025-10-24,Sick Leave,1,Rejected,2025,10,October
1533,1212,2025-06-03,Sick Leave,1,Rejected,2025,6,June
1534,1266,2025-09-01,Earned Leave,1,Pending,2025,9,September
1535,1177,2025-07-03,Earned Leave,1,Approved,2025,7,July
1536,1239,2025-07-16,Earned Leave,1,Approved,2025,7,July
1537,1256,2025-07-13,Earned Leave,1,Approved,2025,7,July
1538,1458,2025-08-08,Casual Leave,1,Approved,2025,8,August
1539,1358,2025-09-17,Earned Leave,1,Approved,2025,9,September
1540,1349,2025-07-14,Emergency Leave,3,Approved,2025,7,July
1541,1366,2025-02-08,Emergency Leave,1,Approved,2025,2,February
1542,1342,2025-10-06,Emergency Leave,1,Approved,2025,10,October
1543,1203,2025-11-12,Earned Leave,1,Approved,2025,11,November
1544,1161,2025-06-25,Sick Leave,2,Approved,2025,6,June
1545,1203,2025-03-13,Sick Leave,1,Pending,2025,3,March
1546,1069,2025-10-08,Sick Leave,3,Approved,2025,10,October
1547,1192,2025-04-12,Sick Leave,1,Approved,2025,4,April
1548,1481,2025-07-07,Earned Leave,1,Approved,2025,7,July
1549,1204,2025-06-18,Emergency Leave,1,Pending,2025,6,June
1550,1400,2025-03-24,Sick Leave,1,Rejected,2025,3,March
1551,1047,2025-08-11,Emergency Leave,2,Rejected,2025,8,August
1552,1107,2025-11-23,Sick Leave,1,Approved,2025,11,November
1553,1392,2025-04-05,Casual Leave,1,Approved,2025,4,April
1554,1276,2025-07-09,Earned Leave,1,Approved,2025,7,July
1555,1070,2025-01-10,Sick Leave,1,Approved,2025,1,January
1556,1112,2025-04-17,Sick Leave,2,Approved,2025,4,April
1557,1174,2025-09-30,Sick Leave,1,Approved,2025,9,September
1558,1416,2025-07-23,Casual Leave,1,Approved,2025,7,July
1559,1004,2025-01-05,Earned Leave,1,Approved,2025,1,January
1560,1226,2025-03-23,Earned Leave,1,Approved,2025,3,March
1561,1029,2025-11-21,Emergency Leave,1,Approved,2025,11,November
1562,1086,2025-12-06,Emergency Leave,1,Approved,2025,12,December
1563,1465,2025-06-23,Casual Leave,2,Rejected,2025,6,June
1564,1047,2025-08-12,Casual Leave,2,Approved,2025,8,August
1565,1245,2025-11-25,Emergency Leave,1,Rejected,2025,11,November
1566,1400,2025-10-12,Sick Leave,1,Approved,2025,10,October
1567,1074,2025-03-06,Emergency Leave,2,Approved,2025,3,March
1568,1500,2025-02-15,Emergency Leave,2,Approved,2025,2,February
1569,1087,2025-06-23,Casual Leave,1,Approved,2025,6,June
1570,1158,2025-08-21,Emergency Leave,1,Approved,2025,8,August
1571,1231,2025-03-21,Sick Leave,1,Approved,2025,3,March
1572,1015,2025-11-18,Earned Leave,2,Approved,2025,11,November
1573,1118,2025-05-26,Emergency Leave,1,Approved,2025,5,May
1574,1318,2025-10-24,Sick Leave,2,Approved,2025,10,October
1575,1324,2025-07-11,Emergency Leave,1,Approved,2025,7,July
1576,1099,2025-02-17,Emergency Leave,2,Approved,2025,2,February
1577,1316,2025-04-02,Casual Leave,1,Approved,2025,4,April
1578,1262,2025-02-27,Emergency Leave,1,Approved,2025,2,February
1579,1069,2025-07-17,Sick Leave,1,Approved,2025,7,July
1580,1048,2025-10-11,Emergency Leave,1,Approved,2025,10,October
1581,1278,2025-08-27,Sick Leave,1,Approved,2025,8,August
1582,1169,2025-10-08,Emergency Leave,2,Approved,2025,10,October
1583,1447,2025-08-12,Casual Leave,1,Approved,2025,8,August
1584,1353,2025-10-21,Earned Leave,1,Approved,2025,10,October
1585,1155,2025-05-30,Emergency Leave,1,Approved,2025,5,May
1586,1183,2025-03-04,Emergency Leave,3,Pending,2025,3,March
1587,1383,2025-11-11,Sick Leave,2,Approved,2025,11,November
1588,1316,2025-07-03,Sick Leave,2,Approved,2025,7,July
1589,1385,2025-08-05,Sick Leave,1,Rejected,2025,8,August
1590,1453,2025-08-28,Casual Leave,1,Approved,2025,8,August
1591,1220,2025-11-26,Casual Leave,1,Rejected,2025,11,November
1592,1319,2025-09-26,Emergency Leave,3,Approved,2025,9,September
1593,1378,2025-01-18,Emergency Leave,2,Approved,2025,1,January
1594,1049,2025-04-16,Earned Leave,1,Approved,2025,4,April
1595,1235,2025-11-18,Earned Leave,1,Approved,2025,11,November
1596,1051,2025-01-19,Emergency Leave,1,Rejected,2025,1,January
1597,1078,2025-06-02,Earned Leave,1,Approved,2025,6,June
1598,1439,2025-03-30,Casual Leave,1,Approved,2025,3,March
1599,1203,2025-02-02,Casual Leave,1,Pending,2025,2,February
1600,1052,2025-09-17,Emergency Leave,1,Pending,2025,9,September
1601,1210,2025-12-24,Sick Leave,1,Approved,2025,12,December
1602,1202,2025-04-07,Earned Leave,1,Approved,2025,4,April
1603,1002,2025-01-17,Emergency Leave,1,Approved,2025,1,January
1604,1129,2025-10-03,Earned Leave,1,Approved,2025,10,October
1605,1249,2025-06-16,Earned Leave,2,Approved,2025,6,June
1606,1144,2025-10-29,Casual Leave,1,Approved,2025,10,October
1607,1001,2025-06-22,Emergency Leave,1,Approved,2025,6,June
1608,1420,2025-02-14,Casual Leave,2,Approved,2025,2,February
1609,1466,2025-09-13,Sick Leave,1,Approved,2025,9,September
1610,1439,2025-12-10,Casual Leave,2,Approved,2025,12,December
1611,1357,2025-02-17,Casual Leave,1,Rejected,2025,2,February
1612,1247,2025-10-13,Sick Leave,1,Approved,2025,10,October
1613,1312,2025-12-15,Casual Leave,1,Approved,2025,12,December
1614,1246,2025-07-10,Emergency Leave,1,Approved,2025,7,July
1615,1202,2025-04-09,Casual Leave,1,Rejected,2025,4,April
1616,1109,2025-11-18,Sick Leave,1,Approved,2025,11,November
1617,1293,2025-01-29,Sick Leave,1,Approved,2025,1,January
1618,1229,2025-08-08,Sick Leave,1,Rejected,2025,8,August
1619,1155,2025-05-13,Sick Leave,1,Approved,2025,5,May
1620,1418,2025-10-10,Casual Leave,1,Approved,2025,10,October
1621,1373,2025-04-23,Earned Leave,1,Approved,2025,4,April
1622,1104,2025-10-05,Sick Leave,1,Approved,2025,10,October
1623,1474,2025-05-07,Emergency Leave,1,Approved,2025,5,May
1624,1479,2025-04-06,Unknown,1,Pending,2025,4,April
1625,1250,2025-11-30,Emergency Leave,1,Rejected,2025,11,November
1626,1377,2025-10-28,Casual Leave,1,Approved,2025,10,October
1627,1103,2025-05-02,Emergency Leave,1,Rejected,2025,5,May
1628,1499,2025-07-29,Earned Leave,1,Pending,2025,7,July
1629,1309,2025-12-05,Earned Leave,3,Pending,2025,12,December
1630,1309,2025-12-06,Casual Leave,1,Approved,2025,12,December
1631,1076,2025-06-07,Emergency Leave,2,Approved,2025,6,June
1632,1260,2025-06-24,Earned Leave,1,Approved,2025,6,June
1633,1083,2025-03-21,Sick Leave,1,Approved,2025,3,March
1634,1202,2025-08-13,Emergency Leave,3,Approved,2025,8,August
1635,1316,2025-02-10,Earned Leave,1,Approved,2025,2,February
1636,1238,2025-03-01,Unknown,1,Pending,2025,3,March
1637,1341,2025-09-02,Casual Leave,1,Approved,2025,9,September
1638,1212,2025-02-04,Sick Leave,1,Approved,2025,2,February
1639,1309,2025-10-15,Casual Leave,2,Approved,2025,10,October
1640,1265,2025-11-18,Casual Leave,1,Approved,2025,11,November
1641,1064,2025-05-14,Earned Leave,1,Approved,2025,5,May
1642,1104,2025-02-27,Emergency Leave,1,Pending,2025,2,February
1643,1080,2025-06-18,Casual Leave,1,Approved,2025,6,June
1644,1269,2025-08-12,Emergency Leave,1,Approved,2025,8,August
1645,1248,2025-04-30,Casual Leave,1,Approved,2025,4,April
1646,1176,2025-12-01,Casual Leave,2,Approved,2025,12,December
1647,1165,2025-07-22,Casual Leave,1,Rejected,2025,7,July
1648,1097,2025-02-26,Casual Leave,2,Approved,2025,2,February
1649,1022,2025-10-14,Earned Leave,2,Approved,2025,10,October
1650,1039,2025-09-20,Casual Leave,1,Approved,2025,9,September
1651,1066,2025-07-21,Emergency Leave,2,Approved,2025,7,July
1652,1235,2025-09-02,Sick Leave,1,Approved,2025,9,September
1653,1454,2025-03-21,Emergency Leave,1,Pending,2025,3,March
1654,1006,2025-04-06,Emergency Leave,1,Pending,2025,4,April
1655,1307,2025-01-10,Emergency Leave,2,Approved,2025,1,January
1656,1350,2025-03-31,Earned Leave,2,Pending,2025,3,March
1657,1175,2025-08-29,Casual Leave,1,Pending,2025,8,August
1658,1340,2025-04-16,Emergency Leave,1,Approved,2025,4,April
1659,1353,2025-03-23,Earned Leave,1,Approved,2025,3,March
1660,1266,2025-01-28,Emergency Leave,1,Approved,2025,1,January
1661,1488,2025-02-15,Sick Leave,2,Pending,2025,2,February
1662,1499,2025-02-02,Casual Leave,1,Rejected,2025,2,February
1663,1430,2025-03-08,Casual Leave,1,Approved,2025,3,March
1664,1334,2025-01-12,Sick Leave,1,Approved,2025,1,January
1665,1171,2025-03-30,Sick Leave,1,Rejected,2025,3,March
1666,1392,2025-06-10,Emergency Leave,1,Approved,2025,6,June
1667,1220,2025-04-29,Emergency Leave,1,Approved,2025,4,April
1668,1295,2025-08-09,Emergency Leave,1,Rejected,2025,8,August
1669,1377,2025-11-07,Emergency Leave,1,Approved,2025,11,November
1670,1456,2025-11-22,Casual Leave,2,Approved,2025,11,November
1671,1264,2025-08-19,Earned Leave,1,Approved,2025,8,August
1672,1451,2025-01-06,Sick Leave,1,Approved,2025,1,January
1673,1029,2025-07-15,Earned Leave,1,Approved,2025,7,July
1674,1140,2025-05-25,Sick Leave,1,Approved,2025,5,May
1675,1325,2025-06-03,Earned Leave,2,Pending,2025,6,June
1676,1038,2025-03-22,Sick Leave,1,Approved,2025,3,March
1677,1118,2025-04-18,Emergency Leave,1,Approved,2025,4,April
1678,1246,2025-10-28,Emergency Leave,2,Approved,2025,10,October
1679,1304,2025-10-22,Emergency Leave,1,Approved,2025,10,October
1680,1418,2025-10-18,Sick Leave,1,Approved,2025,10,October
1681,1396,2025-06-20,Sick Leave,1,Approved,2025,6,June
1682,1343,2025-06-19,Casual Leave,3,Rejected,2025,6,June
1683,1491,2025-10-24,Earned Leave,1,Approved,2025,10,October
1684,1299,2025-08-30,Emergency Leave,1,Approved,2025,8,August
1685,1492,2025-06-21,Casual Leave,1,Pending,2025,6,June
1686,1427,2025-03-04,Emergency Leave,1,Rejected,2025,3,March
1687,1098,2025-03-11,Casual Leave,1,Approved,2025,3,March
1688,1427,2025-12-01,Earned Leave,1,Rejected,2025,12,December
1689,1271,2025-08-05,Sick Leave,2,Approved,2025,8,August
1690,1422,2025-12-17,Emergency Leave,1,Approved,2025,12,December
1691,1375,2025-08-30,Earned Leave,3,Approved,2025,8,August
1692,1179,2025-05-29,Earned Leave,1,Rejected,2025,5,May
1693,1337,2025-04-06,Sick Leave,1,Approved,2025,4,April
1694,1251,2025-07-05,Earned Leave,2,Approved,2025,7,July
1695,1099,2025-07-28,Earned Leave,3,Approved,2025,7,July
1696,1241,2025-06-02,Casual Leave,2,Approved,2025,6,June
1697,1091,2025-02-17,Emergency Leave,1,Approved,2025,2,February
1698,1423,2025-03-16,Emergency Leave,2,Approved,2025,3,March
1699,1121,2025-04-03,Emergency Leave,2,Approved,2025,4,April
1700,1331,2025-06-28,Earned Leave,1,Approved,2025,6,June
1701,1265,2025-03-02,Emergency Leave,1,Approved,2025,3,March
1702,1206,2025-09-21,Casual Leave,1,Approved,2025,9,September
1703,1039,2025-05-15,Sick Leave,1,Approved,2025,5,May
1704,1001,2025-01-11,Casual Leave,2,Rejected,2025,1,January
1705,1381,2025-08-05,Sick Leave,1,Approved,2025,8,August
1706,1318,2025-10-10,Casual Leave,1,Approved,2025,10,October
1707,1007,2025-09-11,Earned Leave,1,Approved,2025,9,September
1708,1063,2025-06-12,Earned Leave,2,Rejected,2025,6,June
1709,1447,2025-01-25,Earned Leave,1,Approved,2025,1,January
1710,1198,2025-02-09,Emergency Leave,1,Approved,2025,2,February
1711,1396,2025-07-03,Earned Leave,1,Approved,2025,7,July
1712,1321,2025-02-17,Emergency Leave,1,Approved,2025,2,February
1713,1425,2025-01-14,Casual Leave,1,Approved,2025,1,January
1714,1125,2025-07-08,Emergency Leave,1,Approved,2025,7,July
1715,1469,2025-02-02,Earned Leave,1,Approved,2025,2,February
1716,1232,2025-11-02,Casual Leave,1,Approved,2025,11,November
1717,1472,2025-01-04,Emergency Leave,1,Approved,2025,1,January
1718,1017,2025-09-10,Casual Leave,1,Pending,2025,9,September
1719,1049,2025-05-15,Casual Leave,1,Approved,2025,5,May
1720,1026,2025-05-17,Earned Leave,1,Approved,2025,5,May
1721,1086,2025-02-22,Casual Leave,1,Approved,2025,2,February
1722,1453,2025-07-19,Earned Leave,1,Approved,2025,7,July
1723,1042,2025-05-09,Casual Leave,3,Approved,2025,5,May
1724,1260,2025-05-20,Earned Leave,2,Approved,2025,5,May
1725,1064,2025-01-10,Sick Leave,1,Approved,2025,1,January
1726,1105,2025-06-20,Earned Leave,2,Approved,2025,6,June
1727,1183,2025-09-04,Emergency Leave,2,Approved,2025,9,September
1728,1296,2025-05-15,Earned Leave,1,Approved,2025,5,May
1729,1323,2025-09-02,Emergency Leave,1,Approved,2025,9,September
1730,1409,2025-04-14,Casual Leave,1,Pending,2025,4,April
1731,1289,2025-08-01,Sick Leave,2,Approved,2025,8,August
1732,1161,2025-11-29,Sick Leave,1,Approved,2025,11,November
1733,1013,2025-05-09,Earned Leave,1,Approved,2025,5,May
1734,1124,2025-06-30,Earned Leave,1,Approved,2025,6,June
1735,1457,2025-09-24,Earned Leave,1,Approved,2025,9,September
1736,1315,2025-10-27,Emergency Leave,1,Approved,2025,10,October
1737,1493,2025-12-27,Sick Leave,1,Approved,2025,12,December
1738,1011,2025-05-06,Casual Leave,1,Approved,2025,5,May
1739,1057,2025-09-12,Casual Leave,1,Approved,2025,9,September
1740,1108,2025-07-30,Sick Leave,2,Approved,2025,7,July
1741,1111,2025-10-05,Casual Leave,1,Approved,2025,10,October
1742,1474,2025-11-21,Casual Leave,2,Approved,2025,11,November
1743,1180,2025-07-03,Emergency Leave,1,Approved,2025,7,July
1744,1478,2025-01-21,Earned Leave,1,Rejected,2025,1,January
1745,1367,2025-07-28,Emergency Leave,1,Approved,2025,7,July
1746,1013,2025-05-28,Casual Leave,1,Approved,2025,5,May
1747,1496,2025-02-25,Emergency Leave,1,Rejected,2025,2,February
1748,1102,2025-12-21,Emergency Leave,1,Approved,2025,12,December
1749,1384,2025-01-04,Casual Leave,1,Approved,2025,1,January
1750,1174,2025-09-21,Casual Leave,2,Approved,2025,9,September
1751,1132,2025-08-14,Casual Leave,1,Approved,2025,8,August
1752,1226,2025-04-21,Emergency Leave,1,Approved,2025,4,April
1753,1184,2025-01-17,Sick Leave,2,Approved,2025,1,January
1754,1211,2025-12-26,Casual Leave,2,Approved,2025,12,December
1755,1317,2025-01-06,Sick Leave,1,Approved,2025,1,January
1756,1095,2025-02-12,Casual Leave,2,Approved,2025,2,February
1757,1235,2025-03-08,Emergency Leave,3,Approved,2025,3,March
1758,1331,2025-07-26,Sick Leave,1,Approved,2025,7,July
1759,1417,2025-08-28,Earned Leave,1,Approved,2025,8,August
1760,1367,2025-02-05,Sick Leave,1,Rejected,2025,2,February
1761,1468,2025-08-18,Emergency Leave,1,Approved,2025,8,August
1762,1194,2025-09-15,Emergency Leave,1,Pending,2025,9,September
1763,1486,2025-10-14,Sick Leave,2,Approved,2025,10,October
1764,1149,2025-09-22,Emergency Leave,1,Approved,2025,9,September
1765,1338,2025-03-19,Sick Leave,1,Rejected,2025,3,March
1766,1095,2025-10-26,Casual Leave,2,Approved,2025,10,October
1767,1258,2025-06-14,Casual Leave,2,Pending,2025,6,June
1768,1158,2025-01-15,Earned Leave,1,Approved,2025,1,January
1769,1049,2025-11-14,Casual Leave,1,Approved,2025,11,November
1770,1217,2025-11-09,Emergency Leave,1,Pending,2025,11,November
1771,1412,2025-10-10,Earned Leave,1,Approved,2025,10,October
1772,1414,2025-06-06,Casual Leave,3,Approved,2025,6,June
1773,1071,2025-10-04,Casual Leave,1,Approved,2025,10,October
1774,1142,2025-06-22,Earned Leave,1,Approved,2025,6,June
1775,1396,2025-09-17,Earned Leave,1,Approved,2025,9,September
1776,1243,2025-04-27,Casual Leave,2,Approved,2025,4,April
1777,1248,2025-03-03,Sick Leave,2,Approved,2025,3,March
1778,1013,2025-03-26,Casual Leave,1,Approved,2025,3,March
1779,1168,2025-03-31,Casual Leave,1,Rejected,2025,3,March
1780,1106,2025-02-27,Sick Leave,1,Approved,2025,2,February
1781,1112,2025-05-08,Sick Leave,3,Approved,2025,5,May
1782,1195,2025-03-18,Sick Leave,1,Approved,2025,3,March
1783,1269,2025-01-10,Emergency Leave,1,Approved,2025,1,January
1784,1291,2025-07-30,Casual Leave,2,Rejected,2025,7,July
1785,1029,2025-01-03,Sick Leave,3,Approved,2025,1,January
1786,1446,2025-12-16,Casual Leave,1,Approved,2025,12,December
1787,1001,2025-11-23,Emergency Leave,1,Rejected,2025,11,November
1788,1207,2025-07-27,Sick Leave,1,Approved,2025,7,July
1789,1359,2025-03-09,Sick Leave,2,Approved,2025,3,March
1790,1031,2025-06-30,Casual Leave,3,Rejected,2025,6,June
1791,1500,2025-11-25,Emergency Leave,1,Approved,2025,11,November
1792,1142,2025-06-13,Sick Leave,1,Approved,2025,6,June
1793,1306,2025-01-06,Emergency Leave,1,Approved,2025,1,January
1794,1143,2025-03-03,Sick Leave,1,Approved,2025,3,March
1795,1003,2025-08-01,Emergency Leave,1,Pending,2025,8,August
1796,1052,2025-11-10,Earned Leave,1,Pending,2025,11,November
1797,1268,2025-11-22,Emergency Leave,1,Approved,2025,11,November
1798,1345,2025-04-21,Earned Leave,1,Approved,2025,4,April
1799,1349,2025-12-25,Earned Leave,1,Approved,2025,12,December
1800,1045,2025-01-19,Sick Leave,2,Pending,2025,1,January
1801,1420,2025-07-11,Sick Leave,2,Approved,2025,7,July
1802,1349,2025-12-01,Sick Leave,1,Approved,2025,12,December
1803,1036,2025-09-21,Casual Leave,1,Approved,2025,9,September
1804,1423,2025-11-09,Earned Leave,2,Approved,2025,11,November
1805,1150,2025-03-15,Earned Leave,1,Rejected,2025,3,March
1806,1031,2025-08-02,Casual Leave,1,Approved,2025,8,August
1807,1034,2025-02-01,Casual Leave,1,Approved,2025,2,February
1808,1123,2025-05-20,Casual Leave,2,Approved,2025,5,May
1809,1412,2025-03-09,Emergency Leave,1,Rejected,2025,3,March
1810,1053,2025-12-21,Casual Leave,1,Approved,2025,12,December
1811,1321,2025-01-21,Sick Leave,1,Approved,2025,1,January
1812,1119,2025-01-01,Casual Leave,1,Approved,2025,1,January
1813,1234,2025-01-29,Casual Leave,1,Pending,2025,1,January
1814,1116,2025-04-03,Casual Leave,1,Rejected,2025,4,April
1815,1016,2025-07-10,Emergency Leave,1,Approved,2025,7,July
1816,1207,2025-10-24,Earned Leave,1,Pending,2025,10,October
1817,1263,2025-08-16,Casual Leave,1,Approved,2025,8,August
1818,1341,2025-03-24,Emergency Leave,2,Approved,2025,3,March
1819,1114,2025-03-25,Earned Leave,1,Approved,2025,3,March
1820,1226,2025-10-18,Casual Leave,2,Approved,2025,10,October
1821,1071,2025-01-05,Sick Leave,1,Approved,2025,1,January
1822,1179,2025-12-18,Casual Leave,1,Approved,2025,12,December
1823,1151,2025-06-23,Sick Leave,2,Approved,2025,6,June
1824,1354,2025-10-14,Casual Leave,1,Approved,2025,10,October
1825,1249,2025-11-16,Casual Leave,3,Approved,2025,11,November
1826,1089,2025-12-09,Casual Leave,1,Approved,2025,12,December
1827,1130,2025-01-15,Casual Leave,1,Approved,2025,1,January
1828,1092,2025-10-26,Earned Leave,2,Approved,2025,10,October
1829,1157,2025-08-08,Earned Leave,1,Approved,2025,8,August
1830,1439,2025-06-22,Earned Leave,1,Approved,2025,6,June
1831,1437,2025-10-30,Sick Leave,2,Approved,2025,10,October
1832,1118,2025-06-15,Casual Leave,1,Approved,2025,6,June
1833,1240,2025-03-05,Sick Leave,1,Approved,2025,3,March
1834,1135,2025-01-13,Sick Leave,1,Approved,2025,1,January
1835,1018,2025-12-17,Casual Leave,2,Approved,2025,12,December
1836,1127,2025-06-29,Sick Leave,1,Approved,2025,6,June
1837,1110,2025-10-19,Earned Leave,1,Pending,2025,10,October
1838,1311,2025-05-15,Casual Leave,1,Approved,2025,5,May
1839,1166,2025-09-14,Casual Leave,3,Approved,2025,9,September
1840,1250,2025-06-07,Earned Leave,1,Rejected,2025,6,June
1841,1241,2025-06-29,Emergency Leave,1,Approved,2025,6,June
1842,1076,2025-07-11,Sick Leave,1,Pending,2025,7,July
1843,1255,2025-11-02,Emergency Leave,1,Approved,2025,11,November
1844,1245,2025-11-13,Earned Leave,1,Approved,2025,11,November
1845,1348,2025-10-09,Earned Leave,1,Approved,2025,10,October
1846,1025,2025-08-13,Emergency Leave,2,Approved,2025,8,August
1847,1440,2025-05-26,Sick Leave,1,Approved,2025,5,May
1848,1357,2025-02-16,Emergency Leave,1,Approved,2025,2,February
1849,1124,2025-12-16,Sick Leave,1,Approved,2025,12,December
1850,1453,2025-09-18,Emergency Leave,1,Approved,2025,9,September
1851,1414,2025-04-19,Casual Leave,1,Rejected,2025,4,April
1852,1213,2025-07-12,Emergency Leave,1,Approved,2025,7,July
1853,1260,2025-06-20,Earned Leave,2,Approved,2025,6,June
1854,1435,2025-08-16,Sick Leave,2,Approved,2025,8,August
1855,1028,2025-11-10,Casual Leave,2,Approved,2025,11,November
1856,1311,2025-10-03,Sick Leave,1,Approved,2025,10,October
1857,1286,2025-10-08,Sick Leave,1,Approved,2025,10,October
1858,1136,2025-01-26,Sick Leave,1,Pending,2025,1,January
1859,1247,2025-09-09,Casual Leave,1,Approved,2025,9,September
1860,1157,2025-02-03,Casual Leave,1,Approved,2025,2,February
1861,1246,2025-06-05,Casual Leave,1,Approved,2025,6,June
1862,1418,2025-08-20,Casual Leave,1,Approved,2025,8,August
1863,1261,2025-03-09,Emergency Leave,1,Approved,2025,3,March
1864,1217,2025-10-09,Casual Leave,1,Rejected,2025,10,October
1865,1430,2025-04-23,Casual Leave,2,Rejected,2025,4,April
1866,1419,2025-10-27,Casual Leave,1,Rejected,2025,10,October
1867,1049,2025-10-13,Earned Leave,2,Approved,2025,10,October
1868,1041,2025-09-02,Earned Leave,1,Approved,2025,9,September
1869,1177,2025-08-05,Sick Leave,1,Rejected,2025,8,August
1870,1336,2025-11-26,Earned Leave,1,Approved,2025,11,November
1871,1086,2025-12-15,Earned Leave,1,Approved,2025,12,December
1872,1152,2025-03-14,Sick Leave,1,Approved,2025,3,March
1873,1306,2025-03-18,Earned Leave,1,Approved,2025,3,March
1874,1270,2025-07-30,Sick Leave,1,Approved,2025,7,July
1875,1147,2025-12-20,Earned Leave,1,Approved,2025,12,December
1876,1394,2025-06-11,Sick Leave,2,Approved,2025,6,June
1877,1259,2025-12-19,Sick Leave,1,Approved,2025,12,December
1878,1165,2025-09-26,Emergency Leave,2,Pending,2025,9,September
1879,1155,2025-12-11,Earned Leave,1,Approved,2025,12,December
1880,1181,2025-02-25,Casual Leave,3,Pending,2025,2,February
1881,1234,2025-04-03,Emergency Leave,1,Rejected,2025,4,April
1882,1065,2025-06-24,Casual Leave,1,Rejected,2025,6,June
1883,1267,2025-01-05,Earned Leave,1,Approved,2025,1,January
1884,1229,2025-02-08,Sick Leave,1,Approved,2025,2,February
1885,1490,2025-02-14,Casual Leave,1,Rejected,2025,2,February
1886,1156,2025-06-03,Emergency Leave,1,Approved,2025,6,June
1887,1040,2025-08-24,Sick Leave,1,Approved,2025,8,August
1888,1038,2025-03-21,Sick Leave,1,Approved,2025,3,March
1889,1383,2025-04-07,Earned Leave,2,Pending,2025,4,April
1890,1460,2025-09-06,Earned Leave,2,Approved,2025,9,September
1891,1199,2025-04-25,Earned Leave,1,Approved,2025,4,April
1892,1144,2025-09-21,Earned Leave,1,Approved,2025,9,September
1893,1057,2025-06-25,Casual Leave,1,Pending,2025,6,June
1894,1090,2025-07-21,Casual Leave,3,Approved,2025,7,July
1895,1439,2025-12-07,Earned Leave,2,Approved,2025,12,December
1896,1407,2025-12-23,Emergency Leave,1,Approved,2025,12,December
1897,1230,2025-10-22,Emergency Leave,1,Approved,2025,10,October
1898,1261,2025-04-08,Casual Leave,1,Approved,2025,4,April
1899,1041,2025-08-04,Sick Leave,3,Pending,2025,8,August
1900,1091,2025-11-03,Earned Leave,1,Approved,2025,11,November
1901,1382,2025-08-27,Casual Leave,1,Approved,2025,8,August
1902,1122,2025-06-03,Casual Leave,2,Approved,2025,6,June
1903,1483,2025-06-17,Casual Leave,2,Approved,2025,6,June
1904,1260,2025-09-14,Emergency Leave,1,Approved,2025,9,September
1905,1441,2025-07-08,Earned Leave,1,Approved,2025,7,July
1906,1295,2025-01-04,Casual Leave,1,Approved,2025,1,January
1907,1201,2025-04-24,Earned Leave,2,Approved,2025,4,April
1908,1159,2025-02-04,Casual Leave,1,Rejected,2025,2,February
1909,1012,2025-01-17,Earned Leave,1,Approved,2025,1,January
1910,1156,2025-04-03,Sick Leave,1,Approved,2025,4,April
1911,1357,2025-05-07,Earned Leave,2,Approved,2025,5,May
1912,1306,2025-09-29,Emergency Leave,1,Rejected,2025,9,September
1913,1463,2025-03-31,Emergency Leave,1,Approved,2025,3,March
1914,1375,2025-06-30,Sick Leave,3,Approved,2025,6,June
1915,1326,2025-04-22,Sick Leave,1,Approved,2025,4,April
1916,1027,2025-03-02,Casual Leave,1,Approved,2025,3,March
1917,1433,2025-07-22,Sick Leave,1,Approved,2025,7,July
1918,1065,2025-04-19,Sick Leave,1,Approved,2025,4,April
1919,1236,2025-02-16,Emergency Leave,2,Approved,2025,2,February
1920,1413,2025-02-07,Emergency Leave,1,Rejected,2025,2,February
1921,1383,2025-11-19,Sick Leave,1,Approved,2025,11,November
1922,1412,2025-10-03,Emergency Leave,1,Pending,2025,10,October
1923,1366,2025-06-12,Emergency Leave,1,Approved,2025,6,June
1924,1207,2025-08-10,Earned Leave,1,Approved,2025,8,August
1925,1289,2025-05-08,Casual Leave,1,Approved,2025,5,May
1926,1068,2025-06-10,Casual Leave,2,Approved,2025,6,June
1927,1352,2025-02-21,Casual Leave,1,Approved,2025,2,February
1928,1211,2025-10-12,Emergency Leave,2,Rejected,2025,10,October
1929,1267,2025-02-21,Casual Leave,1,Approved,2025,2,February
1930,1050,2025-09-17,Earned Leave,1,Approved,2025,9,September
1931,1296,2025-10-19,Earned Leave,1,Approved,2025,10,October
1932,1153,2025-11-20,Earned Leave,2,Approved,2025,11,November
1933,1344,2025-02-06,Casual Leave,1,Approved,2025,2,February
1934,1131,2025-03-01,Casual Leave,1,Rejected,2025,3,March
1935,1147,2025-06-23,Casual Leave,1,Approved,2025,6,June
1936,1408,2025-03-15,Casual Leave,1,Approved,2025,3,March
1937,1389,2025-12-19,Sick Leave,2,Approved,2025,12,December
1938,1274,2025-09-16,Emergency Leave,1,Approved,2025,9,September
1939,1177,2025-09-28,Sick Leave,1,Pending,2025,9,September
1940,1304,2025-07-27,Emergency Leave,1,Approved,2025,7,July
1941,1311,2025-07-25,Sick Leave,2,Approved,2025,7,July
1942,1377,2025-12-02,Casual Leave,2,Approved,2025,12,December
1943,1152,2025-09-11,Sick Leave,1,Approved,2025,9,September
1944,1093,2025-04-11,Earned Leave,1,Approved,2025,4,April
1945,1142,2025-03-25,Sick Leave,3,Approved,2025,3,March
1946,1125,2025-02-15,Emergency Leave,1,Approved,2025,2,February
1947,1220,2025-01-06,Emergency Leave,2,Approved,2025,1,January
1948,1487,2025-09-12,Emergency Leave,1,Approved,2025,9,September
1949,1489,2025-02-16,Sick Leave,1,Approved,2025,2,February
1950,1354,2025-07-10,Emergency Leave,1,Rejected,2025,7,July
1951,1004,2025-03-06,Sick Leave,1,Approved,2025,3,March
1952,1240,2025-11-05,Emergency Leave,1,Pending,2025,11,November
1953,1219,2025-05-03,Earned Leave,2,Approved,2025,5,May
1954,1140,2025-07-23,Emergency Leave,2,Approved,2025,7,July
1955,1154,2025-10-20,Casual Leave,1,Approved,2025,10,October
1956,1232,2025-02-19,Earned Leave,1,Approved,2025,2,February
1957,1441,2025-02-16,Sick Leave,1,Approved,2025,2,February
1958,1377,2025-01-20,Earned Leave,1,Approved,2025,1,January
1959,1036,2025-11-14,Emergency Leave,1,Approved,2025,11,November
1960,1139,2025-12-19,Emergency Leave,1,Approved,2025,12,December
1961,1199,2025-06-04,Earned Leave,1,Rejected,2025,6,June
1962,1075,2025-08-31,Earned Leave,1,Rejected,2025,8,August
1963,1225,2025-06-26,Casual Leave,1,Approved,2025,6,June
1964,1471,2025-04-09,Sick Leave,3,Approved,2025,4,April
1965,1051,2025-04-11,Sick Leave,2,Approved,2025,4,April
1966,1379,2025-02-20,Casual Leave,1,Approved,2025,2,February
1967,1302,2025-03-06,Casual Leave,1,Rejected,2025,3,March
1968,1175,2025-02-03,Emergency Leave,1,Approved,2025,2,February
1969,1140,2025-06-06,Earned Leave,1,Approved,2025,6,June
1970,1049,2025-04-12,Earned Leave,2,Approved,2025,4,April
1971,1036,2025-09-03,Casual Leave,2,Approved,2025,9,September
1972,1468,2025-07-27,Earned Leave,2,Approved,2025,7,July
1973,1212,2025-04-12,Casual Leave,1,Approved,2025,4,April
1974,1110,2025-10-31,Earned Leave,1,Approved,2025,10,October
1975,1202,2025-02-16,Emergency Leave,2,Approved,2025,2,February
1976,1490,2025-01-30,Casual Leave,1,Approved,2025,1,January
1977,1310,2025-05-08,Emergency Leave,2,Pending,2025,5,May
1978,1041,2025-08-09,Casual Leave,1,Approved,2025,8,August
1979,1433,2025-02-09,Earned Leave,1,Approved,2025,2,February
1980,1241,2025-11-16,Earned Leave,1,Pending,2025,11,November
1981,1026,2025-09-11,Casual Leave,1,Approved,2025,9,September
1982,1492,2025-04-17,Sick Leave,2,Approved,2025,4,April
1983,1397,2025-01-14,Casual Leave,3,Approved,2025,1,January
1984,1115,2025-03-21,Earned Leave,3,Approved,2025,3,March
1985,1479,2025-09-27,Earned Leave,3,Approved,2025,9,September
1986,1257,2025-09-28,Emergency Leave,1,Approved,2025,9,September
1987,1301,2025-01-11,Sick Leave,1,Approved,2025,1,January
1988,1159,2025-11-30,Emergency Leave,1,Pending,2025,11,November
1989,1041,2025-02-26,Earned Leave,3,Approved,2025,2,February
1990,1017,2025-09-29,Emergency Leave,2,Approved,2025,9,September
1991,1305,2025-03-10,Casual Leave,1,Approved,2025,3,March
1992,1413,2025-11-23,Earned Leave,1,Approved,2025,11,November
1993,1182,2025-06-29,Earned Leave,1,Approved,2025,6,June
1994,1211,2025-09-23,Emergency Leave,2,Approved,2025,9,September
1995,1139,2025-11-28,Casual Leave,3,Approved,2025,11,November
1996,1308,2025-11-10,Casual Leave,3,Approved,2025,11,November
1997,1305,2025-05-28,Earned Leave,1,Pending,2025,5,May
1998,1412,2025-10-31,Emergency Leave,1,Rejected,2025,10,October
1999,1269,2025-01-04,Sick Leave,1,Approved,2025,1,January
2000,1404,2025-06-14,Emergency Leave,1,Approved,2025,6,June
2001,1337,2025-10-31,Casual Leave,1,Approved,2025,10,October
2002,1220,2025-10-28,Earned Leave,1,Rejected,2025,10,October
2003,1283,2025-03-12,Emergency Leave,1,Approved,2025,3,March
2004,1243,2025-07-19,Earned Leave,1,Approved,2025,7,July
2005,1135,2025-01-24,Emergency Leave,2,Approved,2025,1,January
2006,1331,2025-03-01,Casual Leave,2,Rejected,2025,3,March
2007,1388,2025-06-05,Emergency Leave,1,Approved,2025,6,June
2008,1407,2025-03-17,Earned Leave,1,Approved,2025,3,March
2009,1103,2025-12-02,Casual Leave,1,Approved,2025,12,December
2010,1357,2025-10-01,Sick Leave,2,Approved,2025,10,October
2011,1183,2025-10-15,Earned Leave,1,Rejected,2025,10,October
2012,1039,2025-01-05,Sick Leave,1,Rejected,2025,1,January
2013,1188,2025-12-21,Sick Leave,1,Approved,2025,12,December
2014,1029,2025-09-05,Sick Leave,1,Approved,2025,9,September
2015,1157,2025-02-16,Sick Leave,2,Approved,2025,2,February
2016,1239,2025-01-19,Casual Leave,1,Approved,2025,1,January
2017,1451,2025-07-26,Casual Leave,1,Approved,2025,7,July
2018,1068,2025-03-19,Casual Leave,2,Approved,2025,3,March
2019,1096,2025-07-29,Sick Leave,1,Approved,2025,7,July
2020,1496,2025-05-28,Earned Leave,1,Rejected,2025,5,May
2021,1015,2025-09-14,Emergency Leave,1,Approved,2025,9,September
2022,1010,2025-09-02,Sick Leave,1,Approved,2025,9,September
2023,1241,2025-03-23,Sick Leave,3,Approved,2025,3,March
2024,1354,2025-12-01,Earned Leave,1,Approved,2025,12,December
2025,1020,2025-01-06,Sick Leave,2,Approved,2025,1,January
2026,1304,2025-08-12,Emergency Leave,1,Approved,2025,8,August
2027,1273,2025-12-18,Sick Leave,3,Pending,2025,12,December
2028,1051,2025-04-03,Casual Leave,1,Approved,2025,4,April
2029,1127,2025-06-09,Casual Leave,1,Approved,2025,6,June
2030,1267,2025-12-10,Casual Leave,1,Approved,2025,12,December
2031,1307,2025-03-20,Emergency Leave,1,Approved,2025,3,March
2032,1450,2025-11-21,Unknown,1,Approved,2025,11,November
2033,1065,2025-07-19,Earned Leave,2,Pending,2025,7,July
2034,1201,2025-04-23,Casual Leave,2,Approved,2025,4,April
2035,1412,2025-07-22,Earned Leave,1,Rejected,2025,7,July
2036,1035,2025-12-19,Sick Leave,1,Approved,2025,12,December
2037,1102,2025-06-03,Sick Leave,1,Approved,2025,6,June
2038,1248,2025-03-23,Sick Leave,1,Approved,2025,3,March
2039,1301,2025-04-21,Sick Leave,1,Pending,2025,4,April
2040,1309,2025-05-25,Sick Leave,1,Approved,2025,5,May
2041,1428,2025-04-13,Emergency Leave,1,Approved,2025,4,April
2042,1093,2025-10-13,Casual Leave,1,Approved,2025,10,October
2043,1211,2025-01-19,Sick Leave,1,Approved,2025,1,January
2044,1095,2025-10-14,Casual Leave,1,Approved,2025,10,October
2045,1149,2025-07-20,Earned Leave,1,Approved,2025,7,July
2046,1069,2025-08-02,Emergency Leave,2,Approved,2025,8,August
2047,1087,2025-11-30,Casual Leave,1,Rejected,2025,11,November
2048,1232,2025-01-26,Emergency Leave,1,Approved,2025,1,January
2049,1045,2025-10-27,Earned Leave,1,Approved,2025,10,October
2050,1425,2025-02-26,Casual Leave,1,Approved,2025,2,February
2051,1318,2025-04-25,Sick Leave,1,Rejected,2025,4,April
2052,1332,2025-09-15,Emergency Leave,2,Approved,2025,9,September
2053,1294,2025-03-11,Casual Leave,1,Rejected,2025,3,March
2054,1273,2025-01-08,Earned Leave,1,Approved,2025,1,January
2055,1139,2025-01-28,Casual Leave,1,Rejected,2025,1,January
2056,1285,2025-01-18,Sick Leave,1,Approved,2025,1,January
2057,1356,2025-08-27,Emergency Leave,2,Approved,2025,8,August
2058,1087,2025-04-02,Casual Leave,2,Approved,2025,4,April
2059,1015,2025-02-14,Sick Leave,2,Approved,2025,2,February
2060,1111,2025-12-23,Earned Leave,1,Approved,2025,12,December
2061,1313,2025-08-06,Casual Leave,1,Approved,2025,8,August
2062,1473,2025-03-13,Sick Leave,1,Approved,2025,3,March
2063,1346,2025-06-30,Emergency Leave,1,Approved,2025,6,June
2064,1084,2025-07-03,Sick Leave,1,Approved,2025,7,July
2065,1426,2025-06-10,Sick Leave,3,Approved,2025,6,June
2066,1221,2025-08-24,Emergency Leave,1,Approved,2025,8,August
2067,1430,2025-11-25,Sick Leave,1,Approved,2025,11,November
2068,1042,2025-03-29,Earned Leave,1,Approved,2025,3,March
2069,1230,2025-11-03,Emergency Leave,2,Approved,2025,11,November
2070,1499,2025-08-04,Sick Leave,1,Approved,2025,8,August
2071,1313,2025-03-28,Emergency Leave,2,Approved,2025,3,March
2072,1265,2025-11-04,Emergency Leave,2,Approved,2025,11,November
2073,1344,2025-05-27,Sick Leave,1,Approved,2025,5,May
2074,1236,2025-06-30,Earned Leave,2,Approved,2025,6,June
2075,1035,2025-04-01,Emergency Leave,1,Approved,2025,4,April
2076,1097,2025-11-11,Sick Leave,1,Approved,2025,11,November
2077,1298,2025-11-04,Earned Leave,1,Approved,2025,11,November
2078,1153,2025-03-10,Sick Leave,1,Approved,2025,3,March
2079,1112,2025-07-11,Earned Leave,1,Approved,2025,7,July
2080,1342,2025-06-05,Sick Leave,1,Approved,2025,6,June
2081,1053,2025-07-12,Sick Leave,1,Approved,2025,7,July
2082,1281,2025-05-27,Emergency Leave,2,Approved,2025,5,May
2083,1140,2025-03-24,Emergency Leave,1,Approved,2025,3,March
2084,1433,2025-02-19,Emergency Leave,1,Pending,2025,2,February
2085,1046,2025-08-29,Emergency Leave,1,Rejected,2025,8,August
2086,1087,2025-01-04,Sick Leave,1,Approved,2025,1,January
2087,1251,2025-11-02,Casual Leave,1,Approved,2025,11,November
2088,1264,2025-05-15,Sick Leave,1,Approved,2025,5,May
2089,1407,2025-12-28,Casual Leave,1,Approved,2025,12,December
2090,1406,2025-11-27,Sick Leave,3,Approved,2025,11,November
2091,1157,2025-06-03,Earned Leave,1,Approved,2025,6,June
2092,1177,2025-02-28,Earned Leave,1,Approved,2025,2,February
2093,1078,2025-09-27,Casual Leave,1,Approved,2025,9,September
2094,1237,2025-03-30,Casual Leave,1,Pending,2025,3,March
2095,1183,2025-04-03,Emergency Leave,2,Approved,2025,4,April
2096,1469,2025-01-09,Casual Leave,1,Approved,2025,1,January
2097,1055,2025-06-04,Earned Leave,1,Approved,2025,6,June
2098,1240,2025-10-18,Earned Leave,1,Approved,2025,10,October
2099,1475,2025-05-19,Sick Leave,1,Pending,2025,5,May
2100,1142,2025-08-20,Earned Leave,2,Pending,2025,8,August
2101,1417,2025-03-06,Casual Leave,1,Approved,2025,3,March
2102,1308,2025-07-16,Casual Leave,1,Approved,2025,7,July
2103,1193,2025-08-15,Emergency Leave,1,Approved,2025,8,August
2104,1139,2025-03-26,Casual Leave,1,Approved,2025,3,March
2105,1318,2025-07-25,Earned Leave,1,Rejected,2025,7,July
2106,1003,2025-07-29,Emergency Leave,2,Approved,2025,7,July
2107,1436,2025-08-29,Emergency Leave,1,Approved,2025,8,August
2108,1162,2025-11-19,Earned Leave,1,Approved,2025,11,November
2109,1259,2025-06-05,Sick Leave,2,Approved,2025,6,June
2110,1336,2025-03-01,Earned Leave,1,Approved,2025,3,March
2111,1256,2025-10-12,Sick Leave,1,Approved,2025,10,October
2112,1193,2025-02-25,Earned Leave,1,Approved,2025,2,February
2113,1145,2025-09-09,Earned Leave,1,Rejected,2025,9,September
2114,1286,2025-08-06,Emergency Leave,1,Approved,2025,8,August
2115,1126,2025-12-20,Emergency Leave,1,Rejected,2025,12,December
2116,1333,2025-03-16,Emergency Leave,1,Approved,2025,3,March
2117,1040,2025-08-28,Earned Leave,1,Pending,2025,8,August
2118,1498,2025-06-18,Unknown,1,Pending,2025,6,June
2119,1032,2025-07-06,Casual Leave,2,Pending,2025,7,July
2120,1138,2025-08-17,Casual Leave,1,Approved,2025,8,August
2121,1072,2025-09-07,Earned Leave,1,Approved,2025,9,September
2122,1086,2025-11-28,Earned Leave,2,Approved,2025,11,November
2123,1016,2025-12-30,Casual Leave,1,Approved,2025,12,December
2124,1387,2025-12-31,Casual Leave,2,Approved,2025,12,December
2125,1264,2025-08-02,Sick Leave,1,Approved,2025,8,August
2126,1410,2025-05-03,Casual Leave,1,Approved,2025,5,May
2127,1394,2025-05-07,Casual Leave,2,Approved,2025,5,May
2128,1184,2025-10-21,Sick Leave,1,Approved,2025,10,October
2129,1413,2025-12-16,Sick Leave,2,Approved,2025,12,December
2130,1204,2025-02-25,Casual Leave,1,Approved,2025,2,February
2131,1121,2025-01-31,Earned Leave,1,Approved,2025,1,January
2132,1449,2025-01-15,Sick Leave,3,Approved,2025,1,January
2133,1195,2025-11-18,Sick Leave,1,Approved,2025,11,November
2134,1442,2025-02-06,Earned Leave,1,Approved,2025,2,February
2135,1061,2025-02-05,Emergency Leave,2,Approved,2025,2,February
2136,1316,2025-02-14,Sick Leave,1,Pending,2025,2,February
2137,1425,2025-03-01,Casual Leave,1,Approved,2025,3,March
2138,1467,2025-09-14,Sick Leave,2,Pending,2025,9,September
2139,1473,2025-12-01,Emergency Leave,1,Approved,2025,12,December
2140,1028,2025-11-23,Emergency Leave,1,Approved,2025,11,November
2141,1276,2025-10-20,Earned Leave,1,Approved,2025,10,October
2142,1489,2025-01-08,Casual Leave,1,Approved,2025,1,January
2143,1087,2025-02-22,Earned Leave,1,Approved,2025,2,February
2144,1127,2025-12-06,Casual Leave,1,Approved,2025,12,December
2145,1277,2025-12-06,Earned Leave,1,Approved,2025,12,December
2146,1447,2025-01-19,Sick Leave,1,Approved,2025,1,January
2147,1465,2025-06-01,Casual Leave,1,Rejected,2025,6,June
2148,1230,2025-03-14,Unknown,1,Approved,2025,3,March
2149,1280,2025-11-29,Sick Leave,1,Rejected,2025,11,November
2150,1074,2025-12-23,Earned Leave,1,Approved,2025,12,December
2151,1495,2025-06-10,Emergency Leave,1,Approved,2025,6,June
2152,1077,2025-05-30,Sick Leave,1,Approved,2025,5,May
2153,1269,2025-08-25,Sick Leave,2,Rejected,2025,8,August
2154,1443,2025-02-07,Sick Leave,1,Approved,2025,2,February
2155,1182,2025-07-15,Emergency Leave,2,Approved,2025,7,July
2156,1344,2025-09-28,Sick Leave,1,Rejected,2025,9,September
2157,1389,2025-08-14,Emergency Leave,2,Approved,2025,8,August
2158,1250,2025-04-16,Emergency Leave,1,Rejected,2025,4,April
2159,1427,2025-10-05,Sick Leave,1,Approved,2025,10,October
2160,1355,2025-08-16,Casual Leave,1,Approved,2025,8,August
2161,1019,2025-03-27,Sick Leave,1,Approved,2025,3,March
2162,1495,2025-10-11,Casual Leave,2,Approved,2025,10,October
2163,1008,2025-05-01,Sick Leave,2,Approved,2025,5,May
2164,1167,2025-03-26,Emergency Leave,1,Approved,2025,3,March
2165,1367,2025-08-28,Earned Leave,1,Approved,2025,8,August
2166,1089,2025-10-24,Casual Leave,1,Approved,2025,10,October
2167,1220,2025-01-30,Sick Leave,1,Rejected,2025,1,January
2168,1376,2025-11-18,Casual Leave,1,Approved,2025,11,November
2169,1424,2025-09-29,Earned Leave,1,Approved,2025,9,September
2170,1004,2025-01-12,Emergency Leave,2,Rejected,2025,1,January
2171,1414,2025-12-29,Emergency Leave,2,Approved,2025,12,December
2172,1052,2025-12-19,Emergency Leave,1,Pending,2025,12,December
2173,1224,2025-10-16,Sick Leave,1,Approved,2025,10,October
2174,1340,2025-05-08,Sick Leave,1,Approved,2025,5,May
2175,1155,2025-04-16,Emergency Leave,1,Approved,2025,4,April
2176,1227,2025-09-02,Emergency Leave,1,Approved,2025,9,September
2177,1330,2025-03-11,Sick Leave,1,Approved,2025,3,March
2178,1433,2025-03-05,Sick Leave,1,Pending,2025,3,March
2179,1163,2025-01-18,Emergency Leave,1,Approved,2025,1,January
2180,1253,2025-07-02,Emergency Leave,1,Approved,2025,7,July
2181,1325,2025-08-11,Earned Leave,1,Approved,2025,8,August
2182,1303,2025-09-14,Casual Leave,2,Approved,2025,9,September
2183,1430,2025-01-26,Casual Leave,1,Pending,2025,1,January
2184,1346,2025-01-01,Casual Leave,2,Approved,2025,1,January
2185,1274,2025-02-27,Emergency Leave,2,Approved,2025,2,February
2186,1200,2025-10-19,Earned Leave,1,Approved,2025,10,October
2187,1290,2025-08-23,Sick Leave,1,Approved,2025,8,August
2188,1201,2025-11-08,Emergency Leave,1,Approved,2025,11,November
2189,1372,2025-01-02,Emergency Leave,2,Rejected,2025,1,January
2190,1491,2025-09-13,Sick Leave,1,Approved,2025,9,September
2191,1289,2025-06-14,Earned Leave,2,Approved,2025,6,June
2192,1404,2025-09-01,Casual Leave,2,Approved,2025,9,September
2193,1217,2025-08-09,Emergency Leave,1,Rejected,2025,8,August
2194,1291,2025-08-08,Emergency Leave,1,Approved,2025,8,August
2195,1257,2025-02-21,Earned Leave,1,Approved,2025,2,February
2196,1439,2025-08-01,Sick Leave,1,Approved,2025,8,August
2197,1269,2025-05-28,Casual Leave,1,Approved,2025,5,May
2198,1464,2025-12-13,Sick Leave,3,Approved,2025,12,December
2199,1443,2025-09-10,Earned Leave,1,Approved,2025,9,September
2200,1051,2025-03-23,Casual Leave,1,Approved,2025,3,March
2201,1387,2025-01-03,Earned Leave,1,Approved,2025,1,January
2202,1339,2025-03-07,Emergency Leave,1,Rejected,2025,3,March
2203,1265,2025-03-07,Earned Leave,3,Approved,2025,3,March
2204,1192,2025-08-03,Emergency Leave,3,Approved,2025,8,August
2205,1408,2025-09-12,Emergency Leave,1,Approved,2025,9,September
2206,1231,2025-11-27,Casual Leave,1,Approved,2025,11,November
2207,1325,2025-10-10,Sick Leave,1,Approved,2025,10,October
2208,1071,2025-03-01,Earned Leave,1,Approved,2025,3,March
2209,1130,2025-07-11,Casual Leave,1,Approved,2025,7,July
2210,1004,2025-01-06,Emergency Leave,1,Approved,2025,1,January
2211,1404,2025-02-05,Sick Leave,1,Approved,2025,2,February
2212,1168,2025-01-23,Casual Leave,2,Pending,2025,1,January
2213,1071,2025-02-21,Sick Leave,3,Rejected,2025,2,February
2214,1236,2025-08-25,Emergency Leave,1,Rejected,2025,8,August
2215,1255,2025-11-08,Casual Leave,1,Rejected,2025,11,November
2216,1470,2025-10-13,Sick Leave,2,Approved,2025,10,October
2217,1253,2025-02-19,Casual Leave,2,Approved,2025,2,February
2218,1236,2025-04-10,Casual Leave,1,Approved,2025,4,April
2219,1019,2025-11-24,Sick Leave,2,Approved,2025,11,November
2220,1388,2025-11-19,Sick Leave,1,Approved,2025,11,November
2221,1295,2025-04-20,Earned Leave,2,Rejected,2025,4,April
2222,1398,2025-03-15,Sick Leave,3,Approved,2025,3,March
2223,1415,2025-01-05,Emergency Leave,2,Approved,2025,1,January
2224,1096,2025-01-12,Earned Leave,1,Approved,2025,1,January
2225,1364,2025-01-14,Emergency Leave,1,Approved,2025,1,January
2226,1178,2025-06-26,Sick Leave,1,Approved,2025,6,June
2227,1481,2025-06-05,Earned Leave,1,Approved,2025,6,June
2228,1155,2025-04-18,Earned Leave,1,Approved,2025,4,April
2229,1057,2025-04-12,Casual Leave,1,Approved,2025,4,April
2230,1471,2025-10-07,Casual Leave,2,Rejected,2025,10,October
2231,1445,2025-08-18,Casual Leave,1,Approved,2025,8,August
2232,1222,2025-11-27,Emergency Leave,1,Rejected,2025,11,November
2233,1282,2025-01-19,Casual Leave,1,Approved,2025,1,January
2234,1256,2025-12-19,Emergency Leave,2,Approved,2025,12,December
2235,1225,2025-07-18,Earned Leave,1,Rejected,2025,7,July
2236,1224,2025-12-23,Earned Leave,2,Approved,2025,12,December
2237,1467,2025-04-22,Emergency Leave,1,Pending,2025,4,April
2238,1196,2025-02-01,Earned Leave,2,Pending,2025,2,February
2239,1098,2025-10-02,Sick Leave,1,Approved,2025,10,October
2240,1448,2025-04-13,Sick Leave,2,Approved,2025,4,April
2241,1213,2025-01-13,Emergency Leave,2,Approved,2025,1,January
2242,1446,2025-11-28,Casual Leave,1,Approved,2025,11,November
2243,1153,2025-12-29,Sick Leave,2,Approved,2025,12,December
2244,1260,2025-09-10,Casual Leave,1,Approved,2025,9,September
2245,1013,2025-04-01,Casual Leave,1,Approved,2025,4,April
2246,1361,2025-06-30,Sick Leave,2,Approved,2025,6,June
2247,1408,2025-08-31,Sick Leave,2,Approved,2025,8,August
2248,1183,2025-03-24,Earned Leave,2,Rejected,2025,3,March
2249,1252,2025-11-28,Earned Leave,1,Approved,2025,11,November
2250,1274,2025-08-26,Earned Leave,1,Approved,2025,8,August
2251,1489,2025-11-28,Emergency Leave,1,Rejected,2025,11,November
2252,1121,2025-02-04,Sick Leave,1,Approved,2025,2,February
2253,1312,2025-05-04,Sick Leave,2,Approved,2025,5,May
2254,1373,2025-01-14,Emergency Leave,3,Approved,2025,1,January
2255,1158,2025-09-28,Sick Leave,1,Approved,2025,9,September
2256,1434,2025-07-31,Casual Leave,2,Approved,2025,7,July
2257,1083,2025-06-01,Sick Leave,1,Approved,2025,6,June
2258,1278,2025-08-19,Emergency Leave,2,Approved,2025,8,August
2259,1394,2025-01-16,Sick Leave,1,Pending,2025,1,January
2260,1084,2025-07-12,Emergency Leave,2,Approved,2025,7,July
2261,1420,2025-04-16,Emergency Leave,1,Rejected,2025,4,April
2262,1375,2025-07-03,Sick Leave,2,Approved,2025,7,July
2263,1110,2025-01-19,Earned Leave,1,Approved,2025,1,January
2264,1347,2025-07-07,Earned Leave,2,Approved,2025,7,July
2265,1327,2025-08-20,Earned Leave,1,Approved,2025,8,August
2266,1426,2025-11-06,Earned Leave,1,Approved,2025,11,November
2267,1306,2025-12-04,Earned Leave,1,Approved,2025,12,December
2268,1319,2025-12-28,Emergency Leave,1,Approved,2025,12,December
2269,1141,2025-12-31,Emergency Leave,1,Rejected,2025,12,December
2270,1137,2025-06-20,Earned Leave,2,Approved,2025,6,June
2271,1088,2025-01-14,Emergency Leave,1,Approved,2025,1,January
2272,1252,2025-08-31,Casual Leave,1,Approved,2025,8,August
2273,1430,2025-05-26,Emergency Leave,1,Approved,2025,5,May
2274,1265,2025-05-30,Earned Leave,1,Approved,2025,5,May
2275,1058,2025-03-04,Emergency Leave,1,Pending,2025,3,March
2276,1484,2025-04-12,Earned Leave,1,Approved,2025,4,April
2277,1406,2025-05-10,Emergency Leave,1,Approved,2025,5,May
2278,1088,2025-04-12,Casual Leave,1,Approved,2025,4,April
2279,1383,2025-01-17,Emergency Leave,1,Approved,2025,1,January
2280,1089,2025-07-24,Casual Leave,1,Approved,2025,7,July
2281,1466,2025-08-17,Earned Leave,1,Approved,2025,8,August
2282,1350,2025-03-01,Casual Leave,1,Approved,2025,3,March
2283,1221,2025-03-07,Sick Leave,3,Approved,2025,3,March
2284,1141,2025-11-25,Earned Leave,1,Pending,2025,11,November
2285,1221,2025-06-12,Casual Leave,1,Approved,2025,6,June
2286,1151,2025-01-03,Earned Leave,1,Approved,2025,1,January
2287,1270,2025-02-25,Sick Leave,1,Pending,2025,2,February
2288,1020,2025-09-13,Sick Leave,2,Approved,2025,9,September
2289,1356,2025-10-21,Casual Leave,1,Approved,2025,10,October
2290,1015,2025-12-17,Sick Leave,2,Pending,2025,12,December
2291,1197,2025-02-07,Sick Leave,1,Approved,2025,2,February
2292,1471,2025-01-17,Casual Leave,2,Approved,2025,1,January
2293,1038,2025-04-26,Sick Leave,2,Approved,2025,4,April
2294,1204,2025-07-06,Sick Leave,2,Approved,2025,7,July
2295,1079,2025-01-11,Emergency Leave,2,Pending,2025,1,January
2296,1265,2025-02-27,Emergency Leave,1,Approved,2025,2,February
2297,1255,2025-03-26,Sick Leave,1,Approved,2025,3,March
2298,1234,2025-02-14,Earned Leave,1,Pending,2025,2,February
2299,1023,2025-02-08,Casual Leave,1,Approved,2025,2,February
2300,1401,2025-06-22,Casual Leave,1,Pending,2025,6,June
2301,1348,2025-12-15,Sick Leave,1,Approved,2025,12,December
2302,1406,2025-09-21,Casual Leave,3,Approved,2025,9,September
2303,1195,2025-05-21,Emergency Leave,3,Approved,2025,5,May
2304,1217,2025-07-10,Casual Leave,1,Approved,2025,7,July
2305,1159,2025-09-22,Emergency Leave,1,Approved,2025,9,September
2306,1314,2025-03-26,Sick Leave,1,Approved,2025,3,March
2307,1295,2025-06-16,Sick Leave,1,Approved,2025,6,June
2308,1050,2025-01-28,Emergency Leave,1,Approved,2025,1,January
2309,1232,2025-06-09,Sick Leave,1,Approved,2025,6,June
2310,1136,2025-05-27,Earned Leave,1,Approved,2025,5,May
2311,1414,2025-03-14,Sick Leave,1,Approved,2025,3,March
2312,1219,2025-04-14,Emergency Leave,2,Approved,2025,4,April
2313,1009,2025-01-17,Emergency Leave,2,Approved,2025,1,January
2314,1010,2025-09-02,Sick Leave,1,Approved,2025,9,September
2315,1198,2025-12-09,Sick Leave,1,Approved,2025,12,December
2316,1105,2025-07-01,Unknown,3,Rejected,2025,7,July
2317,1352,2025-01-14,Sick Leave,3,Pending,2025,1,January
2318,1318,2025-08-13,Emergency Leave,3,Rejected,2025,8,August
2319,1180,2025-01-15,Casual Leave,1,Approved,2025,1,January
2320,1336,2025-04-18,Earned Leave,1,Approved,2025,4,April
2321,1138,2025-08-08,Casual Leave,1,Pending,2025,8,August
2322,1100,2025-04-05,Emergency Leave,1,Approved,2025,4,April
2323,1156,2025-11-14,Sick Leave,1,Approved,2025,11,November
2324,1321,2025-08-06,Sick Leave,1,Approved,2025,8,August
2325,1342,2025-06-30,Sick Leave,1,Approved,2025,6,June
2326,1427,2025-08-06,Earned Leave,1,Approved,2025,8,August
2327,1119,2025-07-19,Emergency Leave,1,Approved,2025,7,July
2328,1341,2025-09-30,Emergency Leave,1,Approved,2025,9,September
2329,1264,2025-04-09,Earned Leave,1,Approved,2025,4,April
2330,1321,2025-07-11,Emergency Leave,1,Approved,2025,7,July
2331,1027,2025-11-04,Casual Leave,1,Approved,2025,11,November
2332,1479,2025-05-27,Emergency Leave,1,Approved,2025,5,May
2333,1201,2025-01-07,Emergency Leave,2,Approved,2025,1,January
2334,1105,2025-11-13,Sick Leave,1,Approved,2025,11,November
2335,1416,2025-12-29,Casual Leave,1,Approved,2025,12,December
2336,1029,2025-02-14,Earned Leave,1,Approved,2025,2,February
2337,1375,2025-06-27,Sick Leave,1,Rejected,2025,6,June
2338,1207,2025-12-14,Emergency Leave,1,Approved,2025,12,December
2339,1388,2025-04-30,Casual Leave,1,Approved,2025,4,April
2340,1176,2025-08-01,Earned Leave,2,Approved,2025,8,August
2341,1054,2025-07-01,Emergency Leave,1,Approved,2025,7,July
2342,1094,2025-08-20,Sick Leave,1,Approved,2025,8,August
2343,1148,2025-12-08,Earned Leave,1,Approved,2025,12,December
2344,1063,2025-10-18,Emergency Leave,1,Approved,2025,10,October
2345,1266,2025-01-19,Casual Leave,1,Pending,2025,1,January
2346,1305,2025-05-04,Sick Leave,1,Approved,2025,5,May
2347,1356,2025-08-17,Sick Leave,2,Approved,2025,8,August
2348,1316,2025-09-05,Sick Leave,1,Approved,2025,9,September
2349,1075,2025-04-07,Earned Leave,2,Approved,2025,4,April
2350,1373,2025-07-05,Casual Leave,1,Approved,2025,7,July
2351,1425,2025-03-22,Sick Leave,1,Approved,2025,3,March
2352,1387,2025-06-07,Sick Leave,1,Approved,2025,6,June
2353,1181,2025-11-05,Sick Leave,1,Approved,2025,11,November
2354,1083,2025-06-02,Sick Leave,1,Rejected,2025,6,June
2355,1397,2025-08-13,Earned Leave,1,Pending,2025,8,August
2356,1267,2025-12-06,Earned Leave,1,Approved,2025,12,December
2357,1282,2025-02-23,Casual Leave,1,Approved,2025,2,February
2358,1113,2025-11-18,Earned Leave,3,Approved,2025,11,November
2359,1403,2025-04-28,Casual Leave,1,Approved,2025,4,April
2360,1235,2025-08-04,Earned Leave,1,Pending,2025,8,August
2361,1032,2025-10-06,Casual Leave,1,Approved,2025,10,October
2362,1057,2025-08-29,Earned Leave,1,Rejected,2025,8,August
2363,1399,2025-09-05,Emergency Leave,2,Pending,2025,9,September
2364,1441,2025-11-16,Emergency Leave,1,Approved,2025,11,November
2365,1417,2025-05-29,Earned Leave,1,Approved,2025,5,May
2366,1100,2025-11-08,Casual Leave,2,Approved,2025,11,November
2367,1037,2025-08-16,Emergency Leave,1,Approved,2025,8,August
2368,1460,2025-07-21,Sick Leave,3,Rejected,2025,7,July
2369,1247,2025-01-28,Casual Leave,1,Pending,2025,1,January
2370,1102,2025-11-08,Emergency Leave,1,Rejected,2025,11,November
2371,1335,2025-11-08,Emergency Leave,1,Rejected,2025,11,November
2372,1325,2025-11-14,Sick Leave,1,Approved,2025,11,November
2373,1386,2025-07-07,Casual Leave,1,Approved,2025,7,July
2374,1049,2025-02-19,Earned Leave,1,Rejected,2025,2,February
2375,1402,2025-11-27,Sick Leave,1,Approved,2025,11,November
2376,1416,2025-08-05,Sick Leave,1,Rejected,2025,8,August
2377,1363,2025-02-24,Casual Leave,1,Approved,2025,2,February
2378,1474,2025-03-24,Sick Leave,1,Approved,2025,3,March
2379,1430,2025-08-25,Earned Leave,1,Approved,2025,8,August
2380,1239,2025-08-17,Sick Leave,1,Approved,2025,8,August
2381,1369,2025-07-24,Earned Leave,1,Approved,2025,7,July
2382,1015,2025-08-01,Sick Leave,1,Approved,2025,8,August
2383,1420,2025-11-17,Emergency Leave,2,Approved,2025,11,November
2384,1196,2025-11-29,Emergency Leave,1,Approved,2025,11,November
2385,1450,2025-11-08,Emergency Leave,1,Approved,2025,11,November
2386,1112,2025-01-25,Earned Leave,2,Approved,2025,1,January
2387,1006,2025-09-15,Earned Leave,1,Approved,2025,9,September
2388,1175,2025-04-24,Emergency Leave,2,Approved,2025,4,April
2389,1194,2025-07-11,Earned Leave,1,Pending,2025,7,July
2390,1051,2025-09-26,Sick Leave,1,Approved,2025,9,September
2391,1100,2025-08-09,Emergency Leave,1,Rejected,2025,8,August
2392,1466,2025-11-14,Earned Leave,3,Approved,2025,11,November
2393,1393,2025-11-14,Emergency Leave,1,Approved,2025,11,November
2394,1014,2025-03-20,Casual Leave,1,Rejected,2025,3,March
2395,1442,2025-09-12,Emergency Leave,1,Approved,2025,9,September
2396,1028,2025-12-09,Emergency Leave,1,Approved,2025,12,December
2397,1069,2025-08-15,Sick Leave,1,Approved,2025,8,August
2398,1162,2025-02-03,Emergency Leave,1,Approved,2025,2,February
2399,1216,2025-10-20,Casual Leave,1,Rejected,2025,10,October
2400,1255,2025-07-11,Sick Leave,1,Approved,2025,7,July
2401,1373,2025-08-03,Emergency Leave,2,Approved,2025,8,August
2402,1027,2025-03-04,Earned Leave,2,Rejected,2025,3,March
2403,1371,2025-11-05,Casual Leave,1,Approved,2025,11,November
2404,1275,2025-09-09,Earned Leave,1,Rejected,2025,9,September
2405,1252,2025-03-24,Emergency Leave,2,Approved,2025,3,March
2406,1212,2025-09-08,Earned Leave,1,Approved,2025,9,September
2407,1028,2025-12-13,Emergency Leave,3,Approved,2025,12,December
2408,1176,2025-08-13,Casual Leave,1,Approved,2025,8,August
2409,1359,2025-12-23,Earned Leave,2,Approved,2025,12,December
2410,1284,2025-02-13,Earned Leave,1,Approved,2025,2,February
2411,1248,2025-04-28,Earned Leave,2,Pending,2025,4,April
2412,1464,2025-10-13,Casual Leave,2,Pending,2025,10,October
2413,1136,2025-09-16,Sick Leave,1,Approved,2025,9,September
2414,1012,2025-11-19,Emergency Leave,2,Approved,2025,11,November
2415,1406,2025-12-26,Emergency Leave,1,Rejected,2025,12,December
2416,1188,2025-07-31,Casual Leave,1,Approved,2025,7,July
2417,1446,2025-02-04,Earned Leave,1,Rejected,2025,2,February
2418,1248,2025-01-26,Emergency Leave,3,Approved,2025,1,January
2419,1421,2025-08-06,Earned Leave,1,Approved,2025,8,August
2420,1393,2025-06-11,Emergency Leave,1,Approved,2025,6,June
2421,1098,2025-07-12,Earned Leave,1,Approved,2025,7,July
2422,1289,2025-04-21,Earned Leave,1,Approved,2025,4,April
2423,1278,2025-03-22,Casual Leave,1,Approved,2025,3,March
2424,1408,2025-06-27,Earned Leave,1,Approved,2025,6,June
2425,1352,2025-11-11,Casual Leave,1,Approved,2025,11,November
2426,1130,2025-09-04,Casual Leave,1,Pending,2025,9,September
2427,1084,2025-03-15,Emergency Leave,2,Pending,2025,3,March
2428,1481,2025-10-18,Casual Leave,1,Rejected,2025,10,October
2429,1225,2025-05-31,Emergency Leave,2,Approved,2025,5,May
2430,1113,2025-11-22,Casual Leave,1,Rejected,2025,11,November
2431,1238,2025-02-12,Casual Leave,1,Approved,2025,2,February
2432,1276,2025-07-10,Casual Leave,1,Approved,2025,7,July
2433,1299,2025-01-22,Earned Leave,1,Approved,2025,1,January
2434,1056,2025-05-19,Casual Leave,3,Approved,2025,5,May
2435,1245,2025-12-07,Casual Leave,2,Pending,2025,12,December
2436,1473,2025-09-28,Emergency Leave,3,Approved,2025,9,September
2437,1016,2025-11-28,Emergency Leave,1,Approved,2025,11,November
2438,1467,2025-02-25,Earned Leave,2,Pending,2025,2,February
2439,1318,2025-08-03,Sick Leave,1,Approved,2025,8,August
2440,1239,2025-08-08,Sick Leave,1,Approved,2025,8,August
2441,1207,2025-04-06,Earned Leave,1,Approved,2025,4,April
2442,1046,2025-02-22,Sick Leave,1,Approved,2025,2,February
2443,1435,2025-01-01,Earned Leave,2,Approved,2025,1,January
2444,1311,2025-06-12,Emergency Leave,1,Approved,2025,6,June
2445,1358,2025-08-06,Emergency Leave,2,Approved,2025,8,August
2446,1372,2025-06-05,Sick Leave,1,Approved,2025,6,June
2447,1185,2025-05-24,Sick Leave,1,Approved,2025,5,May
2448,1347,2025-06-29,Earned Leave,1,Approved,2025,6,June
2449,1048,2025-05-13,Sick Leave,1,Pending,2025,5,May
2450,1151,2025-06-17,Sick Leave,2,Approved,2025,6,June
2451,1300,2025-01-05,Casual Leave,1,Approved,2025,1,January
2452,1047,2025-08-11,Casual Leave,1,Approved,2025,8,August
2453,1270,2025-12-13,Sick Leave,1,Pending,2025,12,December
2454,1420,2025-04-06,Casual Leave,3,Rejected,2025,4,April
2455,1213,2025-05-01,Sick Leave,1,Pending,2025,5,May
2456,1140,2025-08-06,Sick Leave,1,Approved,2025,8,August
2457,1416,2025-02-25,Emergency Leave,1,Pending,2025,2,February
2458,1001,2025-10-08,Earned Leave,1,Approved,2025,10,October
2459,1135,2025-01-20,Casual Leave,1,Approved,2025,1,January
2460,1416,2025-06-29,Earned Leave,1,Approved,2025,6,June
2461,1235,2025-06-24,Casual Leave,3,Pending,2025,6,June
2462,1235,2025-10-30,Sick Leave,1,Pending,2025,10,October
2463,1332,2025-04-28,Sick Leave,1,Approved,2025,4,April
2464,1196,2025-07-12,Earned Leave,1,Approved,2025,7,July
2465,1178,2025-10-28,Earned Leave,1,Approved,2025,10,October
2466,1066,2025-01-19,Earned Leave,1,Approved,2025,1,January
2467,1293,2025-05-14,Earned Leave,2,Pending,2025,5,May
2468,1005,2025-01-07,Emergency Leave,2,Rejected,2025,1,January
2469,1276,2025-01-21,Sick Leave,1,Approved,2025,1,January
2470,1179,2025-09-03,Sick Leave,1,Approved,2025,9,September
2471,1009,2025-01-10,Casual Leave,1,Approved,2025,1,January
2472,1378,2025-12-21,Sick Leave,1,Approved,2025,12,December
2473,1195,2025-11-08,Casual Leave,3,Pending,2025,11,November
2474,1091,2025-03-09,Casual Leave,1,Approved,2025,3,March
2475,1384,2025-07-22,Sick Leave,2,Approved,2025,7,July
2476,1219,2025-07-04,Sick Leave,1,Approved,2025,7,July
2477,1354,2025-07-13,Emergency Leave,1,Approved,2025,7,July
2478,1057,2025-04-08,Earned Leave,1,Approved,2025,4,April
2479,1388,2025-10-07,Earned Leave,1,Pending,2025,10,October
2480,1086,2025-06-09,Earned Leave,1,Approved,2025,6,June
2481,1214,2025-01-28,Emergency Leave,1,Approved,2025,1,January
2482,1340,2025-06-25,Casual Leave,1,Approved,2025,6,June
2483,1360,2025-01-25,Earned Leave,2,Approved,2025,1,January
2484,1445,2025-05-01,Sick Leave,2,Approved,2025,5,May
2485,1457,2025-06-14,Earned Leave,1,Pending,2025,6,June
2486,1480,2025-12-09,Sick Leave,1,Approved,2025,12,December
2487,1099,2025-08-24,Emergency Leave,1,Approved,2025,8,August
2488,1002,2025-04-26,Sick Leave,1,Approved,2025,4,April
2489,1464,2025-02-01,Earned Leave,1,Approved,2025,2,February
2490,1355,2025-03-06,Casual Leave,1,Approved,2025,3,March
2491,1492,2025-05-24,Sick Leave,1,Approved,2025,5,May
2492,1018,2025-11-28,Emergency Leave,1,Approved,2025,11,November
2493,1329,2025-12-20,Emergency Leave,1,Rejected,2025,12,December
2494,1263,2025-01-03,Earned Leave,1,Approved,2025,1,January
2495,1183,2025-10-06,Emergency Leave,1,Approved,2025,10,October
2496,1250,2025-12-23,Emergency Leave,1,Approved,2025,12,December
2497,1243,2025-10-18,Casual Leave,1,Approved,2025,10,October
2498,1091,2025-01-15,Earned Leave,1,Rejected,2025,1,January
2499,1228,2025-12-08,Sick Leave,1,Approved,2025,12,December
2500,1126,2025-04-08,Sick Leave,2,Approved,2025,4,April
2501,1241,2025-04-06,Earned Leave,1,Rejected,2025,4,April
2502,1474,2025-04-14,Casual Leave,1,Approved,2025,4,April
2503,1391,2025-09-30,Casual Leave,1,Pending,2025,9,September
2504,1235,2025-02-11,Earned Leave,1,Rejected,2025,2,February
2505,1340,2025-06-12,Casual Leave,1,Approved,2025,6,June
2506,1004,2025-01-24,Casual Leave,1,Approved,2025,1,January
2507,1035,2025-05-07,Casual Leave,1,Approved,2025,5,May
2508,1306,2025-08-28,Casual Leave,2,Pending,2025,8,August
2509,1308,2025-10-07,Sick Leave,2,Approved,2025,10,October
2510,1032,2025-12-31,Earned Leave,3,Approved,2025,12,December
2511,1024,2025-11-24,Casual Leave,1,Pending,2025,11,November
2512,1489,2025-01-19,Sick Leave,1,Approved,2025,1,January
2513,1447,2025-12-06,Sick Leave,1,Approved,2025,12,December
2514,1260,2025-02-08,Emergency Leave,1,Approved,2025,2,February
2515,1174,2025-01-29,Earned Leave,2,Approved,2025,1,January
2516,1472,2025-04-27,Casual Leave,1,Approved,2025,4,April
2517,1441,2025-05-27,Earned Leave,1,Pending,2025,5,May
2518,1269,2025-05-24,Emergency Leave,1,Approved,2025,5,May
2519,1024,2025-02-09,Emergency Leave,1,Approved,2025,2,February
2520,1336,2025-01-24,Casual Leave,2,Approved,2025,1,January
2521,1207,2025-04-25,Sick Leave,1,Approved,2025,4,April
2522,1268,2025-07-25,Sick Leave,1,Approved,2025,7,July
2523,1020,2025-06-21,Emergency Leave,1,Rejected,2025,6,June
2524,1422,2025-04-11,Earned Leave,1,Approved,2025,4,April
2525,1405,2025-08-20,Casual Leave,1,Approved,2025,8,August
2526,1410,2025-04-26,Emergency Leave,1,Approved,2025,4,April
2527,1189,2025-07-01,Earned Leave,2,Approved,2025,7,July
2528,1033,2025-01-04,Sick Leave,1,Approved,2025,1,January
2529,1305,2025-06-24,Sick Leave,2,Approved,2025,6,June
2530,1477,2025-01-31,Casual Leave,1,Approved,2025,1,January
2531,1429,2025-01-25,Earned Leave,3,Approved,2025,1,January
2532,1416,2025-06-05,Earned Leave,2,Approved,2025,6,June
2533,1433,2025-01-19,Emergency Leave,2,Rejected,2025,1,January
2534,1107,2025-08-24,Sick Leave,1,Approved,2025,8,August
2535,1347,2025-12-28,Emergency Leave,1,Approved,2025,12,December
2536,1419,2025-05-25,Earned Leave,1,Approved,2025,5,May
2537,1236,2025-09-19,Emergency Leave,2,Approved,2025,9,September
2538,1305,2025-12-31,Earned Leave,1,Approved,2025,12,December
2539,1473,2025-12-10,Emergency Leave,1,Approved,2025,12,December
2540,1114,2025-12-23,Emergency Leave,2,Approved,2025,12,December
2541,1198,2025-01-14,Earned Leave,1,Approved,2025,1,January
2542,1024,2025-06-26,Earned Leave,1,Pending,2025,6,June
2543,1463,2025-09-28,Sick Leave,1,Approved,2025,9,September
2544,1431,2025-03-25,Earned Leave,1,Approved,2025,3,March
2545,1333,2025-08-29,Emergency Leave,1,Approved,2025,8,August
2546,1245,2025-12-24,Sick Leave,2,Pending,2025,12,December
2547,1357,2025-03-10,Earned Leave,1,Rejected,2025,3,March
2548,1051,2025-09-08,Emergency Leave,1,Approved,2025,9,September
2549,1195,2025-09-14,Earned Leave,1,Approved,2025,9,September
2550,1349,2025-05-20,Earned Leave,2,Approved,2025,5,May
2551,1179,2025-07-15,Emergency Leave,1,Approved,2025,7,July
2552,1273,2025-02-22,Earned Leave,2,Approved,2025,2,February
2553,1143,2025-04-01,Sick Leave,1,Approved,2025,4,April
2554,1081,2025-07-30,Earned Leave,2,Rejected,2025,7,July
2555,1020,2025-12-27,Casual Leave,2,Pending,2025,12,December
2556,1344,2025-07-26,Earned Leave,1,Approved,2025,7,July
2557,1002,2025-12-19,Earned Leave,1,Approved,2025,12,December
2558,1279,2025-10-11,Earned Leave,1,Approved,2025,10,October
2559,1393,2025-05-12,Earned Leave,1,Pending,2025,5,May
2560,1075,2025-06-19,Casual Leave,1,Approved,2025,6,June
2561,1220,2025-09-03,Casual Leave,1,Pending,2025,9,September
2562,1146,2025-02-25,Sick Leave,1,Approved,2025,2,February
2563,1351,2025-09-13,Sick Leave,1,Approved,2025,9,September
2564,1117,2025-09-11,Casual Leave,1,Approved,2025,9,September
2565,1497,2025-06-30,Earned Leave,1,Approved,2025,6,June
2566,1203,2025-03-28,Emergency Leave,1,Approved,2025,3,March
2567,1244,2025-06-23,Casual Leave,1,Approved,2025,6,June
2568,1235,2025-08-14,Casual Leave,1,Approved,2025,8,August
2569,1022,2025-06-02,Casual Leave,1,Approved,2025,6,June
2570,1173,2025-09-28,Sick Leave,1,Approved,2025,9,September
2571,1186,2025-08-17,Emergency Leave,2,Rejected,2025,8,August
2572,1040,2025-05-14,Sick Leave,1,Pending,2025,5,May
2573,1027,2025-09-10,Emergency Leave,2,Pending,2025,9,September
2574,1200,2025-06-14,Sick Leave,1,Approved,2025,6,June
2575,1036,2025-12-02,Casual Leave,1,Approved,2025,12,December
2576,1043,2025-07-07,Sick Leave,1,Approved,2025,7,July
2577,1353,2025-09-26,Sick Leave,1,Approved,2025,9,September
2578,1078,2025-10-27,Earned Leave,1,Approved,2025,10,October
2579,1136,2025-11-03,Earned Leave,1,Approved,2025,11,November
2580,1434,2025-12-02,Emergency Leave,1,Approved,2025,12,December
2581,1110,2025-04-10,Emergency Leave,1,Approved,2025,4,April
2582,1062,2025-02-01,Casual Leave,2,Approved,2025,2,February
2583,1056,2025-09-05,Emergency Leave,1,Approved,2025,9,September
2584,1296,2025-06-15,Sick Leave,1,Rejected,2025,6,June
2585,1488,2025-02-23,Earned Leave,1,Approved,2025,2,February
2586,1081,2025-06-12,Sick Leave,1,Rejected,2025,6,June
2587,1006,2025-03-11,Casual Leave,1,Approved,2025,3,March
2588,1408,2025-06-19,Sick Leave,1,Approved,2025,6,June
2589,1318,2025-04-09,Earned Leave,1,Approved,2025,4,April
2590,1229,2025-08-19,Sick Leave,1,Approved,2025,8,August
2591,1001,2025-03-22,Sick Leave,1,Approved,2025,3,March
2592,1310,2025-06-09,Earned Leave,1,Rejected,2025,6,June
2593,1375,2025-03-20,Sick Leave,1,Approved,2025,3,March
2594,1337,2025-10-08,Emergency Leave,1,Approved,2025,10,October
2595,1010,2025-07-18,Casual Leave,2,Approved,2025,7,July
2596,1043,2025-05-27,Casual Leave,3,Approved,2025,5,May
2597,1102,2025-01-06,Casual Leave,1,Approved,2025,1,January
2598,1467,2025-05-04,Earned Leave,1,Rejected,2025,5,May
2599,1443,2025-08-19,Earned Leave,1,Approved,2025,8,August
2600,1086,2025-11-29,Sick Leave,1,Approved,2025,11,November
2601,1424,2025-02-14,Earned Leave,1,Approved,2025,2,February
2602,1100,2025-11-28,Sick Leave,1,Approved,2025,11,November
2603,1424,2025-02-04,Casual Leave,1,Approved,2025,2,February
2604,1070,2025-12-18,Earned Leave,1,Approved,2025,12,December
2605,1353,2025-03-24,Casual Leave,1,Approved,2025,3,March
2606,1119,2025-11-19,Emergency Leave,1,Approved,2025,11,November
2607,1312,2025-12-19,Earned Leave,1,Approved,2025,12,December
2608,1324,2025-11-16,Emergency Leave,2,Approved,2025,11,November
2609,1461,2025-12-02,Emergency Leave,1,Rejected,2025,12,December
2610,1228,2025-05-14,Casual Leave,2,Approved,2025,5,May
2611,1453,2025-06-27,Emergency Leave,1,Approved,2025,6,June
2612,1074,2025-11-15,Earned Leave,1,Approved,2025,11,November
2613,1143,2025-05-30,Emergency Leave,1,Pending,2025,5,May
2614,1351,2025-07-27,Earned Leave,1,Approved,2025,7,July
2615,1031,2025-06-26,Emergency Leave,2,Approved,2025,6,June
2616,1176,2025-05-03,Emergency Leave,1,Approved,2025,5,May
2617,1325,2025-08-31,Earned Leave,1,Approved,2025,8,August
2618,1074,2025-05-16,Earned Leave,1,Approved,2025,5,May
2619,1067,2025-06-25,Sick Leave,1,Rejected,2025,6,June
2620,1309,2025-09-17,Emergency Leave,1,Pending,2025,9,September
2621,1245,2025-02-09,Earned Leave,3,Approved,2025,2,February
2622,1208,2025-01-11,Earned Leave,2,Approved,2025,1,January
2623,1089,2025-08-19,Casual Leave,1,Rejected,2025,8,August
2624,1479,2025-04-17,Emergency Leave,2,Approved,2025,4,April
2625,1379,2025-09-11,Emergency Leave,1,Approved,2025,9,September
2626,1057,2025-07-17,Emergency Leave,1,Approved,2025,7,July
2627,1497,2025-12-16,Casual Leave,1,Approved,2025,12,December
2628,1129,2025-05-15,Casual Leave,2,Approved,2025,5,May
2629,1257,2025-05-22,Emergency Leave,2,Approved,2025,5,May
2630,1095,2025-07-26,Sick Leave,1,Approved,2025,7,July
2631,1447,2025-05-08,Casual Leave,1,Approved,2025,5,May
2632,1360,2025-05-17,Emergency Leave,3,Approved,2025,5,May
2633,1156,2025-10-18,Emergency Leave,3,Approved,2025,10,October
2634,1296,2025-04-09,Sick Leave,2,Approved,2025,4,April
2635,1050,2025-08-26,Earned Leave,1,Approved,2025,8,August
2636,1155,2025-11-12,Sick Leave,1,Pending,2025,11,November
2637,1040,2025-05-31,Sick Leave,1,Approved,2025,5,May
2638,1169,2025-02-13,Casual Leave,2,Rejected,2025,2,February
2639,1446,2025-07-19,Casual Leave,1,Rejected,2025,7,July
2640,1044,2025-12-02,Casual Leave,3,Pending,2025,12,December
2641,1141,2025-01-15,Sick Leave,2,Approved,2025,1,January
2642,1097,2025-05-17,Emergency Leave,1,Approved,2025,5,May
2643,1132,2025-02-19,Emergency Leave,1,Approved,2025,2,February
2644,1086,2025-10-19,Earned Leave,1,Approved,2025,10,October
2645,1099,2025-11-23,Earned Leave,1,Approved,2025,11,November
2646,1319,2025-08-16,Casual Leave,1,Approved,2025,8,August
2647,1260,2025-04-11,Earned Leave,1,Approved,2025,4,April
2648,1030,2025-07-04,Emergency Leave,1,Pending,2025,7,July
2649,1049,2025-11-28,Sick Leave,1,Approved,2025,11,November
2650,1418,2025-01-29,Sick Leave,1,Approved,2025,1,January
2651,1132,2025-03-10,Earned Leave,1,Approved,2025,3,March
2652,1029,2025-07-12,Sick Leave,1,Pending,2025,7,July
2653,1199,2025-09-02,Emergency Leave,1,Approved,2025,9,September
2654,1045,2025-01-26,Emergency Leave,1,Approved,2025,1,January
2655,1165,2025-07-11,Earned Leave,1,Approved,2025,7,July
2656,1477,2025-03-26,Emergency Leave,1,Rejected,2025,3,March
2657,1438,2025-04-29,Casual Leave,1,Pending,2025,4,April
2658,1138,2025-02-02,Emergency Leave,1,Approved,2025,2,February
2659,1298,2025-02-01,Earned Leave,1,Approved,2025,2,February
2660,1156,2025-07-06,Casual Leave,2,Approved,2025,7,July
2661,1236,2025-09-24,Casual Leave,1,Approved,2025,9,September
2662,1497,2025-06-08,Sick Leave,1,Approved,2025,6,June
2663,1229,2025-12-25,Earned Leave,1,Approved,2025,12,December
2664,1403,2025-06-20,Emergency Leave,1,Approved,2025,6,June
2665,1313,2025-05-12,Emergency Leave,3,Approved,2025,5,May
2666,1166,2025-07-22,Sick Leave,1,Rejected,2025,7,July
2667,1370,2025-07-19,Earned Leave,1,Approved,2025,7,July
2668,1417,2025-01-27,Casual Leave,1,Rejected,2025,1,January
2669,1442,2025-09-12,Sick Leave,1,Approved,2025,9,September
2670,1464,2025-12-02,Sick Leave,2,Approved,2025,12,December
2671,1210,2025-09-04,Casual Leave,1,Rejected,2025,9,September
2672,1331,2025-06-27,Emergency Leave,1,Approved,2025,6,June
2673,1354,2025-03-07,Casual Leave,1,Approved,2025,3,March
2674,1364,2025-05-04,Earned Leave,2,Approved,2025,5,May
2675,1017,2025-11-29,Emergency Leave,1,Pending,2025,11,November
2676,1109,2025-08-14,Casual Leave,1,Approved,2025,8,August
2677,1083,2025-04-26,Emergency Leave,1,Approved,2025,4,April
2678,1161,2025-11-14,Casual Leave,1,Approved,2025,11,November
2679,1247,2025-10-01,Casual Leave,1,Approved,2025,10,October
2680,1434,2025-09-19,Emergency Leave,2,Approved,2025,9,September
2681,1315,2025-02-03,Earned Leave,1,Approved,2025,2,February
2682,1288,2025-10-04,Earned Leave,2,Approved,2025,10,October
2683,1343,2025-03-28,Emergency Leave,1,Approved,2025,3,March
2684,1437,2025-06-30,Sick Leave,1,Approved,2025,6,June
2685,1257,2025-10-23,Emergency Leave,1,Approved,2025,10,October
2686,1024,2025-12-16,Earned Leave,1,Rejected,2025,12,December
2687,1319,2025-01-09,Sick Leave,1,Approved,2025,1,January
2688,1167,2025-10-14,Casual Leave,1,Rejected,2025,10,October
2689,1291,2025-07-01,Casual Leave,2,Rejected,2025,7,July
2690,1106,2025-11-10,Emergency Leave,1,Approved,2025,11,November
2691,1021,2025-08-06,Emergency Leave,1,Approved,2025,8,August
2692,1425,2025-02-12,Casual Leave,1,Approved,2025,2,February
2693,1316,2025-08-19,Emergency Leave,2,Approved,2025,8,August
2694,1339,2025-10-28,Casual Leave,1,Approved,2025,10,October
2695,1005,2025-11-30,Emergency Leave,2,Pending,2025,11,November
2696,1444,2025-06-28,Casual Leave,1,Approved,2025,6,June
2697,1293,2025-06-18,Sick Leave,2,Rejected,2025,6,June
2698,1230,2025-01-29,Sick Leave,3,Approved,2025,1,January
2699,1218,2025-08-16,Emergency Leave,1,Approved,2025,8,August
2700,1134,2025-02-20,Sick Leave,1,Rejected,2025,2,February
2701,1332,2025-06-19,Emergency Leave,1,Rejected,2025,6,June
2702,1264,2025-12-14,Earned Leave,2,Approved,2025,12,December
2703,1435,2025-01-30,Emergency Leave,1,Approved,2025,1,January
2704,1434,2025-05-29,Casual Leave,1,Rejected,2025,5,May
2705,1457,2025-04-05,Sick Leave,1,Approved,2025,4,April
2706,1245,2025-11-24,Emergency Leave,2,Approved,2025,11,November
2707,1327,2025-03-18,Sick Leave,3,Approved,2025,3,March
2708,1001,2025-01-20,Emergency Leave,1,Approved,2025,1,January
2709,1023,2025-05-23,Casual Leave,1,Approved,2025,5,May
2710,1331,2025-10-21,Emergency Leave,1,Approved,2025,10,October
2711,1424,2025-09-22,Casual Leave,1,Approved,2025,9,September
2712,1441,2025-10-21,Emergency Leave,1,Rejected,2025,10,October
2713,1435,2025-01-15,Casual Leave,1,Approved,2025,1,January
2714,1105,2025-06-23,Casual Leave,1,Approved,2025,6,June
2715,1018,2025-10-30,Emergency Leave,1,Approved,2025,10,October
2716,1249,2025-09-12,Emergency Leave,1,Rejected,2025,9,September
2717,1427,2025-11-20,Emergency Leave,1,Approved,2025,11,November
2718,1222,2025-10-03,Sick Leave,1,Approved,2025,10,October
2719,1229,2025-08-19,Earned Leave,1,Pending,2025,8,August
2720,1483,2025-09-20,Sick Leave,1,Pending,2025,9,September
2721,1444,2025-09-25,Emergency Leave,1,Approved,2025,9,September
2722,1421,2025-10-10,Earned Leave,1,Approved,2025,10,October
2723,1461,2025-09-07,Earned Leave,1,Pending,2025,9,September
2724,1443,2025-04-10,Earned Leave,1,Pending,2025,4,April
2725,1218,2025-08-15,Earned Leave,1,Approved,2025,8,August
2726,1027,2025-01-01,Emergency Leave,1,Approved,2025,1,January
2727,1170,2025-03-02,Unknown,1,Approved,2025,3,March
2728,1003,2025-04-18,Emergency Leave,1,Approved,2025,4,April
2729,1071,2025-03-06,Casual Leave,2,Approved,2025,3,March
2730,1398,2025-07-24,Sick Leave,1,Rejected,2025,7,July
2731,1484,2025-07-06,Emergency Leave,1,Approved,2025,7,July
2732,1117,2025-01-17,Sick Leave,2,Approved,2025,1,January
2733,1080,2025-04-22,Casual Leave,1,Approved,2025,4,April
2734,1251,2025-12-24,Sick Leave,1,Approved,2025,12,December
2735,1342,2025-02-14,Sick Leave,3,Rejected,2025,2,February
2736,1162,2025-01-05,Earned Leave,1,Approved,2025,1,January
2737,1128,2025-07-14,Casual Leave,1,Approved,2025,7,July
2738,1082,2025-05-29,Casual Leave,1,Approved,2025,5,May
2739,1112,2025-01-25,Emergency Leave,1,Approved,2025,1,January
2740,1084,2025-09-12,Emergency Leave,1,Approved,2025,9,September
2741,1372,2025-08-04,Earned Leave,1,Approved,2025,8,August
2742,1232,2025-03-28,Earned Leave,1,Approved,2025,3,March
2743,1494,2025-01-16,Casual Leave,1,Pending,2025,1,January
2744,1178,2025-04-17,Emergency Leave,3,Approved,2025,4,April
2745,1284,2025-03-15,Sick Leave,3,Approved,2025,3,March
2746,1484,2025-02-19,Emergency Leave,2,Approved,2025,2,February
2747,1029,2025-08-09,Emergency Leave,2,Approved,2025,8,August
2748,1318,2025-05-07,Casual Leave,1,Approved,2025,5,May
2749,1442,2025-02-18,Emergency Leave,1,Approved,2025,2,February
2750,1230,2025-03-11,Sick Leave,1,Approved,2025,3,March
2751,1490,2025-03-06,Casual Leave,1,Rejected,2025,3,March
2752,1177,2025-06-11,Emergency Leave,1,Pending,2025,6,June
2753,1082,2025-10-19,Casual Leave,1,Approved,2025,10,October
2754,1074,2025-09-16,Casual Leave,1,Approved,2025,9,September
2755,1378,2025-08-13,Casual Leave,1,Approved,2025,8,August
2756,1047,2025-08-07,Emergency Leave,2,Approved,2025,8,August
2757,1321,2025-09-12,Sick Leave,1,Rejected,2025,9,September
2758,1135,2025-01-22,Emergency Leave,2,Rejected,2025,1,January
2759,1144,2025-10-20,Earned Leave,1,Approved,2025,10,October
2760,1305,2025-10-01,Earned Leave,2,Approved,2025,10,October
2761,1030,2025-01-01,Earned Leave,2,Approved,2025,1,January
2762,1078,2025-12-12,Sick Leave,2,Approved,2025,12,December
2763,1104,2025-01-12,Sick Leave,1,Approved,2025,1,January
2764,1386,2025-05-13,Casual Leave,1,Approved,2025,5,May
2765,1124,2025-08-27,Sick Leave,1,Rejected,2025,8,August
2766,1250,2025-04-27,Casual Leave,2,Approved,2025,4,April
2767,1240,2025-07-17,Casual Leave,2,Pending,2025,7,July
2768,1302,2025-07-14,Sick Leave,1,Approved,2025,7,July
2769,1487,2025-03-29,Sick Leave,1,Approved,2025,3,March
2770,1022,2025-07-01,Sick Leave,2,Approved,2025,7,July
2771,1417,2025-12-23,Earned Leave,1,Approved,2025,12,December
2772,1041,2025-06-05,Earned Leave,2,Approved,2025,6,June
2773,1200,2025-10-15,Casual Leave,1,Approved,2025,10,October
2774,1023,2025-11-06,Earned Leave,1,Approved,2025,11,November
2775,1430,2025-03-28,Casual Leave,1,Approved,2025,3,March
2776,1417,2025-06-09,Sick Leave,1,Approved,2025,6,June
2777,1152,2025-02-01,Earned Leave,1,Rejected,2025,2,February
2778,1191,2025-07-05,Casual Leave,1,Approved,2025,7,July
2779,1026,2025-12-20,Casual Leave,2,Approved,2025,12,December
2780,1217,2025-04-25,Earned Leave,1,Approved,2025,4,April
2781,1028,2025-09-30,Emergency Leave,2,Approved,2025,9,September
2782,1474,2025-05-27,Sick Leave,1,Approved,2025,5,May
2783,1457,2025-08-23,Sick Leave,1,Rejected,2025,8,August
2784,1206,2025-11-19,Casual Leave,1,Approved,2025,11,November
2785,1197,2025-06-19,Earned Leave,1,Rejected,2025,6,June
2786,1063,2025-07-17,Casual Leave,1,Rejected,2025,7,July
2787,1287,2025-05-26,Sick Leave,2,Approved,2025,5,May
2788,1250,2025-01-10,Sick Leave,1,Pending,2025,1,January
2789,1267,2025-06-29,Casual Leave,1,Approved,2025,6,June
2790,1259,2025-03-31,Earned Leave,1,Approved,2025,3,March
2791,1264,2025-08-10,Sick Leave,1,Approved,2025,8,August
2792,1096,2025-01-17,Sick Leave,1,Pending,2025,1,January
2793,1150,2025-09-11,Earned Leave,1,Approved,2025,9,September
2794,1150,2025-09-12,Emergency Leave,1,Rejected,2025,9,September
2795,1417,2025-03-08,Casual Leave,1,Approved,2025,3,March
2796,1266,2025-07-05,Emergency Leave,1,Pending,2025,7,July
2797,1402,2025-06-28,Sick Leave,1,Approved,2025,6,June
2798,1241,2025-12-26,Casual Leave,1,Approved,2025,12,December
2799,1199,2025-12-31,Earned Leave,1,Approved,2025,12,December
2800,1347,2025-09-11,Sick Leave,2,Approved,2025,9,September
2801,1110,2025-04-10,Earned Leave,1,Approved,2025,4,April
2802,1079,2025-05-22,Earned Leave,2,Approved,2025,5,May
2803,1294,2025-01-31,Sick Leave,1,Approved,2025,1,January
2804,1055,2025-09-19,Sick Leave,1,Rejected,2025,9,September
2805,1331,2025-06-13,Emergency Leave,1,Approved,2025,6,June
2806,1360,2025-11-06,Earned Leave,2,Approved,2025,11,November
2807,1425,2025-04-27,Sick Leave,1,Approved,2025,4,April
2808,1462,2025-03-26,Earned Leave,3,Approved,2025,3,March
2809,1458,2025-03-04,Earned Leave,1,Approved,2025,3,March
2810,1229,2025-11-09,Emergency Leave,2,Approved,2025,11,November
2811,1398,2025-09-04,Sick Leave,1,Approved,2025,9,September
2812,1307,2025-05-18,Casual Leave,1,Approved,2025,5,May
2813,1492,2025-05-05,Earned Leave,1,Approved,2025,5,May
2814,1197,2025-10-28,Emergency Leave,1,Approved,2025,10,October
2815,1137,2025-06-23,Emergency Leave,1,Approved,2025,6,June
2816,1331,2025-09-24,Emergency Leave,1,Approved,2025,9,September
2817,1146,2025-04-02,Sick Leave,1,Pending,2025,4,April
2818,1483,2025-10-07,Emergency Leave,1,Rejected,2025,10,October
2819,1382,2025-02-20,Sick Leave,1,Approved,2025,2,February
2820,1021,2025-03-01,Emergency Leave,2,Approved,2025,3,March
2821,1156,2025-07-14,Emergency Leave,1,Rejected,2025,7,July
2822,1205,2025-06-29,Emergency Leave,1,Rejected,2025,6,June
2823,1477,2025-10-23,Sick Leave,2,Rejected,2025,10,October
2824,1472,2025-08-24,Casual Leave,1,Approved,2025,8,August
2825,1354,2025-05-29,Sick Leave,1,Approved,2025,5,May
2826,1308,2025-08-16,Earned Leave,1,Approved,2025,8,August
2827,1097,2025-05-26,Earned Leave,2,Approved,2025,5,May
2828,1441,2025-12-10,Earned Leave,1,Approved,2025,12,December
2829,1055,2025-07-05,Earned Leave,1,Approved,2025,7,July
2830,1236,2025-09-29,Sick Leave,1,Approved,2025,9,September
2831,1349,2025-04-27,Casual Leave,1,Approved,2025,4,April
2832,1015,2025-05-14,Sick Leave,1,Approved,2025,5,May
2833,1075,2025-09-20,Emergency Leave,2,Approved,2025,9,September
2834,1496,2025-06-15,Emergency Leave,2,Approved,2025,6,June
2835,1153,2025-07-15,Sick Leave,1,Approved,2025,7,July
2836,1072,2025-06-08,Emergency Leave,2,Approved,2025,6,June
2837,1327,2025-07-11,Casual Leave,1,Approved,2025,7,July
2838,1224,2025-01-07,Earned Leave,1,Approved,2025,1,January
2839,1272,2025-12-10,Emergency Leave,1,Approved,2025,12,December
2840,1064,2025-02-14,Earned Leave,1,Approved,2025,2,February
2841,1326,2025-02-18,Earned Leave,1,Approved,2025,2,February
2842,1124,2025-03-21,Earned Leave,1,Approved,2025,3,March
2843,1249,2025-07-14,Emergency Leave,1,Approved,2025,7,July
2844,1087,2025-01-02,Earned Leave,1,Approved,2025,1,January
2845,1106,2025-12-09,Earned Leave,1,Approved,2025,12,December
2846,1021,2025-09-27,Sick Leave,1,Pending,2025,9,September
2847,1106,2025-07-16,Emergency Leave,1,Approved,2025,7,July
2848,1490,2025-06-28,Emergency Leave,1,Approved,2025,6,June
2849,1459,2025-08-24,Sick Leave,2,Approved,2025,8,August
2850,1389,2025-06-20,Casual Leave,1,Approved,2025,6,June
2851,1352,2025-04-09,Sick Leave,1,Approved,2025,4,April
2852,1088,2025-07-12,Sick Leave,1,Approved,2025,7,July
2853,1195,2025-10-19,Sick Leave,1,Pending,2025,10,October
2854,1278,2025-01-03,Emergency Leave,1,Approved,2025,1,January
2855,1315,2025-01-18,Sick Leave,1,Pending,2025,1,January
2856,1207,2025-10-31,Emergency Leave,1,Approved,2025,10,October
2857,1454,2025-02-03,Sick Leave,1,Approved,2025,2,February
2858,1026,2025-10-30,Sick Leave,2,Approved,2025,10,October
2859,1445,2025-11-03,Casual Leave,1,Approved,2025,11,November
2860,1291,2025-01-25,Casual Leave,1,Approved,2025,1,January
2861,1303,2025-10-04,Sick Leave,1,Approved,2025,10,October
2862,1275,2025-03-24,Earned Leave,1,Pending,2025,3,March
2863,1365,2025-12-05,Earned Leave,2,Approved,2025,12,December
2864,1252,2025-06-13,Earned Leave,1,Approved,2025,6,June
2865,1490,2025-06-24,Emergency Leave,1,Approved,2025,6,June
2866,1376,2025-12-08,Earned Leave,1,Approved,2025,12,December
2867,1500,2025-02-04,Casual Leave,1,Approved,2025,2,February
2868,1059,2025-02-24,Earned Leave,1,Approved,2025,2,February
2869,1064,2025-10-19,Casual Leave,1,Pending,2025,10,October
2870,1428,2025-05-22,Casual Leave,1,Rejected,2025,5,May
2871,1072,2025-11-28,Sick Leave,1,Approved,2025,11,November
2872,1413,2025-01-26,Casual Leave,1,Pending,2025,1,January
2873,1456,2025-10-05,Emergency Leave,1,Approved,2025,10,October
2874,1056,2025-06-13,Casual Leave,1,Approved,2025,6,June
2875,1002,2025-10-14,Earned Leave,1,Approved,2025,10,October
2876,1357,2025-08-19,Casual Leave,1,Rejected,2025,8,August
2877,1269,2025-02-10,Casual Leave,1,Approved,2025,2,February
2878,1159,2025-09-30,Emergency Leave,3,Approved,2025,9,September
2879,1499,2025-09-26,Earned Leave,2,Approved,2025,9,September
2880,1278,2025-08-14,Earned Leave,1,Approved,2025,8,August
2881,1115,2025-01-18,Earned Leave,1,Approved,2025,1,January
2882,1001,2025-12-27,Emergency Leave,1,Approved,2025,12,December
2883,1088,2025-07-14,Emergency Leave,2,Approved,2025,7,July
2884,1127,2025-01-12,Earned Leave,1,Approved,2025,1,January
2885,1153,2025-05-21,Earned Leave,1,Approved,2025,5,May
2886,1165,2025-11-03,Earned Leave,1,Approved,2025,11,November
2887,1440,2025-07-27,Earned Leave,3,Approved,2025,7,July
2888,1156,2025-09-07,Sick Leave,2,Rejected,2025,9,September
2889,1159,2025-03-07,Emergency Leave,2,Approved,2025,3,March
2890,1436,2025-06-02,Casual Leave,2,Rejected,2025,6,June
2891,1003,2025-01-01,Sick Leave,1,Approved,2025,1,January
2892,1017,2025-08-11,Sick Leave,1,Approved,2025,8,August
2893,1262,2025-12-24,Emergency Leave,1,Approved,2025,12,December
2894,1158,2025-01-10,Emergency Leave,1,Approved,2025,1,January
2895,1390,2025-06-07,Earned Leave,1,Rejected,2025,6,June
2896,1308,2025-06-13,Emergency Leave,1,Pending,2025,6,June
2897,1116,2025-11-26,Casual Leave,1,Approved,2025,11,November
2898,1233,2025-07-15,Emergency Leave,1,Approved,2025,7,July
2899,1483,2025-07-16,Emergency Leave,1,Rejected,2025,7,July
2900,1235,2025-04-11,Earned Leave,1,Approved,2025,4,April
2901,1172,2025-06-06,Earned Leave,1,Approved,2025,6,June
2902,1201,2025-04-16,Sick Leave,1,Approved,2025,4,April
2903,1460,2025-03-16,Sick Leave,1,Approved,2025,3,March
2904,1177,2025-06-13,Earned Leave,1,Approved,2025,6,June
2905,1114,2025-08-20,Sick Leave,2,Approved,2025,8,August
2906,1095,2025-10-01,Earned Leave,1,Approved,2025,10,October
2907,1452,2025-10-22,Emergency Leave,1,Approved,2025,10,October
2908,1476,2025-11-07,Earned Leave,2,Pending,2025,11,November
2909,1267,2025-09-25,Casual Leave,1,Rejected,2025,9,September
2910,1045,2025-11-06,Emergency Leave,1,Approved,2025,11,November
2911,1082,2025-11-03,Sick Leave,1,Pending,2025,11,November
2912,1480,2025-06-29,Earned Leave,1,Rejected,2025,6,June
2913,1316,2025-03-10,Earned Leave,2,Approved,2025,3,March
2914,1496,2025-06-26,Sick Leave,2,Approved,2025,6,June
2915,1410,2025-03-06,Casual Leave,2,Approved,2025,3,March
2916,1312,2025-07-10,Emergency Leave,1,Approved,2025,7,July
2917,1115,2025-03-11,Earned Leave,1,Approved,2025,3,March
2918,1148,2025-07-12,Earned Leave,1,Approved,2025,7,July
2919,1008,2025-05-25,Sick Leave,1,Approved,2025,5,May
2920,1288,2025-10-19,Earned Leave,1,Approved,2025,10,October
2921,1022,2025-07-21,Earned Leave,1,Approved,2025,7,July
2922,1395,2025-06-16,Earned Leave,1,Pending,2025,6,June
2923,1255,2025-09-23,Casual Leave,1,Approved,2025,9,September
2924,1328,2025-08-14,Casual Leave,1,Rejected,2025,8,August
2925,1212,2025-01-15,Earned Leave,1,Approved,2025,1,January
2926,1276,2025-08-30,Sick Leave,1,Rejected,2025,8,August
2927,1124,2025-08-07,Emergency Leave,1,Approved,2025,8,August
2928,1442,2025-07-07,Sick Leave,1,Approved,2025,7,July
2929,1077,2025-08-26,Earned Leave,2,Approved,2025,8,August
2930,1465,2025-09-25,Emergency Leave,1,Approved,2025,9,September
2931,1306,2025-07-08,Emergency Leave,1,Pending,2025,7,July
2932,1256,2025-03-16,Emergency Leave,1,Approved,2025,3,March
2933,1324,2025-07-28,Emergency Leave,1,Approved,2025,7,July
2934,1285,2025-10-27,Emergency Leave,2,Rejected,2025,10,October
2935,1022,2025-03-08,Sick Leave,1,Approved,2025,3,March
2936,1389,2025-09-14,Emergency Leave,3,Pending,2025,9,September
2937,1302,2025-02-14,Casual Leave,1,Approved,2025,2,February
2938,1248,2025-05-15,Emergency Leave,2,Approved,2025,5,May
2939,1391,2025-11-04,Earned Leave,1,Approved,2025,11,November
2940,1168,2025-07-23,Sick Leave,1,Rejected,2025,7,July
2941,1055,2025-01-24,Sick Leave,1,Approved,2025,1,January
2942,1454,2025-04-26,Earned Leave,2,Approved,2025,4,April
2943,1453,2025-12-17,Sick Leave,1,Approved,2025,12,December
2944,1342,2025-02-02,Emergency Leave,1,Approved,2025,2,February
2945,1345,2025-06-21,Emergency Leave,1,Approved,2025,6,June
2946,1368,2025-08-01,Earned Leave,1,Approved,2025,8,August
2947,1047,2025-04-30,Earned Leave,1,Rejected,2025,4,April
2948,1476,2025-12-10,Casual Leave,2,Approved,2025,12,December
2949,1189,2025-07-31,Earned Leave,1,Approved,2025,7,July
2950,1461,2025-08-22,Emergency Leave,1,Approved,2025,8,August
2951,1070,2025-08-20,Casual Leave,1,Approved,2025,8,August
2952,1114,2025-04-16,Earned Leave,1,Approved,2025,4,April
2953,1285,2025-10-07,Earned Leave,1,Approved,2025,10,October
2954,1155,2025-01-07,Sick Leave,1,Approved,2025,1,January
2955,1234,2025-06-27,Earned Leave,1,Approved,2025,6,June
2956,1363,2025-09-30,Casual Leave,1,Approved,2025,9,September
2957,1241,2025-10-17,Sick Leave,1,Approved,2025,10,October
2958,1273,2025-06-04,Casual Leave,1,Approved,2025,6,June
2959,1344,2025-01-16,Casual Leave,3,Approved,2025,1,January
2960,1159,2025-12-14,Earned Leave,1,Approved,2025,12,December
2961,1352,2025-06-01,Emergency Leave,2,Pending,2025,6,June
2962,1436,2025-07-29,Emergency Leave,1,Approved,2025,7,July
2963,1080,2025-05-20,Sick Leave,1,Approved,2025,5,May
2964,1144,2025-03-11,Emergency Leave,1,Rejected,2025,3,March
2965,1320,2025-12-31,Emergency Leave,1,Approved,2025,12,December
2966,1281,2025-12-02,Sick Leave,1,Pending,2025,12,December
2967,1440,2025-03-27,Casual Leave,1,Approved,2025,3,March
2968,1035,2025-07-22,Emergency Leave,2,Approved,2025,7,July
2969,1386,2025-05-31,Earned Leave,1,Approved,2025,5,May
2970,1129,2025-10-26,Sick Leave,1,Approved,2025,10,October
2971,1081,2025-04-12,Sick Leave,1,Rejected,2025,4,April
2972,1303,2025-03-02,Emergency Leave,1,Approved,2025,3,March
2973,1318,2025-06-07,Casual Leave,1,Approved,2025,6,June
2974,1314,2025-10-16,Sick Leave,1,Approved,2025,10,October
2975,1074,2025-09-08,Casual Leave,2,Approved,2025,9,September
2976,1356,2025-02-18,Earned Leave,1,Approved,2025,2,February
2977,1151,2025-04-27,Earned Leave,1,Pending,2025,4,April
2978,1166,2025-11-03,Casual Leave,1,Approved,2025,11,November
2979,1452,2025-01-01,Emergency Leave,1,Approved,2025,1,January
2980,1031,2025-02-06,Earned Leave,2,Approved,2025,2,February
2981,1224,2025-05-04,Sick Leave,1,Approved,2025,5,May
2982,1452,2025-02-12,Sick Leave,2,Approved,2025,2,February
2983,1068,2025-06-19,Casual Leave,3,Pending,2025,6,June
2984,1351,2025-12-30,Casual Leave,1,Approved,2025,12,December
2985,1499,2025-12-05,Casual Leave,1,Approved,2025,12,December
2986,1227,2025-03-05,Emergency Leave,2,Approved,2025,3,March
2987,1348,2025-10-27,Emergency Leave,1,Approved,2025,10,October
2988,1237,2025-07-10,Earned Leave,2,Approved,2025,7,July
2989,1284,2025-12-31,Earned Leave,1,Approved,2025,12,December
2990,1036,2025-04-02,Earned Leave,1,Approved,2025,4,April
2991,1486,2025-05-04,Earned Leave,2,Approved,2025,5,May
2992,1425,2025-03-31,Sick Leave,1,Approved,2025,3,March
2993,1214,2025-08-17,Earned Leave,1,Pending,2025,8,August
2994,1344,2025-09-12,Emergency Leave,1,Approved,2025,9,September
2995,1415,2025-10-30,Earned Leave,1,Approved,2025,10,October
2996,1239,2025-12-18,Emergency Leave,2,Approved,2025,12,December
2997,1268,2025-08-24,Casual Leave,1,Approved,2025,8,August
2998,1231,2025-06-18,Earned Leave,2,Approved,2025,6,June
2999,1212,2025-06-08,Earned Leave,2,Rejected,2025,6,June
3000,1172,2025-11-13,Sick Leave,1,Approved,2025,11,November
3001,1337,2025-10-11,Emergency Leave,1,Approved,2025,10,October
3002,1309,2025-04-19,Sick Leave,1,Approved,2025,4,April
3003,1275,2025-03-16,Emergency Leave,1,Approved,2025,3,March
3004,1161,2025-03-31,Casual Leave,1,Approved,2025,3,March
3005,1280,2025-03-31,Emergency Leave,1,Pending,2025,3,March
3006,1434,2025-04-22,Emergency Leave,1,Approved,2025,4,April
3007,1492,2025-04-07,Sick Leave,1,Approved,2025,4,April
3008,1488,2025-08-06,Casual Leave,2,Approved,2025,8,August
3009,1079,2025-06-08,Earned Leave,1,Approved,2025,6,June
3010,1441,2025-06-03,Emergency Leave,1,Approved,2025,6,June
3011,1409,2025-08-01,Emergency Leave,1,Approved,2025,8,August
3012,1494,2025-04-08,Earned Leave,1,Approved,2025,4,April
3013,1399,2025-07-03,Casual Leave,1,Approved,2025,7,July
3014,1453,2025-08-20,Earned Leave,1,Rejected,2025,8,August
3015,1358,2025-03-19,Emergency Leave,1,Approved,2025,3,March
3016,1289,2025-06-21,Sick Leave,1,Approved,2025,6,June
3017,1172,2025-12-16,Earned Leave,1,Rejected,2025,12,December
3018,1163,2025-07-06,Sick Leave,3,Approved,2025,7,July
3019,1128,2025-09-10,Emergency Leave,1,Rejected,2025,9,September
3020,1024,2025-01-12,Casual Leave,1,Approved,2025,1,January
3021,1075,2025-02-19,Emergency Leave,2,Approved,2025,2,February
3022,1433,2025-05-20,Earned Leave,1,Rejected,2025,5,May
3023,1144,2025-06-28,Earned Leave,3,Approved,2025,6,June
3024,1435,2025-04-28,Emergency Leave,1,Rejected,2025,4,April
3025,1313,2025-11-26,Sick Leave,3,Approved,2025,11,November
3026,1353,2025-06-04,Casual Leave,1,Approved,2025,6,June
3027,1040,2025-01-29,Sick Leave,2,Approved,2025,1,January
3028,1039,2025-01-25,Emergency Leave,1,Approved,2025,1,January
3029,1443,2025-07-28,Emergency Leave,1,Approved,2025,7,July
3030,1065,2025-11-10,Earned Leave,1,Approved,2025,11,November
3031,1309,2025-07-05,Casual Leave,2,Rejected,2025,7,July
3032,1044,2025-10-09,Casual Leave,1,Pending,2025,10,October
3033,1125,2025-02-26,Sick Leave,1,Approved,2025,2,February
3034,1354,2025-07-28,Sick Leave,1,Approved,2025,7,July
3035,1287,2025-10-06,Earned Leave,1,Pending,2025,10,October
3036,1454,2025-05-22,Casual Leave,1,Rejected,2025,5,May
3037,1293,2025-09-10,Casual Leave,1,Approved,2025,9,September
3038,1342,2025-01-19,Sick Leave,1,Approved,2025,1,January
3039,1319,2025-10-14,Earned Leave,2,Approved,2025,10,October
3040,1247,2025-10-10,Emergency Leave,1,Approved,2025,10,October
3041,1230,2025-03-26,Earned Leave,2,Pending,2025,3,March
3042,1060,2025-02-14,Sick Leave,2,Approved,2025,2,February
3043,1311,2025-10-31,Casual Leave,2,Approved,2025,10,October
3044,1288,2025-09-11,Sick Leave,1,Approved,2025,9,September
3045,1413,2025-06-06,Casual Leave,1,Approved,2025,6,June
3046,1345,2025-06-22,Earned Leave,1,Approved,2025,6,June
3047,1329,2025-12-26,Emergency Leave,1,Rejected,2025,12,December
3048,1338,2025-12-12,Earned Leave,2,Rejected,2025,12,December
3049,1393,2025-12-02,Emergency Leave,2,Approved,2025,12,December
3050,1456,2025-09-12,Sick Leave,3,Rejected,2025,9,September
3051,1312,2025-10-26,Emergency Leave,2,Approved,2025,10,October
3052,1306,2025-06-28,Earned Leave,2,Rejected,2025,6,June
3053,1267,2025-08-18,Casual Leave,1,Pending,2025,8,August
3054,1026,2025-05-24,Emergency Leave,1,Approved,2025,5,May
3055,1352,2025-10-21,Sick Leave,1,Approved,2025,10,October
3056,1067,2025-10-06,Sick Leave,1,Approved,2025,10,October
3057,1326,2025-01-16,Earned Leave,2,Approved,2025,1,January
3058,1310,2025-04-11,Emergency Leave,1,Approved,2025,4,April
3059,1203,2025-01-24,Earned Leave,2,Approved,2025,1,January
3060,1370,2025-06-27,Emergency Leave,2,Approved,2025,6,June
3061,1405,2025-08-18,Emergency Leave,2,Approved,2025,8,August
3062,1034,2025-04-26,Emergency Leave,1,Approved,2025,4,April
3063,1157,2025-07-18,Earned Leave,1,Approved,2025,7,July
3064,1414,2025-05-25,Earned Leave,1,Approved,2025,5,May
3065,1452,2025-01-30,Sick Leave,1,Approved,2025,1,January
3066,1032,2025-10-30,Sick Leave,1,Pending,2025,10,October
3067,1377,2025-02-23,Emergency Leave,2,Approved,2025,2,February
3068,1338,2025-12-31,Earned Leave,1,Approved,2025,12,December
3069,1486,2025-03-17,Sick Leave,1,Rejected,2025,3,March
3070,1422,2025-03-17,Casual Leave,1,Approved,2025,3,March
3071,1078,2025-04-11,Sick Leave,2,Approved,2025,4,April
3072,1282,2025-11-13,Casual Leave,1,Approved,2025,11,November
3073,1234,2025-03-04,Earned Leave,1,Approved,2025,3,March
3074,1051,2025-07-15,Emergency Leave,2,Pending,2025,7,July
3075,1283,2025-12-26,Sick Leave,1,Approved,2025,12,December
3076,1361,2025-07-18,Earned Leave,1,Approved,2025,7,July
3077,1067,2025-02-09,Sick Leave,1,Approved,2025,2,February
3078,1470,2025-10-10,Casual Leave,1,Approved,2025,10,October
3079,1367,2025-04-13,Sick Leave,1,Approved,2025,4,April
3080,1053,2025-09-17,Casual Leave,2,Approved,2025,9,September
3081,1259,2025-08-20,Casual Leave,1,Approved,2025,8,August
3082,1202,2025-02-10,Sick Leave,1,Approved,2025,2,February
3083,1358,2025-06-26,Casual Leave,1,Pending,2025,6,June
3084,1456,2025-12-02,Casual Leave,1,Approved,2025,12,December
3085,1474,2025-11-14,Casual Leave,1,Approved,2025,11,November
3086,1005,2025-12-18,Earned Leave,1,Approved,2025,12,December
3087,1158,2025-06-08,Casual Leave,2,Approved,2025,6,June
3088,1364,2025-03-03,Casual Leave,1,Approved,2025,3,March
3089,1115,2025-06-24,Casual Leave,1,Approved,2025,6,June
3090,1241,2025-09-11,Casual Leave,1,Approved,2025,9,September
3091,1056,2025-10-15,Casual Leave,1,Approved,2025,10,October
3092,1083,2025-11-20,Casual Leave,1,Approved,2025,11,November
3093,1356,2025-06-28,Earned Leave,1,Approved,2025,6,June
3094,1149,2025-03-23,Emergency Leave,2,Approved,2025,3,March
3095,1281,2025-09-06,Casual Leave,2,Approved,2025,9,September
3096,1208,2025-03-10,Casual Leave,1,Approved,2025,3,March
3097,1070,2025-10-12,Sick Leave,1,Pending,2025,10,October
3098,1110,2025-01-27,Earned Leave,1,Approved,2025,1,January
3099,1330,2025-08-10,Emergency Leave,1,Approved,2025,8,August
3100,1397,2025-12-30,Emergency Leave,1,Approved,2025,12,December
3101,1287,2025-05-10,Earned Leave,1,Approved,2025,5,May
3102,1039,2025-10-01,Casual Leave,1,Pending,2025,10,October
3103,1006,2025-09-03,Emergency Leave,1,Approved,2025,9,September
3104,1115,2025-04-10,Unknown,2,Approved,2025,4,April
3105,1411,2025-07-07,Casual Leave,1,Approved,2025,7,July
3106,1272,2025-11-08,Earned Leave,3,Approved,2025,11,November
3107,1009,2025-06-21,Sick Leave,1,Approved,2025,6,June
3108,1499,2025-11-11,Emergency Leave,2,Approved,2025,11,November
3109,1082,2025-06-19,Casual Leave,1,Approved,2025,6,June
3110,1173,2025-07-30,Earned Leave,1,Approved,2025,7,July
3111,1321,2025-03-28,Casual Leave,1,Approved,2025,3,March
3112,1115,2025-02-23,Casual Leave,1,Approved,2025,2,February
3113,1421,2025-03-25,Emergency Leave,2,Approved,2025,3,March
3114,1370,2025-04-23,Sick Leave,1,Approved,2025,4,April
3115,1474,2025-09-24,Sick Leave,1,Rejected,2025,9,September
3116,1144,2025-04-28,Emergency Leave,1,Approved,2025,4,April
3117,1342,2025-11-11,Emergency Leave,1,Rejected,2025,11,November
3118,1056,2025-07-25,Casual Leave,2,Approved,2025,7,July
3119,1074,2025-04-03,Emergency Leave,2,Approved,2025,4,April
3120,1200,2025-11-22,Earned Leave,1,Approved,2025,11,November
3121,1076,2025-03-26,Casual Leave,1,Approved,2025,3,March
3122,1063,2025-12-23,Sick Leave,1,Approved,2025,12,December
3123,1162,2025-10-29,Sick Leave,1,Pending,2025,10,October
3124,1463,2025-04-01,Earned Leave,1,Approved,2025,4,April
3125,1097,2025-07-19,Casual Leave,1,Approved,2025,7,July
3126,1026,2025-01-05,Casual Leave,2,Approved,2025,1,January
3127,1319,2025-04-05,Sick Leave,1,Approved,2025,4,April
3128,1111,2025-04-20,Earned Leave,1,Approved,2025,4,April
3129,1463,2025-06-24,Emergency Leave,3,Pending,2025,6,June
3130,1132,2025-06-25,Sick Leave,1,Approved,2025,6,June
3131,1210,2025-06-28,Sick Leave,1,Approved,2025,6,June
3132,1170,2025-01-27,Sick Leave,3,Approved,2025,1,January
3133,1381,2025-12-29,Emergency Leave,1,Rejected,2025,12,December
3134,1234,2025-01-01,Casual Leave,2,Approved,2025,1,January
3135,1095,2025-02-24,Sick Leave,1,Approved,2025,2,February
3136,1408,2025-04-04,Emergency Leave,1,Approved,2025,4,April
3137,1193,2025-12-02,Emergency Leave,1,Approved,2025,12,December
3138,1102,2025-07-09,Sick Leave,2,Approved,2025,7,July
3139,1475,2025-02-22,Earned Leave,1,Pending,2025,2,February
3140,1001,2025-06-19,Sick Leave,1,Approved,2025,6,June
3141,1141,2025-12-06,Sick Leave,2,Approved,2025,12,December
3142,1194,2025-10-30,Casual Leave,1,Approved,2025,10,October
3143,1222,2025-02-04,Earned Leave,1,Pending,2025,2,February
3144,1453,2025-10-12,Emergency Leave,1,Approved,2025,10,October
3145,1092,2025-09-11,Earned Leave,1,Approved,2025,9,September
3146,1345,2025-10-19,Sick Leave,1,Approved,2025,10,October
3147,1373,2025-02-02,Sick Leave,1,Pending,2025,2,February
3148,1471,2025-11-05,Casual Leave,1,Approved,2025,11,November
3149,1047,2025-01-24,Earned Leave,2,Approved,2025,1,January
3150,1105,2025-11-04,Sick Leave,1,Approved,2025,11,November
3151,1469,2025-04-13,Earned Leave,1,Approved,2025,4,April
3152,1036,2025-07-06,Earned Leave,2,Approved,2025,7,July
3153,1092,2025-09-24,Emergency Leave,1,Approved,2025,9,September
3154,1010,2025-11-14,Casual Leave,3,Approved,2025,11,November
3155,1383,2025-01-08,Casual Leave,1,Approved,2025,1,January
3156,1412,2025-07-11,Sick Leave,2,Pending,2025,7,July
3157,1217,2025-11-07,Sick Leave,1,Pending,2025,11,November
3158,1180,2025-09-05,Emergency Leave,1,Approved,2025,9,September
3159,1474,2025-02-13,Sick Leave,1,Approved,2025,2,February
3160,1456,2025-12-18,Casual Leave,1,Approved,2025,12,December
3161,1037,2025-09-24,Emergency Leave,1,Approved,2025,9,September
3162,1281,2025-09-28,Casual Leave,1,Pending,2025,9,September
3163,1302,2025-07-12,Earned Leave,1,Approved,2025,7,July
3164,1220,2025-08-21,Earned Leave,1,Approved,2025,8,August
3165,1399,2025-05-09,Earned Leave,1,Rejected,2025,5,May
3166,1054,2025-08-17,Casual Leave,1,Approved,2025,8,August
3167,1047,2025-12-15,Sick Leave,1,Rejected,2025,12,December
3168,1063,2025-06-14,Casual Leave,1,Approved,2025,6,June
3169,1260,2025-11-12,Sick Leave,1,Approved,2025,11,November
3170,1485,2025-11-10,Sick Leave,1,Approved,2025,11,November
3171,1107,2025-12-27,Casual Leave,2,Approved,2025,12,December
3172,1267,2025-02-08,Earned Leave,1,Pending,2025,2,February
3173,1031,2025-06-27,Emergency Leave,2,Approved,2025,6,June
3174,1414,2025-04-03,Casual Leave,1,Approved,2025,4,April
3175,1043,2025-01-23,Casual Leave,1,Approved,2025,1,January
3176,1393,2025-09-09,Casual Leave,1,Approved,2025,9,September
3177,1462,2025-05-14,Sick Leave,2,Approved,2025,5,May
3178,1261,2025-08-30,Casual Leave,1,Approved,2025,8,August
3179,1020,2025-09-05,Earned Leave,1,Approved,2025,9,September
3180,1121,2025-04-07,Casual Leave,3,Pending,2025,4,April
3181,1013,2025-01-22,Emergency Leave,1,Approved,2025,1,January
3182,1451,2025-09-07,Casual Leave,1,Pending,2025,9,September
3183,1256,2025-03-19,Sick Leave,1,Approved,2025,3,March
3184,1113,2025-08-25,Earned Leave,1,Approved,2025,8,August
3185,1483,2025-11-24,Sick Leave,1,Approved,2025,11,November
3186,1069,2025-12-11,Emergency Leave,1,Approved,2025,12,December
3187,1172,2025-02-05,Casual Leave,2,Approved,2025,2,February
3188,1003,2025-04-23,Emergency Leave,1,Approved,2025,4,April
3189,1388,2025-11-11,Emergency Leave,2,Pending,2025,11,November
3190,1311,2025-06-29,Sick Leave,1,Rejected,2025,6,June
3191,1167,2025-12-04,Emergency Leave,1,Approved,2025,12,December
3192,1268,2025-07-06,Emergency Leave,1,Pending,2025,7,July
3193,1169,2025-04-22,Casual Leave,1,Approved,2025,4,April
3194,1364,2025-06-26,Emergency Leave,1,Rejected,2025,6,June
3195,1371,2025-03-08,Casual Leave,1,Approved,2025,3,March
3196,1433,2025-02-14,Sick Leave,2,Approved,2025,2,February
3197,1188,2025-08-17,Sick Leave,1,Approved,2025,8,August
3198,1416,2025-06-09,Sick Leave,2,Approved,2025,6,June
3199,1455,2025-06-08,Sick Leave,1,Approved,2025,6,June
3200,1131,2025-02-11,Emergency Leave,1,Pending,2025,2,February
3201,1377,2025-07-29,Sick Leave,1,Approved,2025,7,July
3202,1088,2025-05-31,Sick Leave,1,Approved,2025,5,May
3203,1399,2025-12-31,Emergency Leave,1,Approved,2025,12,December
3204,1461,2025-08-01,Casual Leave,1,Approved,2025,8,August
3205,1207,2025-02-04,Casual Leave,1,Approved,2025,2,February
3206,1342,2025-12-08,Earned Leave,1,Rejected,2025,12,December
3207,1227,2025-01-29,Casual Leave,1,Approved,2025,1,January
3208,1349,2025-12-10,Casual Leave,1,Approved,2025,12,December
3209,1260,2025-10-22,Earned Leave,3,Approved,2025,10,October
3210,1229,2025-10-29,Earned Leave,1,Approved,2025,10,October
3211,1249,2025-09-29,Sick Leave,2,Approved,2025,9,September
3212,1244,2025-10-10,Emergency Leave,3,Rejected,2025,10,October
3213,1025,2025-07-23,Casual Leave,1,Approved,2025,7,July
3214,1365,2025-08-06,Sick Leave,1,Approved,2025,8,August
3215,1478,2025-12-31,Sick Leave,1,Approved,2025,12,December
3216,1472,2025-02-07,Casual Leave,1,Rejected,2025,2,February
3217,1303,2025-10-30,Sick Leave,1,Rejected,2025,10,October
3218,1408,2025-02-01,Casual Leave,1,Approved,2025,2,February
3219,1472,2025-06-27,Sick Leave,1,Approved,2025,6,June
3220,1193,2025-06-05,Earned Leave,1,Approved,2025,6,June
3221,1069,2025-11-06,Earned Leave,2,Approved,2025,11,November
3222,1191,2025-10-16,Sick Leave,1,Approved,2025,10,October
3223,1447,2025-10-22,Sick Leave,1,Approved,2025,10,October
3224,1461,2025-06-10,Sick Leave,1,Approved,2025,6,June
3225,1159,2025-04-22,Casual Leave,1,Approved,2025,4,April
3226,1278,2025-08-26,Emergency Leave,1,Approved,2025,8,August
3227,1018,2025-12-12,Sick Leave,1,Approved,2025,12,December
3228,1289,2025-06-29,Emergency Leave,1,Approved,2025,6,June
3229,1237,2025-01-30,Casual Leave,2,Rejected,2025,1,January
3230,1024,2025-09-20,Emergency Leave,1,Approved,2025,9,September
3231,1075,2025-05-14,Earned Leave,2,Approved,2025,5,May
3232,1073,2025-09-28,Sick Leave,1,Approved,2025,9,September
3233,1059,2025-01-23,Sick Leave,2,Approved,2025,1,January
3234,1282,2025-04-04,Sick Leave,1,Pending,2025,4,April
3235,1487,2025-03-08,Emergency Leave,1,Rejected,2025,3,March
3236,1122,2025-02-25,Emergency Leave,2,Approved,2025,2,February
3237,1265,2025-11-30,Casual Leave,1,Approved,2025,11,November
3238,1140,2025-02-24,Earned Leave,1,Approved,2025,2,February
3239,1141,2025-02-02,Earned Leave,1,Approved,2025,2,February
3240,1455,2025-05-28,Casual Leave,1,Rejected,2025,5,May
3241,1448,2025-09-17,Emergency Leave,1,Approved,2025,9,September
3242,1043,2025-10-08,Earned Leave,1,Approved,2025,10,October
3243,1196,2025-12-29,Earned Leave,1,Approved,2025,12,December
3244,1407,2025-08-28,Earned Leave,1,Approved,2025,8,August
3245,1245,2025-06-22,Casual Leave,2,Rejected,2025,6,June
3246,1091,2025-05-07,Emergency Leave,1,Approved,2025,5,May
3247,1019,2025-07-23,Casual Leave,1,Rejected,2025,7,July
3248,1290,2025-12-13,Sick Leave,1,Approved,2025,12,December
3249,1414,2025-03-12,Sick Leave,1,Approved,2025,3,March
3250,1236,2025-12-06,Earned Leave,1,Approved,2025,12,December
3251,1446,2025-12-16,Casual Leave,1,Approved,2025,12,December
3252,1250,2025-08-14,Earned Leave,1,Approved,2025,8,August
3253,1335,2025-01-04,Casual Leave,3,Approved,2025,1,January
3254,1007,2025-09-12,Emergency Leave,2,Rejected,2025,9,September
3255,1343,2025-08-17,Casual Leave,1,Pending,2025,8,August
3256,1051,2025-05-28,Earned Leave,1,Approved,2025,5,May
3257,1221,2025-04-06,Sick Leave,1,Approved,2025,4,April
3258,1413,2025-04-10,Earned Leave,2,Approved,2025,4,April
3259,1166,2025-05-21,Emergency Leave,2,Approved,2025,5,May
3260,1500,2025-11-05,Casual Leave,1,Approved,2025,11,November
3261,1392,2025-08-24,Sick Leave,2,Pending,2025,8,August
3262,1245,2025-01-20,Casual Leave,2,Approved,2025,1,January
3263,1175,2025-06-12,Sick Leave,1,Rejected,2025,6,June
3264,1414,2025-03-31,Sick Leave,1,Approved,2025,3,March
3265,1255,2025-01-11,Casual Leave,1,Pending,2025,1,January
3266,1282,2025-03-19,Emergency Leave,1,Approved,2025,3,March
3267,1141,2025-07-13,Casual Leave,2,Approved,2025,7,July
3268,1456,2025-07-18,Sick Leave,1,Approved,2025,7,July
3269,1103,2025-04-04,Emergency Leave,1,Approved,2025,4,April
3270,1047,2025-11-14,Emergency Leave,1,Approved,2025,11,November
3271,1161,2025-07-31,Casual Leave,1,Approved,2025,7,July
3272,1054,2025-09-27,Sick Leave,1,Approved,2025,9,September
3273,1421,2025-01-26,Emergency Leave,1,Rejected,2025,1,January
3274,1332,2025-08-13,Emergency Leave,1,Approved,2025,8,August
3275,1492,2025-04-06,Emergency Leave,1,Approved,2025,4,April
3276,1495,2025-08-26,Sick Leave,1,Pending,2025,8,August
3277,1106,2025-09-16,Earned Leave,2,Approved,2025,9,September
3278,1195,2025-05-21,Casual Leave,1,Approved,2025,5,May
3279,1196,2025-05-22,Casual Leave,1,Approved,2025,5,May
3280,1374,2025-03-16,Earned Leave,1,Approved,2025,3,March
3281,1231,2025-10-02,Casual Leave,1,Approved,2025,10,October
3282,1204,2025-10-06,Earned Leave,1,Approved,2025,10,October
3283,1105,2025-03-30,Sick Leave,1,Approved,2025,3,March
3284,1317,2025-05-21,Casual Leave,1,Approved,2025,5,May
3285,1194,2025-08-01,Casual Leave,1,Approved,2025,8,August
3286,1156,2025-04-02,Earned Leave,1,Pending,2025,4,April
3287,1082,2025-06-10,Sick Leave,1,Approved,2025,6,June
3288,1381,2025-06-09,Emergency Leave,1,Approved,2025,6,June
3289,1394,2025-12-16,Emergency Leave,1,Approved,2025,12,December
3290,1440,2025-02-20,Sick Leave,1,Approved,2025,2,February
3291,1180,2025-08-23,Casual Leave,2,Approved,2025,8,August
3292,1148,2025-08-16,Sick Leave,1,Pending,2025,8,August
3293,1257,2025-07-29,Casual Leave,1,Approved,2025,7,July
3294,1213,2025-02-19,Earned Leave,1,Approved,2025,2,February
3295,1395,2025-06-19,Emergency Leave,1,Approved,2025,6,June
3296,1302,2025-09-20,Emergency Leave,2,Approved,2025,9,September
3297,1387,2025-03-17,Sick Leave,1,Approved,2025,3,March
3298,1239,2025-08-20,Casual Leave,1,Rejected,2025,8,August
3299,1160,2025-09-27,Earned Leave,2,Approved,2025,9,September
3300,1221,2025-07-15,Casual Leave,1,Pending,2025,7,July
3301,1221,2025-10-25,Sick Leave,2,Approved,2025,10,October
3302,1024,2025-04-26,Emergency Leave,1,Approved,2025,4,April
3303,1500,2025-07-12,Sick Leave,1,Approved,2025,7,July
3304,1047,2025-10-04,Earned Leave,1,Rejected,2025,10,October
3305,1127,2025-03-16,Casual Leave,1,Approved,2025,3,March
3306,1384,2025-12-23,Casual Leave,1,Approved,2025,12,December
3307,1082,2025-09-09,Sick Leave,1,Approved,2025,9,September
3308,1099,2025-05-23,Sick Leave,1,Rejected,2025,5,May
3309,1401,2025-01-27,Sick Leave,1,Approved,2025,1,January
3310,1109,2025-08-07,Sick Leave,3,Approved,2025,8,August
3311,1493,2025-04-11,Casual Leave,1,Approved,2025,4,April
3312,1301,2025-07-31,Sick Leave,2,Approved,2025,7,July
3313,1113,2025-08-05,Emergency Leave,3,Approved,2025,8,August
3314,1419,2025-09-22,Casual Leave,1,Approved,2025,9,September
3315,1003,2025-05-26,Sick Leave,1,Approved,2025,5,May
3316,1439,2025-07-10,Sick Leave,1,Approved,2025,7,July
3317,1411,2025-04-24,Casual Leave,1,Rejected,2025,4,April
3318,1275,2025-02-01,Casual Leave,1,Approved,2025,2,February
3319,1119,2025-11-17,Casual Leave,1,Pending,2025,11,November
3320,1360,2025-03-05,Casual Leave,2,Approved,2025,3,March
3321,1451,2025-03-31,Emergency Leave,1,Approved,2025,3,March
3322,1104,2025-11-26,Casual Leave,1,Approved,2025,11,November
3323,1337,2025-08-31,Sick Leave,1,Approved,2025,8,August
3324,1320,2025-04-22,Earned Leave,2,Pending,2025,4,April
3325,1055,2025-08-26,Casual Leave,1,Rejected,2025,8,August
3326,1489,2025-03-10,Earned Leave,1,Rejected,2025,3,March
3327,1368,2025-12-23,Sick Leave,1,Approved,2025,12,December
3328,1308,2025-06-07,Earned Leave,1,Approved,2025,6,June
3329,1232,2025-05-03,Casual Leave,1,Approved,2025,5,May
3330,1168,2025-03-22,Earned Leave,2,Approved,2025,3,March
3331,1461,2025-08-25,Sick Leave,1,Approved,2025,8,August
3332,1043,2025-05-08,Sick Leave,1,Approved,2025,5,May
3333,1499,2025-10-30,Earned Leave,1,Approved,2025,10,October
3334,1492,2025-10-02,Sick Leave,1,Approved,2025,10,October
3335,1426,2025-06-12,Casual Leave,2,Approved,2025,6,June
3336,1025,2025-08-22,Casual Leave,1,Approved,2025,8,August
3337,1206,2025-08-03,Sick Leave,1,Approved,2025,8,August
3338,1255,2025-11-04,Earned Leave,1,Approved,2025,11,November
3339,1127,2025-07-31,Sick Leave,1,Approved,2025,7,July
3340,1209,2025-04-05,Emergency Leave,1,Pending,2025,4,April
3341,1301,2025-03-10,Casual Leave,1,Approved,2025,3,March
3342,1048,2025-12-21,Casual Leave,1,Rejected,2025,12,December
3343,1432,2025-10-10,Earned Leave,1,Approved,2025,10,October
3344,1269,2025-07-04,Casual Leave,3,Approved,2025,7,July
3345,1452,2025-12-07,Sick Leave,2,Approved,2025,12,December
3346,1463,2025-06-24,Sick Leave,1,Approved,2025,6,June
3347,1101,2025-04-07,Emergency Leave,1,Approved,2025,4,April
3348,1235,2025-07-01,Emergency Leave,1,Approved,2025,7,July
3349,1135,2025-01-06,Earned Leave,1,Approved,2025,1,January
3350,1112,2025-10-16,Casual Leave,1,Approved,2025,10,October
3351,1052,2025-09-15,Sick Leave,2,Pending,2025,9,September
3352,1055,2025-04-17,Casual Leave,1,Approved,2025,4,April
3353,1489,2025-08-26,Casual Leave,2,Approved,2025,8,August
3354,1355,2025-05-13,Earned Leave,2,Approved,2025,5,May
3355,1282,2025-01-03,Sick Leave,1,Approved,2025,1,January
3356,1171,2025-12-14,Casual Leave,3,Rejected,2025,12,December
3357,1133,2025-04-22,Casual Leave,1,Pending,2025,4,April
3358,1215,2025-09-12,Casual Leave,1,Approved,2025,9,September
3359,1106,2025-07-14,Casual Leave,1,Approved,2025,7,July
3360,1274,2025-07-27,Emergency Leave,1,Pending,2025,7,July
3361,1424,2025-07-17,Sick Leave,1,Approved,2025,7,July
3362,1439,2025-01-25,Sick Leave,3,Pending,2025,1,January
3363,1317,2025-05-03,Casual Leave,1,Approved,2025,5,May
3364,1053,2025-12-04,Emergency Leave,1,Approved,2025,12,December
3365,1074,2025-01-12,Casual Leave,1,Approved,2025,1,January
3366,1048,2025-11-09,Emergency Leave,1,Approved,2025,11,November
3367,1402,2025-02-06,Casual Leave,1,Approved,2025,2,February
3368,1002,2025-09-26,Earned Leave,1,Approved,2025,9,September
3369,1329,2025-12-03,Earned Leave,1,Pending,2025,12,December
3370,1309,2025-03-24,Emergency Leave,1,Approved,2025,3,March
3371,1395,2025-09-23,Emergency Leave,1,Approved,2025,9,September
3372,1486,2025-10-01,Emergency Leave,3,Approved,2025,10,October
3373,1100,2025-06-30,Casual Leave,1,Pending,2025,6,June
3374,1485,2025-04-24,Earned Leave,1,Approved,2025,4,April
3375,1055,2025-10-08,Sick Leave,1,Approved,2025,10,October
3376,1496,2025-01-15,Earned Leave,1,Approved,2025,1,January
3377,1147,2025-01-25,Earned Leave,1,Approved,2025,1,January
3378,1147,2025-03-30,Earned Leave,2,Approved,2025,3,March
3379,1313,2025-04-28,Earned Leave,1,Approved,2025,4,April
3380,1406,2025-02-26,Sick Leave,1,Approved,2025,2,February
3381,1424,2025-03-04,Casual Leave,1,Approved,2025,3,March
3382,1235,2025-08-13,Earned Leave,1,Approved,2025,8,August
3383,1343,2025-04-05,Emergency Leave,1,Approved,2025,4,April
3384,1486,2025-01-05,Casual Leave,1,Approved,2025,1,January
3385,1102,2025-04-17,Earned Leave,1,Approved,2025,4,April
3386,1270,2025-08-30,Earned Leave,1,Approved,2025,8,August
3387,1359,2025-10-06,Sick Leave,1,Approved,2025,10,October
3388,1227,2025-08-26,Casual Leave,2,Approved,2025,8,August
3389,1106,2025-09-29,Sick Leave,3,Approved,2025,9,September
3390,1067,2025-05-25,Emergency Leave,2,Approved,2025,5,May
3391,1420,2025-09-26,Casual Leave,1,Approved,2025,9,September
3392,1006,2025-09-17,Casual Leave,1,Pending,2025,9,September
3393,1349,2025-05-16,Earned Leave,1,Approved,2025,5,May
3394,1262,2025-04-27,Earned Leave,1,Approved,2025,4,April
3395,1076,2025-02-18,Emergency Leave,1,Approved,2025,2,February
3396,1252,2025-07-09,Sick Leave,1,Approved,2025,7,July
3397,1240,2025-06-05,Sick Leave,1,Approved,2025,6,June
3398,1183,2025-07-16,Earned Leave,1,Rejected,2025,7,July
3399,1469,2025-09-19,Sick Leave,1,Approved,2025,9,September
3400,1347,2025-11-09,Emergency Leave,1,Approved,2025,11,November
3401,1420,2025-05-27,Earned Leave,1,Approved,2025,5,May
3402,1447,2025-01-20,Emergency Leave,3,Approved,2025,1,January
3403,1281,2025-12-29,Emergency Leave,1,Rejected,2025,12,December
3404,1011,2025-12-13,Sick Leave,1,Approved,2025,12,December
3405,1498,2025-07-02,Earned Leave,2,Rejected,2025,7,July
3406,1009,2025-12-03,Earned Leave,1,Approved,2025,12,December
3407,1498,2025-08-05,Emergency Leave,1,Rejected,2025,8,August
3408,1024,2025-10-08,Earned Leave,1,Approved,2025,10,October
3409,1372,2025-05-13,Emergency Leave,1,Pending,2025,5,May
3410,1019,2025-02-24,Sick Leave,1,Approved,2025,2,February
3411,1386,2025-04-19,Emergency Leave,1,Approved,2025,4,April
3412,1233,2025-06-10,Casual Leave,1,Approved,2025,6,June
3413,1158,2025-08-28,Emergency Leave,1,Approved,2025,8,August
3414,1426,2025-11-23,Emergency Leave,1,Approved,2025,11,November
3415,1201,2025-12-13,Emergency Leave,1,Approved,2025,12,December
3416,1095,2025-08-20,Sick Leave,2,Approved,2025,8,August
3417,1478,2025-07-07,Casual Leave,1,Approved,2025,7,July
3418,1376,2025-04-07,Sick Leave,1,Pending,2025,4,April
3419,1416,2025-10-21,Earned Leave,1,Approved,2025,10,October
3420,1219,2025-02-01,Unknown,2,Rejected,2025,2,February
3421,1285,2025-02-13,Emergency Leave,2,Pending,2025,2,February
3422,1375,2025-01-25,Emergency Leave,1,Approved,2025,1,January
3423,1114,2025-05-26,Earned Leave,1,Approved,2025,5,May
3424,1419,2025-01-04,Earned Leave,1,Approved,2025,1,January
3425,1130,2025-09-02,Earned Leave,1,Approved,2025,9,September
3426,1403,2025-01-12,Casual Leave,1,Approved,2025,1,January
3427,1455,2025-01-14,Casual Leave,1,Approved,2025,1,January
3428,1130,2025-04-17,Earned Leave,1,Approved,2025,4,April
3429,1343,2025-03-15,Casual Leave,3,Approved,2025,3,March
3430,1137,2025-11-27,Casual Leave,1,Approved,2025,11,November
3431,1371,2025-11-03,Sick Leave,1,Approved,2025,11,November
3432,1233,2025-01-20,Sick Leave,2,Approved,2025,1,January
3433,1068,2025-08-15,Sick Leave,1,Approved,2025,8,August
3434,1192,2025-11-22,Earned Leave,1,Approved,2025,11,November
3435,1105,2025-01-01,Emergency Leave,1,Approved,2025,1,January
3436,1184,2025-10-15,Emergency Leave,1,Rejected,2025,10,October
3437,1365,2025-04-16,Sick Leave,1,Approved,2025,4,April
3438,1362,2025-07-21,Sick Leave,1,Approved,2025,7,July
3439,1347,2025-06-06,Earned Leave,1,Approved,2025,6,June
3440,1396,2025-10-31,Sick Leave,2,Approved,2025,10,October
3441,1352,2025-05-31,Earned Leave,2,Pending,2025,5,May
3442,1262,2025-03-05,Casual Leave,1,Approved,2025,3,March
3443,1218,2025-07-01,Sick Leave,1,Approved,2025,7,July
3444,1427,2025-04-07,Sick Leave,2,Approved,2025,4,April
3445,1302,2025-01-24,Sick Leave,2,Approved,2025,1,January
3446,1070,2025-03-26,Sick Leave,2,Approved,2025,3,March
3447,1301,2025-11-05,Casual Leave,2,Pending,2025,11,November
3448,1001,2025-04-28,Earned Leave,1,Approved,2025,4,April
3449,1168,2025-06-08,Earned Leave,1,Approved,2025,6,June
3450,1295,2025-06-03,Casual Leave,1,Approved,2025,6,June
3451,1346,2025-05-04,Casual Leave,1,Approved,2025,5,May
3452,1329,2025-02-17,Earned Leave,1,Approved,2025,2,February
3453,1048,2025-07-22,Sick Leave,2,Approved,2025,7,July
3454,1106,2025-01-29,Earned Leave,1,Approved,2025,1,January
3455,1115,2025-05-11,Sick Leave,1,Rejected,2025,5,May
3456,1014,2025-05-24,Earned Leave,1,Rejected,2025,5,May
3457,1266,2025-04-01,Casual Leave,2,Rejected,2025,4,April
3458,1369,2025-02-12,Earned Leave,1,Approved,2025,2,February
3459,1280,2025-11-09,Casual Leave,1,Approved,2025,11,November
3460,1068,2025-07-20,Earned Leave,2,Pending,2025,7,July
3461,1207,2025-01-17,Sick Leave,1,Approved,2025,1,January
3462,1495,2025-07-02,Sick Leave,1,Approved,2025,7,July
3463,1050,2025-01-09,Casual Leave,2,Rejected,2025,1,January
3464,1357,2025-10-09,Earned Leave,1,Approved,2025,10,October
3465,1081,2025-10-04,Sick Leave,1,Approved,2025,10,October
3466,1286,2025-11-14,Sick Leave,1,Approved,2025,11,November
3467,1034,2025-11-15,Casual Leave,1,Rejected,2025,11,November
3468,1410,2025-02-22,Emergency Leave,1,Pending,2025,2,February
3469,1319,2025-07-21,Earned Leave,1,Approved,2025,7,July
3470,1268,2025-01-26,Sick Leave,1,Approved,2025,1,January
3471,1246,2025-07-25,Sick Leave,1,Approved,2025,7,July
3472,1291,2025-04-03,Sick Leave,1,Approved,2025,4,April
3473,1057,2025-01-23,Earned Leave,1,Approved,2025,1,January
3474,1412,2025-10-29,Casual Leave,1,Approved,2025,10,October
3475,1185,2025-11-23,Casual Leave,2,Approved,2025,11,November
3476,1350,2025-07-30,Casual Leave,1,Approved,2025,7,July
3477,1297,2025-08-24,Sick Leave,1,Approved,2025,8,August
3478,1120,2025-03-09,Sick Leave,1,Approved,2025,3,March
3479,1295,2025-12-21,Emergency Leave,2,Pending,2025,12,December
3480,1164,2025-02-24,Earned Leave,1,Approved,2025,2,February
3481,1158,2025-08-06,Sick Leave,1,Approved,2025,8,August
3482,1039,2025-03-17,Emergency Leave,1,Approved,2025,3,March
3483,1362,2025-10-10,Earned Leave,1,Approved,2025,10,October
3484,1231,2025-01-12,Emergency Leave,2,Approved,2025,1,January
3485,1320,2025-04-15,Casual Leave,2,Rejected,2025,4,April
3486,1042,2025-06-16,Casual Leave,2,Approved,2025,6,June
3487,1268,2025-05-15,Earned Leave,1,Approved,2025,5,May
3488,1166,2025-04-27,Sick Leave,2,Approved,2025,4,April
3489,1486,2025-01-02,Emergency Leave,2,Approved,2025,1,January
3490,1496,2025-05-03,Emergency Leave,2,Approved,2025,5,May
3491,1151,2025-05-21,Earned Leave,1,Approved,2025,5,May
3492,1021,2025-04-17,Casual Leave,1,Approved,2025,4,April
3493,1364,2025-10-02,Sick Leave,1,Approved,2025,10,October
3494,1254,2025-06-04,Sick Leave,1,Rejected,2025,6,June
3495,1384,2025-11-12,Casual Leave,1,Approved,2025,11,November
3496,1120,2025-03-05,Earned Leave,1,Approved,2025,3,March
3497,1329,2025-01-03,Earned Leave,1,Pending,2025,1,January
3498,1214,2025-06-07,Casual Leave,1,Approved,2025,6,June
3499,1055,2025-12-02,Casual Leave,1,Approved,2025,12,December
3500,1285,2025-04-22,Casual Leave,1,Pending,2025,4,April
3501,1283,2025-09-11,Emergency Leave,3,Approved,2025,9,September
3502,1002,2025-10-23,Earned Leave,2,Approved,2025,10,October
3503,1472,2025-05-02,Earned Leave,1,Approved,2025,5,May
3504,1208,2025-07-12,Earned Leave,3,Pending,2025,7,July
3505,1444,2025-12-01,Sick Leave,2,Approved,2025,12,December
3506,1141,2025-04-20,Sick Leave,1,Approved,2025,4,April
3507,1120,2025-08-25,Earned Leave,2,Approved,2025,8,August
3508,1179,2025-02-08,Earned Leave,1,Approved,2025,2,February
3509,1244,2025-03-03,Sick Leave,2,Rejected,2025,3,March
3510,1286,2025-06-08,Casual Leave,1,Approved,2025,6,June
3511,1280,2025-02-13,Emergency Leave,3,Approved,2025,2,February
3512,1488,2025-06-13,Earned Leave,1,Approved,2025,6,June
3513,1415,2025-06-28,Sick Leave,3,Approved,2025,6,June
3514,1389,2025-10-21,Emergency Leave,1,Approved,2025,10,October
3515,1029,2025-07-05,Sick Leave,1,Approved,2025,7,July
3516,1251,2025-06-07,Casual Leave,3,Approved,2025,6,June
3517,1489,2025-11-01,Earned Leave,2,Rejected,2025,11,November
3518,1328,2025-11-08,Casual Leave,2,Approved,2025,11,November
3519,1220,2025-07-08,Emergency Leave,2,Approved,2025,7,July
3520,1437,2025-02-04,Earned Leave,1,Approved,2025,2,February
3521,1050,2025-03-15,Earned Leave,1,Pending,2025,3,March
3522,1362,2025-10-15,Emergency Leave,1,Approved,2025,10,October
3523,1460,2025-03-10,Earned Leave,1,Approved,2025,3,March
3524,1415,2025-10-23,Earned Leave,1,Approved,2025,10,October
3525,1096,2025-01-08,Emergency Leave,1,Approved,2025,1,January
3526,1001,2025-01-03,Emergency Leave,1,Approved,2025,1,January
3527,1446,2025-02-22,Casual Leave,3,Approved,2025,2,February
3528,1300,2025-02-10,Sick Leave,1,Approved,2025,2,February
3529,1437,2025-12-15,Casual Leave,1,Approved,2025,12,December
3530,1477,2025-11-11,Emergency Leave,1,Approved,2025,11,November
3531,1164,2025-06-10,Earned Leave,2,Approved,2025,6,June
3532,1346,2025-07-03,Sick Leave,2,Pending,2025,7,July
3533,1240,2025-09-02,Sick Leave,1,Rejected,2025,9,September
3534,1474,2025-11-14,Earned Leave,1,Approved,2025,11,November
3535,1120,2025-11-02,Emergency Leave,1,Pending,2025,11,November
3536,1233,2025-04-08,Earned Leave,2,Approved,2025,4,April
3537,1261,2025-06-18,Casual Leave,1,Pending,2025,6,June
3538,1426,2025-01-08,Sick Leave,1,Approved,2025,1,January
3539,1224,2025-08-16,Sick Leave,1,Approved,2025,8,August
3540,1429,2025-08-06,Earned Leave,1,Approved,2025,8,August
3541,1325,2025-01-11,Sick Leave,1,Rejected,2025,1,January
3542,1109,2025-10-23,Casual Leave,2,Approved,2025,10,October
3543,1414,2025-01-11,Sick Leave,1,Approved,2025,1,January
3544,1282,2025-11-11,Casual Leave,2,Approved,2025,11,November
3545,1117,2025-06-05,Sick Leave,2,Approved,2025,6,June
3546,1436,2025-06-11,Emergency Leave,1,Pending,2025,6,June
3547,1033,2025-01-02,Casual Leave,1,Approved,2025,1,January
3548,1113,2025-02-25,Earned Leave,2,Approved,2025,2,February
3549,1370,2025-03-31,Earned Leave,2,Approved,2025,3,March
3550,1406,2025-03-31,Earned Leave,1,Approved,2025,3,March
3551,1333,2025-11-23,Emergency Leave,2,Approved,2025,11,November
3552,1341,2025-08-14,Earned Leave,1,Approved,2025,8,August
3553,1257,2025-01-18,Casual Leave,1,Approved,2025,1,January
3554,1395,2025-12-08,Casual Leave,1,Approved,2025,12,December
3555,1357,2025-05-01,Sick Leave,1,Pending,2025,5,May
3556,1004,2025-08-21,Emergency Leave,1,Approved,2025,8,August
3557,1385,2025-09-26,Earned Leave,1,Approved,2025,9,September
3558,1303,2025-11-17,Sick Leave,1,Rejected,2025,11,November
3559,1392,2025-07-30,Earned Leave,1,Rejected,2025,7,July
3560,1258,2025-09-07,Sick Leave,1,Rejected,2025,9,September
3561,1304,2025-05-12,Earned Leave,1,Approved,2025,5,May
3562,1043,2025-07-04,Sick Leave,1,Approved,2025,7,July
3563,1405,2025-10-10,Casual Leave,1,Rejected,2025,10,October
3564,1246,2025-08-13,Earned Leave,1,Approved,2025,8,August
3565,1270,2025-09-05,Sick Leave,1,Approved,2025,9,September
3566,1475,2025-04-20,Emergency Leave,2,Approved,2025,4,April
3567,1156,2025-07-07,Emergency Leave,2,Approved,2025,7,July
3568,1325,2025-03-22,Sick Leave,1,Approved,2025,3,March
3569,1379,2025-12-14,Emergency Leave,2,Approved,2025,12,December
3570,1469,2025-11-27,Sick Leave,1,Approved,2025,11,November
3571,1223,2025-03-31,Emergency Leave,1,Approved,2025,3,March
3572,1373,2025-06-12,Casual Leave,1,Approved,2025,6,June
3573,1224,2025-01-10,Earned Leave,1,Approved,2025,1,January
3574,1084,2025-11-01,Casual Leave,2,Approved,2025,11,November
3575,1167,2025-11-06,Casual Leave,1,Approved,2025,11,November
3576,1048,2025-10-02,Earned Leave,1,Approved,2025,10,October
3577,1465,2025-05-29,Emergency Leave,1,Approved,2025,5,May
3578,1118,2025-11-08,Emergency Leave,2,Approved,2025,11,November
3579,1493,2025-01-23,Earned Leave,1,Approved,2025,1,January
3580,1015,2025-06-16,Casual Leave,1,Approved,2025,6,June
3581,1418,2025-12-08,Casual Leave,1,Approved,2025,12,December
3582,1336,2025-05-24,Emergency Leave,1,Approved,2025,5,May
3583,1192,2025-09-21,Earned Leave,2,Approved,2025,9,September
3584,1264,2025-07-28,Earned Leave,1,Approved,2025,7,July
3585,1174,2025-01-24,Sick Leave,1,Approved,2025,1,January
3586,1446,2025-08-12,Earned Leave,1,Approved,2025,8,August
3587,1117,2025-05-03,Earned Leave,1,Approved,2025,5,May
3588,1136,2025-11-15,Emergency Leave,1,Approved,2025,11,November
3589,1370,2025-12-05,Earned Leave,1,Approved,2025,12,December
3590,1288,2025-12-08,Sick Leave,1,Approved,2025,12,December
3591,1351,2025-06-16,Sick Leave,2,Approved,2025,6,June
3592,1209,2025-12-19,Casual Leave,3,Pending,2025,12,December
3593,1171,2025-12-15,Sick Leave,1,Approved,2025,12,December
3594,1259,2025-04-12,Emergency Leave,1,Approved,2025,4,April
3595,1235,2025-11-26,Emergency Leave,2,Approved,2025,11,November
3596,1044,2025-04-14,Sick Leave,1,Approved,2025,4,April
3597,1061,2025-11-30,Earned Leave,1,Approved,2025,11,November
3598,1134,2025-05-04,Sick Leave,1,Pending,2025,5,May
3599,1101,2025-11-29,Casual Leave,2,Approved,2025,11,November
3600,1260,2025-03-25,Earned Leave,2,Approved,2025,3,March
3601,1078,2025-07-29,Emergency Leave,1,Approved,2025,7,July
3602,1380,2025-11-04,Sick Leave,2,Approved,2025,11,November
3603,1183,2025-10-28,Emergency Leave,2,Approved,2025,10,October
3604,1170,2025-07-28,Emergency Leave,1,Approved,2025,7,July
3605,1042,2025-06-25,Unknown,1,Approved,2025,6,June
3606,1176,2025-08-25,Sick Leave,2,Approved,2025,8,August
3607,1240,2025-12-20,Earned Leave,1,Approved,2025,12,December
3608,1011,2025-01-15,Earned Leave,1,Pending,2025,1,January
3609,1367,2025-05-30,Sick Leave,1,Approved,2025,5,May
3610,1294,2025-01-14,Casual Leave,1,Approved,2025,1,January
3611,1481,2025-10-28,Earned Leave,1,Approved,2025,10,October
3612,1311,2025-04-15,Casual Leave,1,Approved,2025,4,April
3613,1491,2025-12-07,Casual Leave,1,Rejected,2025,12,December
3614,1493,2025-12-11,Casual Leave,1,Approved,2025,12,December
3615,1445,2025-04-15,Earned Leave,1,Approved,2025,4,April
3616,1435,2025-09-02,Emergency Leave,1,Approved,2025,9,September
3617,1071,2025-12-11,Sick Leave,1,Approved,2025,12,December
3618,1193,2025-02-02,Casual Leave,1,Approved,2025,2,February
3619,1234,2025-01-08,Emergency Leave,3,Pending,2025,1,January
3620,1491,2025-12-21,Sick Leave,2,Approved,2025,12,December
3621,1268,2025-11-13,Emergency Leave,2,Approved,2025,11,November
3622,1029,2025-12-06,Sick Leave,2,Approved,2025,12,December
3623,1019,2025-05-24,Earned Leave,1,Approved,2025,5,May
3624,1466,2025-03-08,Earned Leave,3,Approved,2025,3,March
3625,1418,2025-10-20,Earned Leave,2,Approved,2025,10,October
3626,1110,2025-11-18,Earned Leave,1,Approved,2025,11,November
3627,1191,2025-06-04,Casual Leave,1,Approved,2025,6,June
3628,1122,2025-12-26,Casual Leave,1,Approved,2025,12,December
3629,1446,2025-12-20,Earned Leave,2,Approved,2025,12,December
3630,1336,2025-11-07,Sick Leave,1,Approved,2025,11,November
3631,1161,2025-03-09,Emergency Leave,1,Approved,2025,3,March
3632,1406,2025-10-30,Sick Leave,1,Approved,2025,10,October
3633,1284,2025-02-17,Emergency Leave,1,Approved,2025,2,February
3634,1119,2025-10-18,Earned Leave,2,Approved,2025,10,October
3635,1233,2025-07-06,Earned Leave,1,Approved,2025,7,July
3636,1440,2025-03-08,Sick Leave,1,Approved,2025,3,March
3637,1281,2025-09-11,Casual Leave,1,Pending,2025,9,September
3638,1230,2025-06-27,Emergency Leave,3,Approved,2025,6,June
3639,1058,2025-01-22,Sick Leave,1,Approved,2025,1,January
3640,1252,2025-01-06,Emergency Leave,1,Approved,2025,1,January
3641,1368,2025-06-25,Unknown,2,Approved,2025,6,June
3642,1342,2025-04-02,Emergency Leave,1,Approved,2025,4,April
3643,1328,2025-08-19,Sick Leave,1,Approved,2025,8,August
3644,1476,2025-01-26,Emergency Leave,1,Pending,2025,1,January
3645,1020,2025-03-25,Casual Leave,3,Pending,2025,3,March
3646,1236,2025-06-11,Earned Leave,3,Approved,2025,6,June
3647,1042,2025-07-19,Sick Leave,1,Approved,2025,7,July
3648,1267,2025-04-16,Sick Leave,2,Approved,2025,4,April
3649,1453,2025-07-28,Earned Leave,1,Rejected,2025,7,July
3650,1064,2025-03-22,Earned Leave,1,Approved,2025,3,March
3651,1361,2025-12-28,Casual Leave,1,Approved,2025,12,December
3652,1288,2025-01-13,Earned Leave,1,Pending,2025,1,January
3653,1446,2025-12-18,Casual Leave,1,Approved,2025,12,December
3654,1408,2025-03-14,Sick Leave,1,Approved,2025,3,March
3655,1211,2025-07-24,Emergency Leave,1,Approved,2025,7,July
3656,1124,2025-03-23,Casual Leave,1,Approved,2025,3,March
3657,1278,2025-11-11,Earned Leave,1,Approved,2025,11,November
3658,1006,2025-07-19,Sick Leave,1,Approved,2025,7,July
3659,1260,2025-05-26,Casual Leave,2,Approved,2025,5,May
3660,1425,2025-04-19,Earned Leave,1,Rejected,2025,4,April
3661,1027,2025-03-15,Sick Leave,1,Approved,2025,3,March
3662,1318,2025-06-08,Sick Leave,1,Approved,2025,6,June
3663,1250,2025-02-24,Sick Leave,2,Approved,2025,2,February
3664,1086,2025-05-23,Casual Leave,1,Approved,2025,5,May
3665,1033,2025-10-29,Sick Leave,1,Approved,2025,10,October
3666,1404,2025-06-28,Sick Leave,1,Approved,2025,6,June
3667,1005,2025-10-23,Earned Leave,1,Approved,2025,10,October
3668,1076,2025-04-20,Unknown,1,Approved,2025,4,April
3669,1099,2025-04-25,Emergency Leave,1,Approved,2025,4,April
3670,1318,2025-02-06,Sick Leave,1,Approved,2025,2,February
3671,1058,2025-07-04,Sick Leave,2,Approved,2025,7,July
3672,1341,2025-10-31,Earned Leave,1,Approved,2025,10,October
3673,1159,2025-10-16,Casual Leave,2,Approved,2025,10,October
3674,1031,2025-03-06,Sick Leave,2,Approved,2025,3,March
3675,1470,2025-10-05,Casual Leave,2,Approved,2025,10,October
3676,1098,2025-01-07,Emergency Leave,1,Approved,2025,1,January
3677,1157,2025-08-10,Earned Leave,1,Approved,2025,8,August
3678,1045,2025-12-29,Emergency Leave,2,Approved,2025,12,December
3679,1468,2025-12-24,Earned Leave,2,Approved,2025,12,December
3680,1255,2025-12-30,Sick Leave,1,Approved,2025,12,December
3681,1411,2025-02-09,Sick Leave,3,Approved,2025,2,February
3682,1493,2025-08-09,Casual Leave,1,Approved,2025,8,August
3683,1144,2025-06-08,Earned Leave,2,Approved,2025,6,June
3684,1427,2025-01-12,Casual Leave,1,Pending,2025,1,January
3685,1271,2025-09-25,Emergency Leave,2,Approved,2025,9,September
3686,1280,2025-10-25,Earned Leave,1,Approved,2025,10,October
3687,1061,2025-03-26,Casual Leave,1,Approved,2025,3,March
3688,1395,2025-02-23,Sick Leave,1,Pending,2025,2,February
3689,1212,2025-02-03,Earned Leave,1,Approved,2025,2,February
3690,1235,2025-07-19,Earned Leave,1,Approved,2025,7,July
3691,1041,2025-01-14,Casual Leave,1,Approved,2025,1,January
3692,1169,2025-01-25,Emergency Leave,1,Approved,2025,1,January
3693,1027,2025-08-14,Earned Leave,1,Approved,2025,8,August
3694,1417,2025-12-09,Earned Leave,1,Approved,2025,12,December
3695,1186,2025-04-10,Sick Leave,1,Approved,2025,4,April
3696,1194,2025-04-03,Earned Leave,1,Pending,2025,4,April
3697,1435,2025-04-23,Emergency Leave,1,Rejected,2025,4,April
3698,1454,2025-11-17,Emergency Leave,1,Approved,2025,11,November
3699,1357,2025-10-12,Emergency Leave,1,Approved,2025,10,October
3700,1189,2025-08-14,Emergency Leave,1,Rejected,2025,8,August
3701,1419,2025-06-23,Emergency Leave,1,Approved,2025,6,June
3702,1482,2025-05-08,Casual Leave,1,Approved,2025,5,May
3703,1203,2025-10-16,Sick Leave,1,Approved,2025,10,October
3704,1201,2025-11-15,Sick Leave,1,Pending,2025,11,November
3705,1127,2025-07-13,Emergency Leave,1,Approved,2025,7,July
3706,1197,2025-07-02,Emergency Leave,2,Rejected,2025,7,July
3707,1212,2025-12-17,Earned Leave,2,Approved,2025,12,December
3708,1042,2025-12-27,Emergency Leave,1,Pending,2025,12,December
3709,1281,2025-10-02,Emergency Leave,1,Approved,2025,10,October
3710,1048,2025-12-04,Earned Leave,1,Approved,2025,12,December
3711,1170,2025-07-19,Casual Leave,1,Approved,2025,7,July
3712,1322,2025-10-05,Emergency Leave,1,Approved,2025,10,October
3713,1457,2025-03-15,Earned Leave,1,Approved,2025,3,March
3714,1471,2025-11-25,Emergency Leave,1,Pending,2025,11,November
3715,1459,2025-09-14,Sick Leave,1,Approved,2025,9,September
3716,1269,2025-01-27,Earned Leave,1,Approved,2025,1,January
3717,1198,2025-05-10,Earned Leave,2,Approved,2025,5,May
3718,1315,2025-03-27,Casual Leave,1,Approved,2025,3,March
3719,1466,2025-10-15,Sick Leave,1,Rejected,2025,10,October
3720,1375,2025-02-24,Earned Leave,1,Approved,2025,2,February
3721,1183,2025-03-15,Sick Leave,2,Approved,2025,3,March
3722,1395,2025-10-31,Sick Leave,1,Approved,2025,10,October
3723,1355,2025-07-04,Casual Leave,1,Approved,2025,7,July
3724,1169,2025-11-28,Emergency Leave,1,Pending,2025,11,November
3725,1385,2025-09-25,Sick Leave,1,Pending,2025,9,September
3726,1408,2025-01-07,Emergency Leave,1,Rejected,2025,1,January
3727,1138,2025-04-24,Sick Leave,1,Approved,2025,4,April
3728,1275,2025-04-27,Casual Leave,1,Approved,2025,4,April
3729,1497,2025-05-18,Earned Leave,2,Approved,2025,5,May
3730,1495,2025-01-09,Sick Leave,1,Rejected,2025,1,January
3731,1362,2025-10-09,Earned Leave,1,Approved,2025,10,October
3732,1307,2025-07-18,Emergency Leave,1,Approved,2025,7,July
3733,1132,2025-01-11,Sick Leave,1,Approved,2025,1,January
3734,1146,2025-11-04,Earned Leave,1,Approved,2025,11,November
3735,1388,2025-06-27,Sick Leave,1,Rejected,2025,6,June
3736,1453,2025-07-28,Earned Leave,1,Pending,2025,7,July
3737,1375,2025-06-23,Casual Leave,2,Approved,2025,6,June
3738,1364,2025-03-13,Sick Leave,1,Approved,2025,3,March
3739,1424,2025-02-03,Sick Leave,1,Approved,2025,2,February
3740,1292,2025-07-23,Casual Leave,1,Rejected,2025,7,July
3741,1276,2025-09-26,Casual Leave,3,Approved,2025,9,September
3742,1037,2025-05-16,Emergency Leave,1,Approved,2025,5,May
3743,1096,2025-07-05,Earned Leave,2,Rejected,2025,7,July
3744,1418,2025-06-11,Emergency Leave,2,Approved,2025,6,June
3745,1231,2025-08-11,Casual Leave,1,Approved,2025,8,August
3746,1369,2025-03-13,Emergency Leave,2,Approved,2025,3,March
3747,1438,2025-06-05,Casual Leave,1,Rejected,2025,6,June
3748,1481,2025-09-15,Sick Leave,2,Pending,2025,9,September
3749,1452,2025-03-18,Earned Leave,1,Approved,2025,3,March
3750,1127,2025-08-04,Earned Leave,1,Rejected,2025,8,August
3751,1102,2025-09-23,Sick Leave,1,Approved,2025,9,September
3752,1242,2025-02-16,Sick Leave,3,Approved,2025,2,February
3753,1027,2025-08-20,Earned Leave,1,Approved,2025,8,August
3754,1211,2025-09-07,Earned Leave,3,Rejected,2025,9,September
3755,1344,2025-08-11,Earned Leave,1,Rejected,2025,8,August
3756,1183,2025-08-18,Casual Leave,1,Approved,2025,8,August
3757,1135,2025-03-30,Sick Leave,1,Approved,2025,3,March
3758,1445,2025-01-09,Sick Leave,1,Approved,2025,1,January
3759,1164,2025-07-27,Emergency Leave,1,Approved,2025,7,July
3760,1097,2025-07-21,Casual Leave,1,Approved,2025,7,July
3761,1333,2025-02-03,Sick Leave,1,Pending,2025,2,February
3762,1323,2025-07-29,Earned Leave,2,Approved,2025,7,July
3763,1172,2025-10-19,Emergency Leave,1,Approved,2025,10,October
3764,1454,2025-12-06,Casual Leave,2,Approved,2025,12,December
3765,1482,2025-12-24,Emergency Leave,2,Approved,2025,12,December
3766,1088,2025-04-19,Emergency Leave,2,Approved,2025,4,April
3767,1397,2025-07-30,Sick Leave,3,Rejected,2025,7,July
3768,1210,2025-07-01,Casual Leave,1,Approved,2025,7,July
3769,1446,2025-09-01,Earned Leave,1,Rejected,2025,9,September
3770,1370,2025-09-17,Earned Leave,1,Rejected,2025,9,September
3771,1357,2025-01-07,Earned Leave,1,Approved,2025,1,January
3772,1155,2025-03-22,Emergency Leave,2,Approved,2025,3,March
3773,1147,2025-06-16,Emergency Leave,2,Approved,2025,6,June
3774,1142,2025-05-17,Unknown,1,Approved,2025,5,May
3775,1452,2025-01-23,Sick Leave,2,Approved,2025,1,January
3776,1297,2025-10-05,Casual Leave,1,Approved,2025,10,October
3777,1204,2025-05-11,Emergency Leave,3,Approved,2025,5,May
3778,1154,2025-03-21,Earned Leave,1,Approved,2025,3,March
3779,1297,2025-01-30,Casual Leave,2,Approved,2025,1,January
3780,1411,2025-11-06,Casual Leave,1,Rejected,2025,11,November
3781,1362,2025-10-21,Casual Leave,1,Pending,2025,10,October
3782,1274,2025-01-30,Emergency Leave,1,Approved,2025,1,January
3783,1329,2025-10-25,Earned Leave,1,Rejected,2025,10,October
3784,1010,2025-04-18,Earned Leave,1,Rejected,2025,4,April
3785,1428,2025-09-06,Emergency Leave,1,Approved,2025,9,September
3786,1133,2025-12-26,Casual Leave,1,Rejected,2025,12,December
3787,1401,2025-03-15,Casual Leave,1,Approved,2025,3,March
3788,1325,2025-08-18,Casual Leave,1,Approved,2025,8,August
3789,1107,2025-12-30,Emergency Leave,1,Approved,2025,12,December
3790,1326,2025-09-21,Earned Leave,1,Approved,2025,9,September
3791,1257,2025-12-15,Sick Leave,1,Approved,2025,12,December
3792,1392,2025-10-24,Sick Leave,1,Approved,2025,10,October
3793,1092,2025-04-28,Casual Leave,1,Approved,2025,4,April
3794,1077,2025-04-21,Earned Leave,1,Approved,2025,4,April
3795,1260,2025-01-05,Emergency Leave,1,Approved,2025,1,January
3796,1071,2025-08-20,Emergency Leave,1,Approved,2025,8,August
3797,1461,2025-11-21,Emergency Leave,1,Approved,2025,11,November
3798,1133,2025-05-13,Earned Leave,1,Approved,2025,5,May
3799,1211,2025-03-29,Sick Leave,2,Pending,2025,3,March
3800,1302,2025-03-03,Earned Leave,1,Approved,2025,3,March
3801,1173,2025-01-01,Sick Leave,1,Rejected,2025,1,January
3802,1100,2025-03-18,Earned Leave,2,Approved,2025,3,March
3803,1336,2025-02-06,Emergency Leave,1,Approved,2025,2,February
3804,1268,2025-04-24,Emergency Leave,1,Approved,2025,4,April
3805,1435,2025-10-17,Earned Leave,1,Approved,2025,10,October
3806,1244,2025-11-13,Sick Leave,1,Approved,2025,11,November
3807,1346,2025-10-11,Sick Leave,1,Rejected,2025,10,October
3808,1063,2025-07-31,Sick Leave,1,Rejected,2025,7,July
3809,1467,2025-03-12,Casual Leave,1,Pending,2025,3,March
3810,1432,2025-02-18,Casual Leave,1,Approved,2025,2,February
3811,1253,2025-07-12,Casual Leave,1,Rejected,2025,7,July
3812,1192,2025-07-12,Sick Leave,1,Approved,2025,7,July
3813,1441,2025-09-12,Emergency Leave,1,Approved,2025,9,September
3814,1401,2025-07-11,Sick Leave,1,Approved,2025,7,July
3815,1180,2025-05-19,Casual Leave,1,Approved,2025,5,May
3816,1149,2025-12-25,Casual Leave,2,Approved,2025,12,December
3817,1351,2025-06-06,Emergency Leave,1,Approved,2025,6,June
3818,1441,2025-01-22,Emergency Leave,2,Rejected,2025,1,January
3819,1268,2025-02-24,Earned Leave,1,Approved,2025,2,February
3820,1200,2025-07-25,Sick Leave,3,Approved,2025,7,July
3821,1213,2025-08-10,Casual Leave,1,Approved,2025,8,August
3822,1067,2025-08-18,Sick Leave,1,Approved,2025,8,August
3823,1205,2025-05-03,Sick Leave,2,Rejected,2025,5,May
3824,1121,2025-06-21,Emergency Leave,2,Approved,2025,6,June
3825,1345,2025-08-30,Earned Leave,1,Approved,2025,8,August
3826,1496,2025-04-19,Casual Leave,1,Approved,2025,4,April
3827,1391,2025-08-17,Earned Leave,1,Rejected,2025,8,August
3828,1339,2025-01-14,Sick Leave,1,Pending,2025,1,January
3829,1130,2025-04-13,Sick Leave,2,Pending,2025,4,April
3830,1093,2025-10-30,Emergency Leave,1,Rejected,2025,10,October
3831,1423,2025-08-10,Sick Leave,1,Approved,2025,8,August
3832,1394,2025-08-03,Earned Leave,1,Rejected,2025,8,August
3833,1400,2025-03-31,Casual Leave,1,Approved,2025,3,March
3834,1435,2025-11-02,Casual Leave,1,Approved,2025,11,November
3835,1086,2025-03-29,Earned Leave,1,Approved,2025,3,March
3836,1142,2025-10-11,Earned Leave,2,Approved,2025,10,October
3837,1496,2025-11-26,Casual Leave,2,Approved,2025,11,November
3838,1390,2025-05-04,Emergency Leave,1,Approved,2025,5,May
3839,1330,2025-01-26,Emergency Leave,1,Approved,2025,1,January
3840,1346,2025-01-06,Casual Leave,1,Approved,2025,1,January
3841,1295,2025-10-14,Casual Leave,1,Approved,2025,10,October
3842,1110,2025-06-22,Emergency Leave,1,Approved,2025,6,June
3843,1248,2025-03-30,Casual Leave,1,Approved,2025,3,March
3844,1400,2025-05-29,Sick Leave,1,Approved,2025,5,May
3845,1119,2025-07-27,Emergency Leave,2,Approved,2025,7,July
3846,1235,2025-02-23,Sick Leave,2,Approved,2025,2,February
3847,1397,2025-07-22,Sick Leave,3,Approved,2025,7,July
3848,1343,2025-01-23,Emergency Leave,1,Approved,2025,1,January
3849,1286,2025-02-23,Casual Leave,1,Approved,2025,2,February
3850,1198,2025-10-03,Casual Leave,1,Approved,2025,10,October
3851,1330,2025-01-13,Casual Leave,1,Approved,2025,1,January
3852,1020,2025-07-30,Casual Leave,1,Rejected,2025,7,July
3853,1196,2025-01-20,Emergency Leave,1,Approved,2025,1,January
3854,1190,2025-10-07,Emergency Leave,2,Approved,2025,10,October
3855,1480,2025-10-03,Emergency Leave,1,Approved,2025,10,October
3856,1442,2025-03-13,Emergency Leave,1,Approved,2025,3,March
3857,1366,2025-04-30,Earned Leave,2,Approved,2025,4,April
3858,1132,2025-10-28,Earned Leave,3,Approved,2025,10,October
3859,1439,2025-05-17,Earned Leave,1,Approved,2025,5,May
3860,1491,2025-06-16,Earned Leave,1,Approved,2025,6,June
3861,1173,2025-03-29,Casual Leave,2,Approved,2025,3,March
3862,1243,2025-04-03,Sick Leave,1,Approved,2025,4,April
3863,1328,2025-08-30,Emergency Leave,1,Approved,2025,8,August
3864,1175,2025-03-06,Unknown,1,Approved,2025,3,March
3865,1012,2025-06-09,Sick Leave,1,Approved,2025,6,June
3866,1017,2025-04-08,Sick Leave,1,Approved,2025,4,April
3867,1459,2025-12-02,Sick Leave,1,Approved,2025,12,December
3868,1171,2025-09-12,Sick Leave,2,Approved,2025,9,September
3869,1490,2025-07-31,Casual Leave,3,Approved,2025,7,July
3870,1400,2025-09-09,Earned Leave,2,Rejected,2025,9,September
3871,1386,2025-11-25,Emergency Leave,1,Approved,2025,11,November
3872,1204,2025-05-15,Emergency Leave,1,Approved,2025,5,May
3873,1460,2025-10-25,Earned Leave,1,Approved,2025,10,October
3874,1064,2025-08-03,Sick Leave,1,Approved,2025,8,August
3875,1035,2025-10-12,Casual Leave,1,Approved,2025,10,October
3876,1176,2025-06-18,Casual Leave,1,Approved,2025,6,June
3877,1026,2025-07-24,Casual Leave,2,Approved,2025,7,July
3878,1017,2025-11-27,Emergency Leave,1,Approved,2025,11,November
3879,1495,2025-05-06,Sick Leave,1,Approved,2025,5,May
3880,1250,2025-10-24,Earned Leave,1,Approved,2025,10,October
3881,1210,2025-03-16,Sick Leave,1,Approved,2025,3,March
3882,1076,2025-09-17,Earned Leave,1,Approved,2025,9,September
3883,1377,2025-12-20,Emergency Leave,2,Approved,2025,12,December
3884,1220,2025-05-26,Emergency Leave,1,Approved,2025,5,May
3885,1087,2025-10-04,Emergency Leave,1,Pending,2025,10,October
3886,1254,2025-06-20,Earned Leave,2,Pending,2025,6,June
3887,1413,2025-11-05,Sick Leave,1,Approved,2025,11,November
3888,1157,2025-07-25,Sick Leave,1,Approved,2025,7,July
3889,1065,2025-03-08,Emergency Leave,1,Approved,2025,3,March
3890,1108,2025-08-26,Earned Leave,1,Approved,2025,8,August
3891,1068,2025-10-22,Sick Leave,2,Rejected,2025,10,October
3892,1049,2025-10-31,Earned Leave,1,Pending,2025,10,October
3893,1092,2025-04-13,Casual Leave,1,Rejected,2025,4,April
3894,1379,2025-03-15,Emergency Leave,1,Approved,2025,3,March
3895,1173,2025-05-27,Emergency Leave,2,Approved,2025,5,May
3896,1035,2025-08-10,Emergency Leave,1,Pending,2025,8,August
3897,1274,2025-09-26,Sick Leave,1,Approved,2025,9,September
3898,1190,2025-06-15,Sick Leave,1,Pending,2025,6,June
3899,1179,2025-08-29,Casual Leave,2,Rejected,2025,8,August
3900,1082,2025-04-18,Emergency Leave,1,Approved,2025,4,April
3901,1265,2025-02-16,Sick Leave,1,Approved,2025,2,February
3902,1156,2025-10-22,Emergency Leave,1,Approved,2025,10,October
3903,1379,2025-07-03,Casual Leave,1,Approved,2025,7,July
3904,1124,2025-02-22,Sick Leave,1,Approved,2025,2,February
3905,1124,2025-05-26,Casual Leave,2,Approved,2025,5,May
3906,1447,2025-01-20,Earned Leave,2,Approved,2025,1,January
3907,1441,2025-05-27,Sick Leave,1,Approved,2025,5,May
3908,1080,2025-11-07,Casual Leave,1,Approved,2025,11,November
3909,1090,2025-06-24,Sick Leave,2,Pending,2025,6,June
3910,1262,2025-09-27,Casual Leave,1,Approved,2025,9,September
3911,1212,2025-10-14,Sick Leave,1,Approved,2025,10,October
3912,1013,2025-07-22,Earned Leave,1,Approved,2025,7,July
3913,1139,2025-01-12,Casual Leave,2,Approved,2025,1,January
3914,1050,2025-10-30,Emergency Leave,1,Rejected,2025,10,October
3915,1196,2025-12-26,Earned Leave,1,Approved,2025,12,December
3916,1436,2025-06-27,Earned Leave,1,Rejected,2025,6,June
3917,1437,2025-10-15,Casual Leave,1,Pending,2025,10,October
3918,1004,2025-10-07,Emergency Leave,1,Approved,2025,10,October
3919,1080,2025-06-06,Sick Leave,1,Approved,2025,6,June
3920,1010,2025-05-29,Casual Leave,1,Approved,2025,5,May
3921,1456,2025-10-01,Casual Leave,1,Rejected,2025,10,October
3922,1469,2025-01-03,Emergency Leave,1,Approved,2025,1,January
3923,1171,2025-09-23,Casual Leave,1,Approved,2025,9,September
3924,1200,2025-09-20,Earned Leave,1,Approved,2025,9,September
3925,1041,2025-11-20,Earned Leave,1,Approved,2025,11,November
3926,1023,2025-08-17,Emergency Leave,1,Approved,2025,8,August
3927,1476,2025-09-18,Casual Leave,1,Approved,2025,9,September
3928,1071,2025-10-08,Casual Leave,1,Approved,2025,10,October
3929,1245,2025-05-26,Earned Leave,1,Approved,2025,5,May
3930,1037,2025-05-09,Earned Leave,2,Approved,2025,5,May
3931,1147,2025-08-07,Casual Leave,1,Approved,2025,8,August
3932,1455,2025-12-13,Sick Leave,1,Approved,2025,12,December
3933,1167,2025-08-02,Emergency Leave,3,Rejected,2025,8,August
3934,1430,2025-01-18,Emergency Leave,1,Approved,2025,1,January
3935,1439,2025-11-10,Sick Leave,1,Approved,2025,11,November
3936,1362,2025-06-16,Casual Leave,1,Approved,2025,6,June
3937,1310,2025-08-16,Sick Leave,1,Approved,2025,8,August
3938,1338,2025-07-19,Earned Leave,1,Approved,2025,7,July
3939,1375,2025-09-04,Casual Leave,1,Approved,2025,9,September
3940,1412,2025-08-03,Sick Leave,1,Rejected,2025,8,August
3941,1041,2025-11-17,Emergency Leave,3,Approved,2025,11,November
3942,1137,2025-11-25,Casual Leave,1,Approved,2025,11,November
3943,1496,2025-12-07,Casual Leave,3,Rejected,2025,12,December
3944,1125,2025-11-14,Emergency Leave,1,Approved,2025,11,November
3945,1282,2025-09-12,Sick Leave,1,Approved,2025,9,September
3946,1091,2025-08-21,Casual Leave,1,Rejected,2025,8,August
3947,1151,2025-01-15,Emergency Leave,1,Approved,2025,1,January
3948,1499,2025-07-28,Casual Leave,1,Approved,2025,7,July
3949,1052,2025-08-03,Emergency Leave,1,Rejected,2025,8,August
3950,1135,2025-09-25,Earned Leave,1,Approved,2025,9,September
3951,1119,2025-07-15,Casual Leave,1,Approved,2025,7,July
3952,1237,2025-07-28,Sick Leave,2,Pending,2025,7,July
3953,1021,2025-09-24,Emergency Leave,1,Approved,2025,9,September
3954,1349,2025-09-28,Sick Leave,1,Rejected,2025,9,September
3955,1155,2025-03-09,Sick Leave,1,Approved,2025,3,March
3956,1136,2025-05-30,Sick Leave,1,Approved,2025,5,May
3957,1226,2025-04-20,Sick Leave,1,Approved,2025,4,April
3958,1256,2025-09-28,Earned Leave,1,Approved,2025,9,September
3959,1093,2025-05-26,Earned Leave,1,Approved,2025,5,May
3960,1197,2025-10-04,Casual Leave,2,Approved,2025,10,October
3961,1346,2025-12-08,Earned Leave,2,Approved,2025,12,December
3962,1176,2025-04-08,Sick Leave,1,Approved,2025,4,April
3963,1360,2025-02-05,Casual Leave,1,Approved,2025,2,February
3964,1177,2025-02-28,Emergency Leave,1,Approved,2025,2,February
3965,1470,2025-06-11,Earned Leave,1,Approved,2025,6,June
3966,1131,2025-10-23,Casual Leave,2,Pending,2025,10,October
3967,1147,2025-05-18,Casual Leave,1,Approved,2025,5,May
3968,1112,2025-08-04,Sick Leave,1,Rejected,2025,8,August
3969,1456,2025-01-18,Earned Leave,1,Approved,2025,1,January
3970,1272,2025-09-01,Earned Leave,1,Approved,2025,9,September
3971,1264,2025-02-05,Casual Leave,2,Pending,2025,2,February
3972,1220,2025-05-14,Sick Leave,1,Approved,2025,5,May
3973,1220,2025-06-26,Earned Leave,1,Approved,2025,6,June
3974,1081,2025-12-21,Casual Leave,2,Approved,2025,12,December
3975,1057,2025-01-16,Emergency Leave,1,Approved,2025,1,January
3976,1258,2025-02-10,Sick Leave,1,Pending,2025,2,February
3977,1209,2025-03-09,Earned Leave,1,Approved,2025,3,March
3978,1087,2025-04-16,Emergency Leave,1,Approved,2025,4,April
3979,1347,2025-06-13,Sick Leave,1,Rejected,2025,6,June
3980,1401,2025-04-02,Sick Leave,1,Approved,2025,4,April
3981,1217,2025-04-10,Emergency Leave,1,Pending,2025,4,April
3982,1377,2025-08-18,Earned Leave,2,Approved,2025,8,August
3983,1431,2025-06-18,Casual Leave,1,Approved,2025,6,June
3984,1036,2025-07-15,Emergency Leave,3,Approved,2025,7,July
3985,1182,2025-01-08,Sick Leave,1,Approved,2025,1,January
3986,1213,2025-06-21,Casual Leave,1,Approved,2025,6,June
3987,1054,2025-09-08,Sick Leave,1,Approved,2025,9,September
3988,1090,2025-02-16,Sick Leave,2,Pending,2025,2,February
3989,1386,2025-07-06,Earned Leave,3,Rejected,2025,7,July
3990,1213,2025-01-23,Earned Leave,1,Approved,2025,1,January
3991,1285,2025-02-11,Sick Leave,3,Approved,2025,2,February
3992,1199,2025-01-07,Earned Leave,2,Approved,2025,1,January
3993,1391,2025-10-21,Sick Leave,1,Rejected,2025,10,October
3994,1192,2025-07-07,Casual Leave,1,Pending,2025,7,July
3995,1224,2025-03-14,Emergency Leave,1,Pending,2025,3,March
3996,1411,2025-04-05,Casual Leave,1,Approved,2025,4,April
3997,1208,2025-10-08,Sick Leave,1,Approved,2025,10,October
3998,1429,2025-04-09,Earned Leave,1,Pending,2025,4,April
3999,1310,2025-03-21,Casual Leave,3,Approved,2025,3,March
4000,1440,2025-01-21,Earned Leave,1,Approved,2025,1,January
4001,1266,2025-11-15,Emergency Leave,1,Approved,2025,11,November
4002,1265,2025-06-28,Emergency Leave,1,Approved,2025,6,June
4003,1075,2025-09-11,Sick Leave,1,Approved,2025,9,September
4004,1259,2025-02-25,Sick Leave,3,Approved,2025,2,February
4005,1163,2025-01-03,Casual Leave,1,Approved,2025,1,January
4006,1086,2025-05-14,Emergency Leave,1,Rejected,2025,5,May
4007,1138,2025-09-22,Emergency Leave,1,Approved,2025,9,September
4008,1270,2025-01-16,Earned Leave,1,Approved,2025,1,January
4009,1045,2025-06-12,Sick Leave,1,Approved,2025,6,June
4010,1397,2025-05-25,Earned Leave,1,Approved,2025,5,May
4011,1318,2025-07-01,Casual Leave,1,Approved,2025,7,July
4012,1236,2025-05-02,Casual Leave,1,Approved,2025,5,May
4013,1356,2025-05-10,Sick Leave,1,Approved,2025,5,May
4014,1440,2025-09-23,Earned Leave,1,Approved,2025,9,September
4015,1121,2025-10-25,Earned Leave,1,Approved,2025,10,October
4016,1254,2025-10-09,Sick Leave,1,Approved,2025,10,October
4017,1030,2025-12-05,Sick Leave,1,Approved,2025,12,December
4018,1446,2025-05-31,Emergency Leave,1,Approved,2025,5,May
4019,1312,2025-05-05,Emergency Leave,1,Approved,2025,5,May
4020,1175,2025-05-10,Sick Leave,1,Approved,2025,5,May
4021,1345,2025-03-10,Casual Leave,1,Approved,2025,3,March
4022,1043,2025-08-01,Earned Leave,1,Rejected,2025,8,August
4023,1370,2025-06-07,Earned Leave,2,Approved,2025,6,June
4024,1329,2025-11-10,Sick Leave,1,Approved,2025,11,November
4025,1271,2025-06-03,Emergency Leave,1,Approved,2025,6,June
4026,1385,2025-09-14,Casual Leave,2,Approved,2025,9,September
4027,1008,2025-03-14,Casual Leave,2,Pending,2025,3,March
4028,1480,2025-01-10,Sick Leave,1,Approved,2025,1,January
4029,1296,2025-05-14,Earned Leave,1,Pending,2025,5,May
4030,1012,2025-08-20,Emergency Leave,1,Approved,2025,8,August
4031,1216,2025-06-23,Sick Leave,1,Rejected,2025,6,June
4032,1078,2025-11-16,Sick Leave,1,Approved,2025,11,November
4033,1179,2025-08-04,Emergency Leave,1,Approved,2025,8,August
4034,1364,2025-01-24,Casual Leave,2,Approved,2025,1,January
4035,1309,2025-01-04,Earned Leave,1,Approved,2025,1,January
4036,1104,2025-10-17,Sick Leave,1,Rejected,2025,10,October
4037,1276,2025-07-07,Casual Leave,1,Approved,2025,7,July
4038,1068,2025-03-02,Earned Leave,3,Rejected,2025,3,March
4039,1163,2025-09-04,Sick Leave,1,Approved,2025,9,September
4040,1154,2025-01-31,Emergency Leave,1,Rejected,2025,1,January
4041,1460,2025-11-24,Emergency Leave,1,Approved,2025,11,November
4042,1414,2025-05-25,Sick Leave,1,Approved,2025,5,May
4043,1365,2025-06-23,Earned Leave,1,Approved,2025,6,June
4044,1375,2025-05-10,Sick Leave,1,Pending,2025,5,May
4045,1301,2025-12-27,Sick Leave,2,Pending,2025,12,December
4046,1307,2025-06-11,Casual Leave,1,Approved,2025,6,June
4047,1142,2025-04-30,Earned Leave,1,Approved,2025,4,April
4048,1338,2025-12-04,Sick Leave,2,Approved,2025,12,December
4049,1485,2025-04-23,Casual Leave,3,Approved,2025,4,April
4050,1190,2025-01-13,Emergency Leave,1,Approved,2025,1,January
4051,1160,2025-01-09,Earned Leave,1,Rejected,2025,1,January
4052,1024,2025-06-13,Emergency Leave,1,Approved,2025,6,June
4053,1253,2025-07-23,Emergency Leave,1,Approved,2025,7,July
4054,1264,2025-02-16,Casual Leave,1,Approved,2025,2,February
4055,1487,2025-10-10,Emergency Leave,1,Pending,2025,10,October
4056,1262,2025-04-14,Sick Leave,2,Approved,2025,4,April
4057,1087,2025-12-17,Sick Leave,2,Approved,2025,12,December
4058,1145,2025-12-25,Earned Leave,3,Approved,2025,12,December
4059,1198,2025-09-15,Emergency Leave,1,Rejected,2025,9,September
4060,1261,2025-03-09,Casual Leave,1,Approved,2025,3,March
4061,1144,2025-03-16,Sick Leave,1,Pending,2025,3,March
4062,1315,2025-01-07,Sick Leave,1,Approved,2025,1,January
4063,1405,2025-05-13,Emergency Leave,1,Approved,2025,5,May
4064,1447,2025-06-16,Casual Leave,2,Approved,2025,6,June
4065,1016,2025-01-22,Casual Leave,1,Approved,2025,1,January
4066,1079,2025-10-27,Emergency Leave,1,Approved,2025,10,October
4067,1314,2025-07-26,Sick Leave,1,Approved,2025,7,July
4068,1455,2025-10-01,Sick Leave,1,Approved,2025,10,October
4069,1351,2025-03-13,Earned Leave,1,Approved,2025,3,March
4070,1156,2025-06-02,Emergency Leave,1,Approved,2025,6,June
4071,1331,2025-04-17,Sick Leave,1,Approved,2025,4,April
4072,1472,2025-11-07,Sick Leave,1,Approved,2025,11,November
4073,1116,2025-08-17,Emergency Leave,1,Pending,2025,8,August
4074,1202,2025-06-25,Earned Leave,1,Approved,2025,6,June
4075,1361,2025-07-08,Casual Leave,1,Pending,2025,7,July
4076,1479,2025-02-07,Earned Leave,1,Approved,2025,2,February
4077,1197,2025-05-17,Emergency Leave,1,Approved,2025,5,May
4078,1337,2025-04-14,Sick Leave,1,Approved,2025,4,April
4079,1310,2025-03-29,Casual Leave,2,Approved,2025,3,March
4080,1181,2025-11-19,Casual Leave,1,Approved,2025,11,November
4081,1047,2025-10-08,Earned Leave,1,Approved,2025,10,October
4082,1115,2025-11-19,Earned Leave,2,Rejected,2025,11,November
4083,1240,2025-02-08,Sick Leave,3,Pending,2025,2,February
4084,1021,2025-05-16,Emergency Leave,1,Pending,2025,5,May
4085,1358,2025-03-24,Sick Leave,2,Approved,2025,3,March
4086,1473,2025-01-04,Emergency Leave,1,Approved,2025,1,January
4087,1262,2025-01-22,Sick Leave,2,Approved,2025,1,January
4088,1002,2025-05-22,Earned Leave,1,Rejected,2025,5,May
4089,1404,2025-06-16,Emergency Leave,1,Approved,2025,6,June
4090,1495,2025-08-02,Casual Leave,1,Approved,2025,8,August
4091,1053,2025-04-09,Earned Leave,1,Approved,2025,4,April
4092,1469,2025-05-01,Emergency Leave,3,Approved,2025,5,May
4093,1286,2025-10-06,Casual Leave,1,Pending,2025,10,October
4094,1304,2025-05-02,Earned Leave,1,Pending,2025,5,May
4095,1222,2025-10-16,Casual Leave,2,Approved,2025,10,October
4096,1062,2025-04-21,Sick Leave,1,Pending,2025,4,April
4097,1133,2025-10-25,Sick Leave,2,Approved,2025,10,October
4098,1140,2025-03-22,Sick Leave,1,Pending,2025,3,March
4099,1195,2025-10-17,Casual Leave,1,Approved,2025,10,October
4100,1160,2025-09-13,Emergency Leave,1,Approved,2025,9,September
4101,1041,2025-05-25,Casual Leave,1,Rejected,2025,5,May
4102,1071,2025-06-10,Earned Leave,1,Approved,2025,6,June
4103,1088,2025-11-14,Emergency Leave,1,Approved,2025,11,November
4104,1246,2025-06-06,Sick Leave,1,Approved,2025,6,June
4105,1212,2025-05-06,Sick Leave,1,Approved,2025,5,May
4106,1251,2025-11-30,Sick Leave,1,Approved,2025,11,November
4107,1187,2025-06-20,Sick Leave,1,Rejected,2025,6,June
4108,1402,2025-06-27,Emergency Leave,1,Approved,2025,6,June
4109,1298,2025-08-09,Sick Leave,1,Approved,2025,8,August
4110,1152,2025-05-05,Earned Leave,1,Rejected,2025,5,May
4111,1298,2025-02-25,Casual Leave,1,Approved,2025,2,February
4112,1382,2025-02-08,Casual Leave,1,Approved,2025,2,February
4113,1261,2025-04-03,Sick Leave,1,Approved,2025,4,April
4114,1164,2025-11-24,Casual Leave,1,Approved,2025,11,November
4115,1013,2025-09-16,Casual Leave,2,Approved,2025,9,September
4116,1056,2025-10-14,Earned Leave,1,Approved,2025,10,October
4117,1043,2025-05-13,Earned Leave,1,Approved,2025,5,May
4118,1426,2025-03-31,Earned Leave,3,Rejected,2025,3,March
4119,1139,2025-10-29,Sick Leave,2,Rejected,2025,10,October
4120,1250,2025-04-11,Casual Leave,1,Approved,2025,4,April
4121,1311,2025-08-26,Sick Leave,1,Approved,2025,8,August
4122,1489,2025-07-18,Emergency Leave,2,Approved,2025,7,July
4123,1129,2025-12-20,Sick Leave,1,Approved,2025,12,December
4124,1073,2025-08-09,Sick Leave,2,Approved,2025,8,August
4125,1080,2025-10-22,Casual Leave,1,Approved,2025,10,October
4126,1075,2025-11-28,Sick Leave,1,Approved,2025,11,November
4127,1281,2025-06-21,Emergency Leave,1,Approved,2025,6,June
4128,1351,2025-02-07,Sick Leave,1,Approved,2025,2,February
4129,1118,2025-12-08,Casual Leave,1,Approved,2025,12,December
4130,1163,2025-07-15,Casual Leave,2,Approved,2025,7,July
4131,1229,2025-09-21,Casual Leave,1,Approved,2025,9,September
4132,1296,2025-06-17,Emergency Leave,1,Rejected,2025,6,June
4133,1001,2025-05-22,Earned Leave,1,Approved,2025,5,May
4134,1282,2025-11-24,Earned Leave,1,Approved,2025,11,November
4135,1268,2025-06-09,Earned Leave,1,Approved,2025,6,June
4136,1129,2025-07-27,Casual Leave,1,Approved,2025,7,July
4137,1346,2025-06-16,Earned Leave,1,Approved,2025,6,June
4138,1263,2025-06-03,Emergency Leave,1,Approved,2025,6,June
4139,1237,2025-05-22,Casual Leave,2,Rejected,2025,5,May
4140,1177,2025-12-31,Earned Leave,1,Approved,2025,12,December
4141,1038,2025-05-09,Earned Leave,1,Approved,2025,5,May
4142,1210,2025-07-31,Casual Leave,1,Approved,2025,7,July
4143,1238,2025-10-02,Casual Leave,1,Approved,2025,10,October
4144,1426,2025-07-28,Earned Leave,2,Approved,2025,7,July
4145,1221,2025-01-08,Sick Leave,1,Approved,2025,1,January
4146,1302,2025-12-19,Earned Leave,2,Approved,2025,12,December
4147,1020,2025-11-16,Emergency Leave,1,Approved,2025,11,November
4148,1293,2025-04-30,Sick Leave,1,Approved,2025,4,April
4149,1178,2025-06-15,Emergency Leave,1,Approved,2025,6,June
4150,1090,2025-10-26,Emergency Leave,1,Approved,2025,10,October
4151,1245,2025-07-11,Earned Leave,1,Approved,2025,7,July
4152,1311,2025-09-14,Unknown,1,Approved,2025,9,September
4153,1262,2025-04-08,Sick Leave,2,Approved,2025,4,April
4154,1192,2025-03-25,Sick Leave,1,Approved,2025,3,March
4155,1480,2025-01-23,Emergency Leave,1,Approved,2025,1,January
4156,1346,2025-12-19,Casual Leave,1,Approved,2025,12,December
4157,1409,2025-05-09,Sick Leave,1,Approved,2025,5,May
4158,1195,2025-01-15,Unknown,1,Approved,2025,1,January
4159,1365,2025-04-13,Casual Leave,1,Approved,2025,4,April
4160,1258,2025-07-10,Emergency Leave,1,Approved,2025,7,July
4161,1169,2025-05-30,Emergency Leave,1,Approved,2025,5,May
4162,1335,2025-10-13,Sick Leave,2,Approved,2025,10,October
4163,1012,2025-11-05,Sick Leave,2,Rejected,2025,11,November
4164,1419,2025-09-17,Earned Leave,1,Approved,2025,9,September
4165,1384,2025-10-17,Sick Leave,1,Pending,2025,10,October
4166,1188,2025-07-01,Sick Leave,1,Rejected,2025,7,July
4167,1410,2025-12-08,Emergency Leave,1,Approved,2025,12,December
4168,1236,2025-03-06,Casual Leave,3,Approved,2025,3,March
4169,1194,2025-11-10,Earned Leave,1,Approved,2025,11,November
4170,1364,2025-02-22,Emergency Leave,1,Approved,2025,2,February
4171,1351,2025-07-06,Emergency Leave,1,Approved,2025,7,July
4172,1219,2025-07-20,Casual Leave,1,Approved,2025,7,July
4173,1037,2025-02-24,Casual Leave,2,Approved,2025,2,February
4174,1072,2025-08-21,Casual Leave,2,Approved,2025,8,August
4175,1208,2025-12-23,Casual Leave,1,Approved,2025,12,December
4176,1094,2025-08-23,Earned Leave,3,Approved,2025,8,August
4177,1494,2025-07-19,Earned Leave,2,Approved,2025,7,July
4178,1495,2025-08-24,Earned Leave,2,Approved,2025,8,August
4179,1329,2025-08-26,Emergency Leave,1,Approved,2025,8,August
4180,1405,2025-05-20,Sick Leave,1,Approved,2025,5,May
4181,1402,2025-11-10,Casual Leave,2,Approved,2025,11,November
4182,1227,2025-12-11,Casual Leave,1,Approved,2025,12,December
4183,1262,2025-03-22,Unknown,2,Approved,2025,3,March
4184,1336,2025-02-21,Earned Leave,1,Approved,2025,2,February
4185,1347,2025-01-14,Emergency Leave,1,Rejected,2025,1,January
4186,1148,2025-08-10,Sick Leave,3,Approved,2025,8,August
4187,1117,2025-02-24,Casual Leave,1,Approved,2025,2,February
4188,1393,2025-03-11,Emergency Leave,1,Approved,2025,3,March
4189,1335,2025-07-13,Casual Leave,1,Approved,2025,7,July
4190,1059,2025-11-11,Earned Leave,1,Approved,2025,11,November
4191,1159,2025-05-24,Sick Leave,2,Pending,2025,5,May
4192,1002,2025-10-22,Sick Leave,1,Approved,2025,10,October
4193,1471,2025-09-18,Earned Leave,1,Approved,2025,9,September
4194,1094,2025-01-22,Sick Leave,2,Approved,2025,1,January
4195,1432,2025-01-20,Casual Leave,1,Approved,2025,1,January
4196,1267,2025-03-25,Emergency Leave,2,Approved,2025,3,March
4197,1005,2025-06-22,Sick Leave,2,Approved,2025,6,June
4198,1442,2025-05-23,Emergency Leave,1,Approved,2025,5,May
4199,1428,2025-06-24,Casual Leave,1,Approved,2025,6,June
4200,1267,2025-12-21,Emergency Leave,2,Pending,2025,12,December
4201,1271,2025-04-07,Earned Leave,1,Approved,2025,4,April
4202,1017,2025-06-25,Casual Leave,2,Approved,2025,6,June
4203,1428,2025-07-18,Earned Leave,1,Approved,2025,7,July
4204,1234,2025-10-09,Casual Leave,1,Approved,2025,10,October
4205,1322,2025-11-19,Casual Leave,1,Approved,2025,11,November
4206,1112,2025-12-01,Casual Leave,1,Approved,2025,12,December
4207,1273,2025-09-09,Sick Leave,1,Rejected,2025,9,September
4208,1261,2025-04-30,Casual Leave,1,Rejected,2025,4,April
4209,1172,2025-11-05,Casual Leave,1,Approved,2025,11,November
4210,1322,2025-02-21,Emergency Leave,1,Approved,2025,2,February
4211,1235,2025-07-25,Sick Leave,2,Approved,2025,7,July
4212,1348,2025-10-28,Earned Leave,1,Rejected,2025,10,October
4213,1234,2025-04-30,Earned Leave,1,Approved,2025,4,April
4214,1026,2025-10-30,Emergency Leave,2,Approved,2025,10,October
4215,1033,2025-06-18,Casual Leave,1,Approved,2025,6,June
4216,1008,2025-07-01,Earned Leave,1,Approved,2025,7,July
4217,1411,2025-07-22,Emergency Leave,1,Approved,2025,7,July
4218,1316,2025-08-02,Emergency Leave,1,Approved,2025,8,August
4219,1416,2025-01-20,Sick Leave,1,Rejected,2025,1,January
4220,1421,2025-04-27,Emergency Leave,1,Pending,2025,4,April
4221,1456,2025-06-19,Casual Leave,1,Approved,2025,6,June
4222,1096,2025-01-31,Emergency Leave,1,Approved,2025,1,January
4223,1189,2025-07-23,Sick Leave,1,Approved,2025,7,July
4224,1310,2025-04-12,Casual Leave,1,Approved,2025,4,April
4225,1303,2025-07-22,Earned Leave,1,Pending,2025,7,July
4226,1149,2025-02-09,Earned Leave,1,Approved,2025,2,February
4227,1443,2025-11-23,Sick Leave,1,Pending,2025,11,November
4228,1131,2025-08-14,Casual Leave,3,Approved,2025,8,August
4229,1089,2025-04-24,Earned Leave,1,Approved,2025,4,April
4230,1153,2025-06-10,Sick Leave,1,Approved,2025,6,June
4231,1096,2025-09-30,Earned Leave,1,Approved,2025,9,September
4232,1065,2025-03-02,Earned Leave,1,Rejected,2025,3,March
4233,1490,2025-06-13,Earned Leave,1,Approved,2025,6,June
4234,1144,2025-05-19,Earned Leave,1,Approved,2025,5,May
4235,1046,2025-03-03,Earned Leave,1,Approved,2025,3,March
4236,1370,2025-02-03,Casual Leave,1,Approved,2025,2,February
4237,1400,2025-08-30,Emergency Leave,1,Pending,2025,8,August
4238,1210,2025-09-27,Casual Leave,2,Approved,2025,9,September
4239,1235,2025-10-02,Emergency Leave,1,Approved,2025,10,October
4240,1392,2025-02-28,Emergency Leave,1,Approved,2025,2,February
4241,1209,2025-07-16,Casual Leave,2,Approved,2025,7,July
4242,1227,2025-02-21,Casual Leave,2,Rejected,2025,2,February
4243,1209,2025-06-12,Sick Leave,1,Approved,2025,6,June
4244,1448,2025-04-04,Earned Leave,1,Approved,2025,4,April
4245,1258,2025-04-05,Earned Leave,1,Approved,2025,4,April
4246,1390,2025-05-02,Casual Leave,1,Approved,2025,5,May
4247,1125,2025-05-30,Casual Leave,3,Approved,2025,5,May
4248,1325,2025-08-01,Emergency Leave,2,Approved,2025,8,August
4249,1041,2025-10-31,Casual Leave,1,Approved,2025,10,October
4250,1179,2025-10-31,Earned Leave,1,Approved,2025,10,October
4251,1115,2025-05-05,Emergency Leave,1,Rejected,2025,5,May
4252,1376,2025-10-15,Sick Leave,1,Approved,2025,10,October
4253,1007,2025-08-08,Casual Leave,1,Approved,2025,8,August
4254,1148,2025-03-29,Emergency Leave,1,Approved,2025,3,March
4255,1182,2025-01-09,Emergency Leave,2,Approved,2025,1,January
4256,1162,2025-11-25,Sick Leave,2,Approved,2025,11,November
4257,1202,2025-09-24,Emergency Leave,1,Approved,2025,9,September
4258,1433,2025-12-21,Sick Leave,1,Approved,2025,12,December
4259,1342,2025-04-04,Sick Leave,1,Approved,2025,4,April
4260,1028,2025-01-11,Casual Leave,2,Approved,2025,1,January
4261,1262,2025-02-20,Casual Leave,1,Approved,2025,2,February
4262,1003,2025-06-13,Casual Leave,2,Approved,2025,6,June
4263,1073,2025-02-13,Casual Leave,1,Approved,2025,2,February
4264,1497,2025-03-10,Earned Leave,1,Approved,2025,3,March
4265,1049,2025-05-24,Earned Leave,1,Approved,2025,5,May
4266,1044,2025-06-24,Casual Leave,1,Approved,2025,6,June
4267,1400,2025-01-10,Sick Leave,1,Approved,2025,1,January
4268,1220,2025-05-17,Sick Leave,1,Approved,2025,5,May
4269,1370,2025-04-11,Emergency Leave,1,Rejected,2025,4,April
4270,1266,2025-04-25,Casual Leave,1,Approved,2025,4,April
4271,1386,2025-07-24,Earned Leave,1,Approved,2025,7,July
4272,1313,2025-06-26,Sick Leave,1,Approved,2025,6,June
4273,1491,2025-05-25,Sick Leave,1,Approved,2025,5,May
4274,1481,2025-10-08,Earned Leave,1,Approved,2025,10,October
4275,1359,2025-08-12,Casual Leave,1,Approved,2025,8,August
4276,1182,2025-03-01,Sick Leave,1,Approved,2025,3,March
4277,1290,2025-01-02,Emergency Leave,3,Approved,2025,1,January
4278,1107,2025-08-28,Emergency Leave,1,Approved,2025,8,August
4279,1333,2025-08-28,Earned Leave,1,Approved,2025,8,August
4280,1141,2025-06-23,Sick Leave,1,Pending,2025,6,June
4281,1067,2025-05-17,Emergency Leave,1,Approved,2025,5,May
4282,1141,2025-09-16,Emergency Leave,2,Pending,2025,9,September
4283,1422,2025-08-04,Sick Leave,2,Approved,2025,8,August
4284,1396,2025-05-11,Earned Leave,3,Approved,2025,5,May
4285,1460,2025-01-31,Emergency Leave,2,Rejected,2025,1,January
4286,1145,2025-02-23,Emergency Leave,1,Approved,2025,2,February
4287,1034,2025-06-11,Sick Leave,1,Rejected,2025,6,June
4288,1096,2025-07-25,Sick Leave,1,Rejected,2025,7,July
4289,1133,2025-06-29,Sick Leave,1,Approved,2025,6,June
4290,1018,2025-03-05,Sick Leave,1,Approved,2025,3,March
4291,1328,2025-07-02,Earned Leave,1,Approved,2025,7,July
4292,1470,2025-02-15,Emergency Leave,1,Approved,2025,2,February
4293,1118,2025-07-21,Casual Leave,1,Approved,2025,7,July
4294,1340,2025-09-28,Emergency Leave,3,Rejected,2025,9,September
4295,1204,2025-11-20,Earned Leave,1,Approved,2025,11,November
4296,1350,2025-12-22,Earned Leave,1,Approved,2025,12,December
4297,1331,2025-02-03,Sick Leave,2,Approved,2025,2,February
4298,1369,2025-08-18,Emergency Leave,1,Approved,2025,8,August
4299,1466,2025-03-24,Sick Leave,2,Approved,2025,3,March
4300,1116,2025-11-25,Sick Leave,2,Approved,2025,11,November
4301,1481,2025-11-02,Casual Leave,1,Pending,2025,11,November
4302,1299,2025-07-14,Emergency Leave,1,Approved,2025,7,July
4303,1427,2025-06-12,Emergency Leave,1,Approved,2025,6,June
4304,1180,2025-10-12,Emergency Leave,2,Approved,2025,10,October
4305,1044,2025-12-14,Emergency Leave,1,Approved,2025,12,December
4306,1122,2025-04-19,Casual Leave,1,Approved,2025,4,April
4307,1282,2025-03-19,Emergency Leave,1,Approved,2025,3,March
4308,1040,2025-06-03,Emergency Leave,1,Approved,2025,6,June
4309,1281,2025-11-17,Emergency Leave,1,Pending,2025,11,November
4310,1115,2025-12-26,Casual Leave,1,Approved,2025,12,December
4311,1008,2025-11-24,Sick Leave,1,Pending,2025,11,November
4312,1140,2025-08-03,Casual Leave,2,Approved,2025,8,August
4313,1263,2025-11-09,Sick Leave,1,Approved,2025,11,November
4314,1357,2025-01-27,Emergency Leave,1,Approved,2025,1,January
4315,1451,2025-08-18,Emergency Leave,3,Approved,2025,8,August
4316,1066,2025-09-07,Earned Leave,1,Approved,2025,9,September
4317,1422,2025-11-24,Casual Leave,1,Approved,2025,11,November
4318,1421,2025-10-25,Emergency Leave,1,Approved,2025,10,October
4319,1351,2025-12-05,Casual Leave,1,Approved,2025,12,December
4320,1437,2025-12-30,Sick Leave,1,Approved,2025,12,December
4321,1255,2025-12-17,Earned Leave,2,Approved,2025,12,December
4322,1427,2025-08-09,Emergency Leave,1,Approved,2025,8,August
4323,1261,2025-01-11,Earned Leave,2,Approved,2025,1,January
4324,1394,2025-02-22,Emergency Leave,2,Rejected,2025,2,February
4325,1057,2025-01-08,Earned Leave,1,Approved,2025,1,January
4326,1373,2025-10-25,Earned Leave,1,Rejected,2025,10,October
4327,1119,2025-07-20,Earned Leave,3,Rejected,2025,7,July
4328,1055,2025-08-11,Earned Leave,1,Approved,2025,8,August
4329,1006,2025-05-17,Emergency Leave,1,Rejected,2025,5,May
4330,1117,2025-03-05,Sick Leave,3,Rejected,2025,3,March
4331,1118,2025-09-01,Earned Leave,2,Approved,2025,9,September
4332,1286,2025-08-04,Sick Leave,2,Approved,2025,8,August
4333,1231,2025-02-22,Emergency Leave,1,Rejected,2025,2,February
4334,1128,2025-07-13,Emergency Leave,1,Pending,2025,7,July
4335,1478,2025-03-18,Casual Leave,2,Approved,2025,3,March
4336,1303,2025-01-15,Emergency Leave,3,Rejected,2025,1,January
4337,1349,2025-11-26,Earned Leave,2,Approved,2025,11,November
4338,1202,2025-12-28,Casual Leave,1,Approved,2025,12,December
4339,1360,2025-08-28,Sick Leave,3,Rejected,2025,8,August
4340,1461,2025-05-13,Emergency Leave,1,Approved,2025,5,May
4341,1096,2025-10-01,Casual Leave,3,Approved,2025,10,October
4342,1122,2025-05-27,Emergency Leave,2,Approved,2025,5,May
4343,1202,2025-10-08,Casual Leave,1,Pending,2025,10,October
4344,1087,2025-01-24,Emergency Leave,1,Approved,2025,1,January
4345,1148,2025-11-18,Emergency Leave,3,Approved,2025,11,November
4346,1269,2025-07-18,Emergency Leave,1,Approved,2025,7,July
4347,1337,2025-05-10,Emergency Leave,1,Approved,2025,5,May
4348,1312,2025-04-18,Casual Leave,1,Approved,2025,4,April
4349,1430,2025-03-23,Sick Leave,1,Approved,2025,3,March
4350,1334,2025-09-18,Casual Leave,1,Approved,2025,9,September
4351,1462,2025-12-21,Casual Leave,1,Approved,2025,12,December
4352,1326,2025-05-02,Emergency Leave,2,Approved,2025,5,May
4353,1340,2025-01-14,Emergency Leave,1,Approved,2025,1,January
4354,1496,2025-09-29,Emergency Leave,1,Rejected,2025,9,September
4355,1293,2025-11-15,Sick Leave,1,Approved,2025,11,November
4356,1444,2025-11-16,Earned Leave,2,Approved,2025,11,November
4357,1262,2025-10-31,Sick Leave,2,Approved,2025,10,October
4358,1032,2025-11-05,Casual Leave,1,Pending,2025,11,November
4359,1402,2025-08-13,Sick Leave,1,Rejected,2025,8,August
4360,1147,2025-04-24,Earned Leave,1,Approved,2025,4,April
4361,1133,2025-02-19,Earned Leave,1,Pending,2025,2,February
4362,1108,2025-06-05,Emergency Leave,1,Approved,2025,6,June
4363,1418,2025-04-22,Casual Leave,1,Approved,2025,4,April
4364,1305,2025-01-27,Sick Leave,1,Approved,2025,1,January
4365,1094,2025-01-06,Earned Leave,3,Approved,2025,1,January
4366,1379,2025-07-04,Earned Leave,1,Approved,2025,7,July
4367,1406,2025-07-30,Casual Leave,2,Rejected,2025,7,July
4368,1353,2025-09-02,Casual Leave,1,Rejected,2025,9,September
4369,1463,2025-05-04,Casual Leave,1,Approved,2025,5,May
4370,1347,2025-10-08,Sick Leave,1,Approved,2025,10,October
4371,1197,2025-02-22,Earned Leave,2,Approved,2025,2,February
4372,1380,2025-01-17,Casual Leave,2,Approved,2025,1,January
4373,1036,2025-08-04,Earned Leave,2,Approved,2025,8,August
4374,1049,2025-08-31,Earned Leave,1,Approved,2025,8,August
4375,1239,2025-01-02,Earned Leave,1,Rejected,2025,1,January
4376,1169,2025-11-19,Emergency Leave,2,Pending,2025,11,November
4377,1072,2025-07-29,Casual Leave,3,Approved,2025,7,July
4378,1342,2025-12-13,Casual Leave,1,Rejected,2025,12,December
4379,1164,2025-10-18,Earned Leave,1,Approved,2025,10,October
4380,1124,2025-04-01,Casual Leave,1,Approved,2025,4,April
4381,1204,2025-07-01,Sick Leave,1,Approved,2025,7,July
4382,1080,2025-03-05,Sick Leave,1,Approved,2025,3,March
4383,1197,2025-01-10,Earned Leave,1,Rejected,2025,1,January
4384,1451,2025-09-09,Emergency Leave,1,Rejected,2025,9,September
4385,1168,2025-08-15,Earned Leave,1,Approved,2025,8,August
4386,1397,2025-03-31,Earned Leave,2,Approved,2025,3,March
4387,1376,2025-04-17,Emergency Leave,1,Approved,2025,4,April
4388,1196,2025-08-27,Casual Leave,2,Approved,2025,8,August
4389,1453,2025-10-29,Casual Leave,1,Approved,2025,10,October
4390,1324,2025-04-20,Sick Leave,1,Approved,2025,4,April
4391,1312,2025-12-03,Emergency Leave,1,Approved,2025,12,December
4392,1449,2025-11-21,Emergency Leave,1,Pending,2025,11,November
4393,1003,2025-02-26,Earned Leave,2,Approved,2025,2,February
4394,1437,2025-12-10,Sick Leave,1,Approved,2025,12,December
4395,1175,2025-06-12,Casual Leave,2,Approved,2025,6,June
4396,1344,2025-04-15,Casual Leave,1,Rejected,2025,4,April
4397,1392,2025-04-13,Emergency Leave,1,Approved,2025,4,April
4398,1164,2025-03-23,Emergency Leave,1,Approved,2025,3,March
4399,1333,2025-10-31,Casual Leave,1,Approved,2025,10,October
4400,1363,2025-06-10,Emergency Leave,1,Pending,2025,6,June
4401,1108,2025-04-04,Emergency Leave,1,Approved,2025,4,April
4402,1156,2025-09-06,Sick Leave,1,Pending,2025,9,September
4403,1233,2025-01-22,Casual Leave,3,Rejected,2025,1,January
4404,1119,2025-05-17,Earned Leave,1,Approved,2025,5,May
4405,1396,2025-05-11,Casual Leave,2,Approved,2025,5,May
4406,1171,2025-03-14,Emergency Leave,2,Approved,2025,3,March
4407,1019,2025-06-07,Sick Leave,1,Approved,2025,6,June
4408,1471,2025-10-13,Casual Leave,2,Pending,2025,10,October
4409,1449,2025-03-16,Earned Leave,1,Approved,2025,3,March
4410,1430,2025-04-09,Sick Leave,1,Approved,2025,4,April
4411,1087,2025-04-12,Emergency Leave,1,Approved,2025,4,April
4412,1497,2025-07-14,Casual Leave,2,Approved,2025,7,July
4413,1252,2025-12-30,Emergency Leave,1,Approved,2025,12,December
4414,1217,2025-08-26,Emergency Leave,1,Pending,2025,8,August
4415,1310,2025-01-01,Casual Leave,1,Rejected,2025,1,January
4416,1437,2025-03-10,Casual Leave,1,Approved,2025,3,March
4417,1119,2025-02-20,Sick Leave,1,Approved,2025,2,February
4418,1281,2025-03-02,Earned Leave,1,Pending,2025,3,March
4419,1463,2025-04-03,Casual Leave,1,Approved,2025,4,April
4420,1222,2025-11-09,Emergency Leave,1,Approved,2025,11,November
4421,1391,2025-12-28,Emergency Leave,1,Approved,2025,12,December
4422,1036,2025-08-22,Sick Leave,1,Approved,2025,8,August
4423,1375,2025-01-19,Sick Leave,2,Approved,2025,1,January
4424,1341,2025-03-27,Casual Leave,1,Approved,2025,3,March
4425,1045,2025-05-05,Casual Leave,1,Approved,2025,5,May
4426,1118,2025-02-26,Emergency Leave,1,Rejected,2025,2,February
4427,1282,2025-06-27,Casual Leave,1,Approved,2025,6,June
4428,1300,2025-03-14,Sick Leave,1,Approved,2025,3,March
4429,1364,2025-06-28,Casual Leave,1,Approved,2025,6,June
4430,1164,2025-09-08,Casual Leave,2,Pending,2025,9,September
4431,1451,2025-12-23,Emergency Leave,2,Approved,2025,12,December
4432,1146,2025-10-10,Sick Leave,1,Approved,2025,10,October
4433,1259,2025-03-15,Casual Leave,1,Approved,2025,3,March
4434,1215,2025-02-08,Earned Leave,1,Approved,2025,2,February
4435,1358,2025-07-31,Casual Leave,1,Approved,2025,7,July
4436,1073,2025-12-10,Casual Leave,1,Approved,2025,12,December
4437,1454,2025-11-04,Casual Leave,1,Approved,2025,11,November
4438,1314,2025-07-02,Sick Leave,1,Pending,2025,7,July
4439,1335,2025-07-25,Earned Leave,1,Approved,2025,7,July
4440,1183,2025-05-17,Sick Leave,1,Approved,2025,5,May
4441,1142,2025-11-21,Casual Leave,1,Approved,2025,11,November
4442,1051,2025-10-18,Sick Leave,1,Approved,2025,10,October
4443,1229,2025-10-07,Sick Leave,1,Pending,2025,10,October
4444,1406,2025-05-25,Sick Leave,1,Approved,2025,5,May
4445,1267,2025-09-23,Casual Leave,1,Approved,2025,9,September
4446,1202,2025-12-30,Casual Leave,1,Approved,2025,12,December
4447,1287,2025-04-11,Sick Leave,3,Approved,2025,4,April
4448,1167,2025-03-13,Sick Leave,1,Approved,2025,3,March
4449,1391,2025-04-19,Sick Leave,1,Approved,2025,4,April
4450,1160,2025-07-16,Emergency Leave,1,Approved,2025,7,July
4451,1162,2025-12-02,Sick Leave,1,Approved,2025,12,December
4452,1207,2025-05-13,Emergency Leave,2,Pending,2025,5,May
4453,1014,2025-12-30,Casual Leave,1,Approved,2025,12,December
4454,1070,2025-04-27,Sick Leave,1,Approved,2025,4,April
4455,1468,2025-02-17,Emergency Leave,2,Approved,2025,2,February
4456,1470,2025-06-10,Sick Leave,1,Approved,2025,6,June
4457,1489,2025-02-24,Emergency Leave,1,Approved,2025,2,February
4458,1106,2025-01-05,Emergency Leave,2,Pending,2025,1,January
4459,1065,2025-10-27,Earned Leave,1,Approved,2025,10,October
4460,1453,2025-01-20,Earned Leave,1,Approved,2025,1,January
4461,1286,2025-04-10,Casual Leave,1,Approved,2025,4,April
4462,1429,2025-08-16,Emergency Leave,2,Approved,2025,8,August
4463,1077,2025-12-10,Emergency Leave,1,Rejected,2025,12,December
4464,1364,2025-12-09,Earned Leave,1,Rejected,2025,12,December
4465,1355,2025-06-17,Earned Leave,2,Approved,2025,6,June
4466,1217,2025-03-26,Earned Leave,3,Approved,2025,3,March
4467,1174,2025-02-14,Casual Leave,1,Approved,2025,2,February
4468,1337,2025-07-04,Sick Leave,1,Approved,2025,7,July
4469,1420,2025-03-29,Sick Leave,1,Approved,2025,3,March
4470,1327,2025-07-22,Casual Leave,1,Pending,2025,7,July
4471,1497,2025-05-20,Sick Leave,1,Approved,2025,5,May
4472,1475,2025-02-08,Sick Leave,1,Approved,2025,2,February
4473,1352,2025-12-22,Sick Leave,1,Approved,2025,12,December
4474,1158,2025-05-06,Emergency Leave,1,Approved,2025,5,May
4475,1265,2025-07-27,Earned Leave,1,Approved,2025,7,July
4476,1250,2025-05-01,Sick Leave,1,Approved,2025,5,May
4477,1230,2025-03-13,Emergency Leave,3,Approved,2025,3,March
4478,1199,2025-09-13,Sick Leave,1,Approved,2025,9,September
4479,1109,2025-12-17,Earned Leave,1,Rejected,2025,12,December
4480,1342,2025-03-04,Sick Leave,1,Approved,2025,3,March
4481,1142,2025-12-06,Earned Leave,1,Rejected,2025,12,December
4482,1452,2025-08-21,Casual Leave,1,Approved,2025,8,August
4483,1087,2025-07-05,Casual Leave,3,Approved,2025,7,July
4484,1127,2025-06-11,Earned Leave,1,Approved,2025,6,June
4485,1433,2025-10-26,Sick Leave,1,Approved,2025,10,October
4486,1410,2025-07-26,Casual Leave,1,Approved,2025,7,July
4487,1183,2025-09-23,Casual Leave,2,Approved,2025,9,September
4488,1135,2025-09-20,Emergency Leave,1,Approved,2025,9,September
4489,1207,2025-09-23,Sick Leave,1,Approved,2025,9,September
4490,1495,2025-06-23,Sick Leave,1,Pending,2025,6,June
4491,1427,2025-07-31,Emergency Leave,1,Approved,2025,7,July
4492,1018,2025-10-14,Casual Leave,1,Rejected,2025,10,October
4493,1445,2025-07-28,Emergency Leave,1,Approved,2025,7,July
4494,1042,2025-09-19,Casual Leave,2,Approved,2025,9,September
4495,1448,2025-05-21,Emergency Leave,3,Rejected,2025,5,May
4496,1486,2025-02-28,Emergency Leave,1,Approved,2025,2,February
4497,1071,2025-10-10,Earned Leave,1,Approved,2025,10,October
4498,1334,2025-07-18,Earned Leave,1,Approved,2025,7,July
4499,1198,2025-07-07,Emergency Leave,1,Approved,2025,7,July
4500,1463,2025-02-24,Emergency Leave,2,Pending,2025,2,February
4501,1017,2025-08-24,Earned Leave,1,Approved,2025,8,August
4502,1315,2025-02-27,Emergency Leave,1,Approved,2025,2,February
4503,1456,2025-11-23,Casual Leave,1,Approved,2025,11,November
4504,1439,2025-12-21,Emergency Leave,1,Approved,2025,12,December
4505,1140,2025-04-22,Sick Leave,1,Approved,2025,4,April
4506,1078,2025-09-15,Sick Leave,3,Rejected,2025,9,September
4507,1142,2025-11-07,Earned Leave,2,Rejected,2025,11,November
4508,1030,2025-03-26,Sick Leave,1,Approved,2025,3,March
4509,1031,2025-11-12,Emergency Leave,1,Approved,2025,11,November
4510,1028,2025-10-31,Casual Leave,1,Pending,2025,10,October
4511,1485,2025-09-29,Casual Leave,1,Approved,2025,9,September
4512,1377,2025-12-21,Emergency Leave,1,Approved,2025,12,December
4513,1316,2025-03-15,Sick Leave,1,Approved,2025,3,March
4514,1284,2025-06-03,Sick Leave,1,Approved,2025,6,June
4515,1381,2025-04-03,Casual Leave,1,Approved,2025,4,April
4516,1178,2025-10-15,Earned Leave,1,Approved,2025,10,October
4517,1178,2025-04-20,Earned Leave,1,Approved,2025,4,April
4518,1483,2025-07-08,Sick Leave,1,Approved,2025,7,July
4519,1454,2025-09-04,Sick Leave,1,Approved,2025,9,September
4520,1394,2025-10-17,Emergency Leave,1,Approved,2025,10,October
4521,1410,2025-07-16,Sick Leave,1,Approved,2025,7,July
4522,1098,2025-10-07,Earned Leave,1,Approved,2025,10,October
4523,1107,2025-11-16,Earned Leave,1,Approved,2025,11,November
4524,1217,2025-04-05,Earned Leave,1,Approved,2025,4,April
4525,1436,2025-10-26,Earned Leave,2,Approved,2025,10,October
4526,1200,2025-07-11,Casual Leave,2,Approved,2025,7,July
4527,1227,2025-02-11,Emergency Leave,1,Approved,2025,2,February
4528,1102,2025-09-26,Casual Leave,1,Approved,2025,9,September
4529,1457,2025-06-21,Sick Leave,1,Approved,2025,6,June
4530,1188,2025-06-16,Emergency Leave,1,Rejected,2025,6,June
4531,1450,2025-08-21,Sick Leave,1,Approved,2025,8,August
4532,1483,2025-05-27,Earned Leave,1,Approved,2025,5,May
4533,1257,2025-09-28,Casual Leave,2,Approved,2025,9,September
4534,1168,2025-09-21,Earned Leave,2,Pending,2025,9,September
4535,1076,2025-11-17,Casual Leave,1,Approved,2025,11,November
4536,1438,2025-10-02,Sick Leave,2,Approved,2025,10,October
4537,1143,2025-09-11,Casual Leave,1,Approved,2025,9,September
4538,1433,2025-08-26,Casual Leave,1,Approved,2025,8,August
4539,1082,2025-03-07,Earned Leave,1,Approved,2025,3,March
4540,1181,2025-09-09,Earned Leave,2,Approved,2025,9,September
4541,1142,2025-03-26,Emergency Leave,1,Approved,2025,3,March
4542,1036,2025-06-13,Sick Leave,1,Rejected,2025,6,June
4543,1393,2025-12-05,Sick Leave,2,Approved,2025,12,December
4544,1288,2025-01-14,Sick Leave,1,Approved,2025,1,January
4545,1477,2025-07-16,Earned Leave,1,Approved,2025,7,July
4546,1484,2025-09-15,Emergency Leave,1,Approved,2025,9,September
4547,1488,2025-01-13,Casual Leave,3,Approved,2025,1,January
4548,1194,2025-04-01,Emergency Leave,1,Approved,2025,4,April
4549,1226,2025-05-01,Earned Leave,3,Approved,2025,5,May
4550,1271,2025-09-29,Emergency Leave,1,Approved,2025,9,September
4551,1244,2025-08-12,Emergency Leave,2,Approved,2025,8,August
4552,1447,2025-01-09,Sick Leave,1,Approved,2025,1,January
4553,1038,2025-05-08,Earned Leave,1,Pending,2025,5,May
4554,1042,2025-08-18,Emergency Leave,1,Approved,2025,8,August
4555,1013,2025-08-21,Sick Leave,1,Approved,2025,8,August
4556,1325,2025-07-18,Casual Leave,2,Approved,2025,7,July
4557,1192,2025-08-14,Earned Leave,1,Pending,2025,8,August
4558,1161,2025-06-25,Emergency Leave,1,Approved,2025,6,June
4559,1223,2025-11-13,Casual Leave,1,Approved,2025,11,November
4560,1350,2025-05-18,Casual Leave,2,Pending,2025,5,May
4561,1149,2025-08-01,Earned Leave,1,Approved,2025,8,August
4562,1284,2025-05-18,Casual Leave,1,Approved,2025,5,May
4563,1485,2025-05-06,Emergency Leave,1,Approved,2025,5,May
4564,1227,2025-03-05,Earned Leave,1,Rejected,2025,3,March
4565,1493,2025-10-14,Earned Leave,1,Approved,2025,10,October
4566,1005,2025-02-08,Emergency Leave,1,Rejected,2025,2,February
4567,1139,2025-08-30,Sick Leave,1,Approved,2025,8,August
4568,1461,2025-09-29,Earned Leave,1,Approved,2025,9,September
4569,1374,2025-05-27,Earned Leave,1,Approved,2025,5,May
4570,1290,2025-08-12,Sick Leave,1,Rejected,2025,8,August
4571,1085,2025-03-31,Casual Leave,3,Approved,2025,3,March
4572,1038,2025-11-30,Earned Leave,1,Approved,2025,11,November
4573,1336,2025-01-10,Emergency Leave,1,Approved,2025,1,January
4574,1299,2025-04-27,Earned Leave,1,Approved,2025,4,April
4575,1136,2025-10-25,Emergency Leave,1,Pending,2025,10,October
4576,1405,2025-06-15,Emergency Leave,1,Approved,2025,6,June
4577,1447,2025-11-19,Emergency Leave,1,Approved,2025,11,November
4578,1395,2025-07-19,Emergency Leave,1,Approved,2025,7,July
4579,1104,2025-07-24,Casual Leave,1,Approved,2025,7,July
4580,1216,2025-06-05,Earned Leave,1,Approved,2025,6,June
4581,1215,2025-10-30,Earned Leave,1,Approved,2025,10,October
4582,1446,2025-05-03,Sick Leave,2,Approved,2025,5,May
4583,1022,2025-08-12,Casual Leave,1,Approved,2025,8,August
4584,1111,2025-01-16,Earned Leave,2,Approved,2025,1,January
4585,1285,2025-11-19,Sick Leave,1,Approved,2025,11,November
4586,1440,2025-01-13,Emergency Leave,1,Approved,2025,1,January
4587,1037,2025-03-13,Earned Leave,1,Approved,2025,3,March
4588,1022,2025-12-20,Earned Leave,1,Pending,2025,12,December
4589,1458,2025-11-12,Casual Leave,1,Approved,2025,11,November
4590,1375,2025-07-10,Earned Leave,2,Approved,2025,7,July
4591,1226,2025-11-05,Sick Leave,1,Approved,2025,11,November
4592,1209,2025-02-16,Emergency Leave,1,Rejected,2025,2,February
4593,1065,2025-03-29,Casual Leave,1,Approved,2025,3,March
4594,1301,2025-05-25,Casual Leave,1,Approved,2025,5,May
4595,1245,2025-12-08,Sick Leave,1,Approved,2025,12,December
4596,1134,2025-01-13,Casual Leave,2,Approved,2025,1,January
4597,1157,2025-04-05,Earned Leave,1,Rejected,2025,4,April
4598,1413,2025-05-25,Earned Leave,1,Approved,2025,5,May
4599,1257,2025-07-23,Earned Leave,1,Approved,2025,7,July
4600,1478,2025-01-31,Casual Leave,1,Approved,2025,1,January
4601,1167,2025-09-06,Casual Leave,1,Rejected,2025,9,September
4602,1204,2025-11-26,Casual Leave,1,Approved,2025,11,November
4603,1151,2025-06-16,Casual Leave,1,Approved,2025,6,June
4604,1076,2025-01-15,Sick Leave,1,Approved,2025,1,January
4605,1168,2025-03-06,Earned Leave,1,Approved,2025,3,March
4606,1320,2025-03-12,Sick Leave,1,Rejected,2025,3,March
4607,1283,2025-06-03,Earned Leave,1,Approved,2025,6,June
4608,1157,2025-12-01,Earned Leave,1,Approved,2025,12,December
4609,1284,2025-04-18,Earned Leave,1,Approved,2025,4,April
4610,1232,2025-02-12,Emergency Leave,1,Approved,2025,2,February
4611,1155,2025-09-16,Earned Leave,2,Pending,2025,9,September
4612,1318,2025-08-30,Emergency Leave,1,Approved,2025,8,August
4613,1492,2025-07-10,Emergency Leave,1,Approved,2025,7,July
4614,1037,2025-12-27,Casual Leave,1,Approved,2025,12,December
4615,1499,2025-03-21,Casual Leave,1,Approved,2025,3,March
4616,1117,2025-09-20,Sick Leave,3,Pending,2025,9,September
4617,1229,2025-04-09,Casual Leave,1,Approved,2025,4,April
4618,1439,2025-03-19,Emergency Leave,1,Approved,2025,3,March
4619,1429,2025-05-05,Emergency Leave,1,Rejected,2025,5,May
4620,1057,2025-09-29,Casual Leave,1,Approved,2025,9,September
4621,1247,2025-02-16,Emergency Leave,1,Approved,2025,2,February
4622,1003,2025-10-20,Casual Leave,2,Approved,2025,10,October
4623,1263,2025-09-08,Earned Leave,2,Approved,2025,9,September
4624,1306,2025-08-13,Emergency Leave,1,Pending,2025,8,August
4625,1092,2025-08-12,Sick Leave,1,Pending,2025,8,August
4626,1209,2025-12-03,Sick Leave,1,Approved,2025,12,December
4627,1479,2025-03-30,Sick Leave,1,Approved,2025,3,March
4628,1112,2025-11-02,Emergency Leave,2,Approved,2025,11,November
4629,1360,2025-12-03,Casual Leave,1,Approved,2025,12,December
4630,1059,2025-11-14,Casual Leave,1,Rejected,2025,11,November
4631,1184,2025-05-15,Sick Leave,2,Approved,2025,5,May
4632,1214,2025-11-27,Emergency Leave,1,Rejected,2025,11,November
4633,1284,2025-10-25,Casual Leave,2,Approved,2025,10,October
4634,1054,2025-10-30,Sick Leave,2,Pending,2025,10,October
4635,1248,2025-11-18,Emergency Leave,2,Pending,2025,11,November
4636,1025,2025-12-16,Casual Leave,1,Pending,2025,12,December
4637,1120,2025-02-09,Emergency Leave,2,Approved,2025,2,February
4638,1170,2025-05-08,Emergency Leave,1,Rejected,2025,5,May
4639,1187,2025-04-25,Casual Leave,3,Approved,2025,4,April
4640,1087,2025-05-21,Casual Leave,2,Approved,2025,5,May
4641,1042,2025-10-27,Earned Leave,1,Approved,2025,10,October
4642,1045,2025-11-05,Unknown,2,Approved,2025,11,November
4643,1370,2025-05-06,Emergency Leave,2,Approved,2025,5,May
4644,1131,2025-09-16,Casual Leave,1,Approved,2025,9,September
4645,1465,2025-10-23,Casual Leave,1,Approved,2025,10,October
4646,1095,2025-12-26,Emergency Leave,1,Approved,2025,12,December
4647,1311,2025-11-30,Emergency Leave,1,Approved,2025,11,November
4648,1076,2025-06-21,Casual Leave,1,Approved,2025,6,June
4649,1487,2025-01-20,Earned Leave,1,Approved,2025,1,January
4650,1412,2025-02-27,Casual Leave,1,Approved,2025,2,February
4651,1160,2025-12-30,Casual Leave,1,Approved,2025,12,December
4652,1099,2025-08-05,Earned Leave,2,Approved,2025,8,August
4653,1457,2025-02-05,Emergency Leave,1,Approved,2025,2,February
4654,1360,2025-08-27,Sick Leave,1,Approved,2025,8,August
4655,1458,2025-12-16,Sick Leave,3,Approved,2025,12,December
4656,1130,2025-02-26,Earned Leave,1,Rejected,2025,2,February
4657,1099,2025-05-29,Sick Leave,2,Approved,2025,5,May
4658,1480,2025-07-31,Casual Leave,1,Approved,2025,7,July
4659,1136,2025-09-09,Emergency Leave,1,Approved,2025,9,September
4660,1168,2025-12-04,Earned Leave,1,Rejected,2025,12,December
4661,1256,2025-10-02,Casual Leave,1,Approved,2025,10,October
4662,1071,2025-02-24,Sick Leave,2,Approved,2025,2,February
4663,1447,2025-07-17,Casual Leave,1,Approved,2025,7,July
4664,1220,2025-06-18,Emergency Leave,2,Pending,2025,6,June
4665,1373,2025-09-01,Casual Leave,1,Approved,2025,9,September
4666,1434,2025-12-17,Sick Leave,1,Approved,2025,12,December
4667,1054,2025-01-12,Emergency Leave,3,Approved,2025,1,January
4668,1371,2025-11-16,Casual Leave,3,Rejected,2025,11,November
4669,1330,2025-04-15,Sick Leave,2,Approved,2025,4,April
4670,1500,2025-08-03,Casual Leave,2,Rejected,2025,8,August
4671,1218,2025-10-14,Casual Leave,1,Approved,2025,10,October
4672,1039,2025-04-17,Sick Leave,1,Approved,2025,4,April
4673,1226,2025-05-25,Emergency Leave,3,Approved,2025,5,May
4674,1086,2025-07-15,Earned Leave,1,Approved,2025,7,July
4675,1407,2025-07-17,Sick Leave,3,Pending,2025,7,July
4676,1142,2025-07-11,Casual Leave,1,Pending,2025,7,July
4677,1116,2025-08-29,Sick Leave,1,Approved,2025,8,August
4678,1178,2025-08-16,Casual Leave,1,Approved,2025,8,August
4679,1126,2025-08-21,Earned Leave,1,Approved,2025,8,August
4680,1116,2025-06-24,Emergency Leave,2,Approved,2025,6,June
4681,1296,2025-04-28,Casual Leave,1,Approved,2025,4,April
4682,1426,2025-02-24,Earned Leave,1,Approved,2025,2,February
4683,1092,2025-01-07,Emergency Leave,1,Approved,2025,1,January
4684,1043,2025-11-26,Sick Leave,1,Approved,2025,11,November
4685,1351,2025-12-28,Earned Leave,1,Approved,2025,12,December
4686,1109,2025-10-05,Sick Leave,1,Approved,2025,10,October
4687,1002,2025-11-30,Emergency Leave,1,Approved,2025,11,November
4688,1263,2025-10-10,Earned Leave,1,Rejected,2025,10,October
4689,1420,2025-10-05,Sick Leave,2,Pending,2025,10,October
4690,1290,2025-11-03,Emergency Leave,1,Pending,2025,11,November
4691,1442,2025-06-07,Earned Leave,1,Approved,2025,6,June
4692,1291,2025-05-20,Emergency Leave,1,Approved,2025,5,May
4693,1300,2025-09-29,Earned Leave,1,Approved,2025,9,September
4694,1221,2025-12-06,Sick Leave,1,Approved,2025,12,December
4695,1303,2025-02-23,Emergency Leave,1,Approved,2025,2,February
4696,1342,2025-04-30,Earned Leave,2,Approved,2025,4,April
4697,1426,2025-06-12,Emergency Leave,2,Approved,2025,6,June
4698,1338,2025-12-30,Emergency Leave,1,Pending,2025,12,December
4699,1055,2025-03-25,Sick Leave,1,Approved,2025,3,March
4700,1440,2025-09-24,Earned Leave,1,Approved,2025,9,September
4701,1186,2025-11-27,Sick Leave,1,Rejected,2025,11,November
4702,1430,2025-06-17,Earned Leave,1,Approved,2025,6,June
4703,1337,2025-09-16,Casual Leave,1,Approved,2025,9,September
4704,1203,2025-09-16,Sick Leave,2,Approved,2025,9,September
4705,1316,2025-05-11,Casual Leave,1,Approved,2025,5,May
4706,1093,2025-06-20,Emergency Leave,1,Approved,2025,6,June
4707,1205,2025-07-29,Emergency Leave,2,Approved,2025,7,July
4708,1137,2025-01-14,Earned Leave,2,Rejected,2025,1,January
4709,1314,2025-03-26,Casual Leave,1,Pending,2025,3,March
4710,1324,2025-04-19,Casual Leave,1,Approved,2025,4,April
4711,1233,2025-02-09,Casual Leave,1,Approved,2025,2,February
4712,1284,2025-07-07,Casual Leave,1,Approved,2025,7,July
4713,1372,2025-01-01,Earned Leave,1,Pending,2025,1,January
4714,1325,2025-11-13,Casual Leave,1,Rejected,2025,11,November
4715,1287,2025-12-07,Casual Leave,1,Approved,2025,12,December
4716,1092,2025-08-01,Earned Leave,1,Approved,2025,8,August
4717,1279,2025-07-31,Casual Leave,1,Approved,2025,7,July
4718,1144,2025-11-11,Sick Leave,1,Approved,2025,11,November
4719,1366,2025-06-12,Casual Leave,1,Approved,2025,6,June
4720,1105,2025-04-27,Sick Leave,1,Rejected,2025,4,April
4721,1435,2025-09-27,Emergency Leave,1,Approved,2025,9,September
4722,1004,2025-10-01,Earned Leave,1,Approved,2025,10,October
4723,1103,2025-07-21,Sick Leave,2,Rejected,2025,7,July
4724,1091,2025-07-13,Sick Leave,1,Approved,2025,7,July
4725,1416,2025-05-16,Casual Leave,1,Approved,2025,5,May
4726,1081,2025-08-10,Casual Leave,3,Approved,2025,8,August
4727,1325,2025-11-12,Earned Leave,1,Approved,2025,11,November
4728,1392,2025-12-13,Emergency Leave,1,Approved,2025,12,December
4729,1429,2025-07-19,Casual Leave,2,Approved,2025,7,July
4730,1222,2025-07-04,Sick Leave,2,Approved,2025,7,July
4731,1280,2025-10-15,Casual Leave,3,Approved,2025,10,October
4732,1497,2025-07-04,Emergency Leave,1,Approved,2025,7,July
4733,1211,2025-01-03,Casual Leave,1,Approved,2025,1,January
4734,1006,2025-06-18,Emergency Leave,1,Approved,2025,6,June
4735,1307,2025-10-19,Casual Leave,1,Approved,2025,10,October
4736,1473,2025-01-31,Casual Leave,2,Rejected,2025,1,January
4737,1439,2025-06-29,Sick Leave,1,Approved,2025,6,June
4738,1197,2025-05-06,Earned Leave,3,Approved,2025,5,May
4739,1177,2025-06-29,Earned Leave,1,Rejected,2025,6,June
4740,1095,2025-07-12,Emergency Leave,1,Approved,2025,7,July
4741,1431,2025-09-14,Casual Leave,3,Approved,2025,9,September
4742,1325,2025-05-23,Sick Leave,1,Approved,2025,5,May
4743,1116,2025-04-27,Emergency Leave,1,Approved,2025,4,April
4744,1448,2025-02-03,Earned Leave,1,Approved,2025,2,February
4745,1016,2025-11-14,Sick Leave,1,Approved,2025,11,November
4746,1312,2025-02-13,Casual Leave,1,Pending,2025,2,February
4747,1002,2025-05-12,Sick Leave,2,Rejected,2025,5,May
4748,1283,2025-07-26,Sick Leave,1,Approved,2025,7,July
4749,1086,2025-06-28,Casual Leave,2,Approved,2025,6,June
4750,1198,2025-02-22,Casual Leave,1,Approved,2025,2,February
4751,1444,2025-09-06,Casual Leave,1,Approved,2025,9,September
4752,1148,2025-11-15,Emergency Leave,1,Approved,2025,11,November
4753,1331,2025-03-07,Sick Leave,1,Approved,2025,3,March
4754,1430,2025-09-13,Emergency Leave,1,Approved,2025,9,September
4755,1113,2025-08-08,Earned Leave,1,Approved,2025,8,August
4756,1489,2025-04-14,Emergency Leave,2,Approved,2025,4,April
4757,1110,2025-05-15,Casual Leave,1,Approved,2025,5,May
4758,1103,2025-11-21,Sick Leave,3,Rejected,2025,11,November
4759,1027,2025-09-17,Casual Leave,1,Pending,2025,9,September
4760,1437,2025-07-17,Sick Leave,3,Approved,2025,7,July
4761,1323,2025-11-03,Sick Leave,1,Approved,2025,11,November
4762,1243,2025-09-25,Earned Leave,1,Approved,2025,9,September
4763,1278,2025-03-27,Earned Leave,2,Approved,2025,3,March
4764,1249,2025-03-29,Sick Leave,1,Pending,2025,3,March
4765,1166,2025-07-16,Sick Leave,1,Approved,2025,7,July
4766,1461,2025-01-17,Sick Leave,1,Approved,2025,1,January
4767,1074,2025-03-20,Earned Leave,2,Approved,2025,3,March
4768,1263,2025-02-16,Sick Leave,2,Approved,2025,2,February
4769,1487,2025-04-17,Emergency Leave,1,Approved,2025,4,April
4770,1466,2025-08-23,Earned Leave,1,Approved,2025,8,August
4771,1154,2025-12-05,Earned Leave,1,Rejected,2025,12,December
4772,1422,2025-01-29,Casual Leave,1,Pending,2025,1,January
4773,1430,2025-05-02,Emergency Leave,1,Approved,2025,5,May
4774,1289,2025-10-31,Sick Leave,1,Pending,2025,10,October
4775,1021,2025-07-12,Emergency Leave,2,Rejected,2025,7,July
4776,1173,2025-08-29,Earned Leave,1,Pending,2025,8,August
4777,1099,2025-03-21,Casual Leave,2,Approved,2025,3,March
4778,1063,2025-10-17,Casual Leave,1,Approved,2025,10,October
4779,1003,2025-11-13,Sick Leave,1,Approved,2025,11,November
4780,1119,2025-02-22,Sick Leave,1,Rejected,2025,2,February
4781,1282,2025-09-13,Earned Leave,2,Rejected,2025,9,September
4782,1484,2025-04-25,Earned Leave,1,Approved,2025,4,April
4783,1085,2025-07-01,Emergency Leave,1,Approved,2025,7,July
4784,1252,2025-10-12,Sick Leave,1,Approved,2025,10,October
4785,1399,2025-08-02,Casual Leave,2,Approved,2025,8,August
4786,1121,2025-08-17,Casual Leave,1,Approved,2025,8,August
4787,1267,2025-02-25,Emergency Leave,1,Approved,2025,2,February
4788,1496,2025-07-24,Emergency Leave,1,Approved,2025,7,July
4789,1314,2025-12-31,Sick Leave,3,Approved,2025,12,December
4790,1403,2025-05-28,Emergency Leave,1,Approved,2025,5,May
4791,1261,2025-03-09,Casual Leave,1,Approved,2025,3,March
4792,1076,2025-09-28,Casual Leave,2,Rejected,2025,9,September
4793,1461,2025-10-28,Sick Leave,1,Approved,2025,10,October
4794,1157,2025-01-17,Emergency Leave,1,Rejected,2025,1,January
4795,1168,2025-02-23,Sick Leave,1,Approved,2025,2,February
4796,1050,2025-07-24,Emergency Leave,1,Approved,2025,7,July
4797,1484,2025-03-31,Casual Leave,1,Approved,2025,3,March
4798,1391,2025-05-31,Sick Leave,1,Approved,2025,5,May
4799,1359,2025-06-03,Sick Leave,2,Approved,2025,6,June
4800,1165,2025-11-10,Sick Leave,1,Approved,2025,11,November
4801,1026,2025-04-03,Emergency Leave,1,Rejected,2025,4,April
4802,1150,2025-03-10,Sick Leave,1,Approved,2025,3,March
4803,1245,2025-03-31,Earned Leave,1,Approved,2025,3,March
4804,1074,2025-12-19,Earned Leave,3,Approved,2025,12,December
4805,1429,2025-02-15,Sick Leave,2,Approved,2025,2,February
4806,1338,2025-06-02,Emergency Leave,1,Pending,2025,6,June
4807,1269,2025-02-17,Sick Leave,1,Approved,2025,2,February
4808,1433,2025-11-20,Sick Leave,1,Approved,2025,11,November
4809,1209,2025-10-08,Emergency Leave,1,Approved,2025,10,October
4810,1437,2025-07-03,Sick Leave,1,Rejected,2025,7,July
4811,1308,2025-08-03,Earned Leave,2,Approved,2025,8,August
4812,1216,2025-03-06,Earned Leave,1,Approved,2025,3,March
4813,1468,2025-02-24,Sick Leave,1,Pending,2025,2,February
4814,1106,2025-12-03,Sick Leave,1,Approved,2025,12,December
4815,1438,2025-05-09,Casual Leave,2,Approved,2025,5,May
4816,1327,2025-10-23,Earned Leave,2,Approved,2025,10,October
4817,1084,2025-12-03,Sick Leave,1,Approved,2025,12,December
4818,1330,2025-05-11,Emergency Leave,1,Pending,2025,5,May
4819,1065,2025-06-01,Casual Leave,1,Approved,2025,6,June
4820,1082,2025-08-23,Emergency Leave,1,Approved,2025,8,August
4821,1027,2025-07-06,Emergency Leave,3,Approved,2025,7,July
4822,1215,2025-01-03,Sick Leave,1,Approved,2025,1,January
4823,1243,2025-09-28,Emergency Leave,1,Rejected,2025,9,September
4824,1060,2025-04-20,Emergency Leave,1,Approved,2025,4,April
4825,1474,2025-03-03,Emergency Leave,1,Approved,2025,3,March
4826,1093,2025-07-12,Earned Leave,1,Approved,2025,7,July
4827,1033,2025-03-20,Sick Leave,3,Approved,2025,3,March
4828,1500,2025-01-03,Sick Leave,1,Approved,2025,1,January
4829,1484,2025-11-02,Emergency Leave,1,Approved,2025,11,November
4830,1120,2025-05-07,Earned Leave,1,Rejected,2025,5,May
4831,1410,2025-02-28,Casual Leave,1,Approved,2025,2,February
4832,1369,2025-11-11,Earned Leave,1,Approved,2025,11,November
4833,1406,2025-07-21,Casual Leave,1,Pending,2025,7,July
4834,1472,2025-08-07,Casual Leave,1,Approved,2025,8,August
4835,1221,2025-08-25,Emergency Leave,1,Approved,2025,8,August
4836,1152,2025-12-01,Earned Leave,1,Approved,2025,12,December
4837,1122,2025-04-11,Casual Leave,1,Approved,2025,4,April
4838,1453,2025-04-20,Casual Leave,1,Approved,2025,4,April
4839,1400,2025-02-23,Casual Leave,2,Approved,2025,2,February
4840,1176,2025-11-01,Emergency Leave,1,Approved,2025,11,November
4841,1113,2025-08-10,Casual Leave,1,Approved,2025,8,August
4842,1279,2025-06-29,Casual Leave,1,Approved,2025,6,June
4843,1306,2025-12-13,Casual Leave,1,Approved,2025,12,December
4844,1240,2025-10-28,Earned Leave,2,Approved,2025,10,October
4845,1220,2025-01-08,Earned Leave,1,Rejected,2025,1,January
4846,1010,2025-11-27,Emergency Leave,1,Approved,2025,11,November
4847,1409,2025-11-22,Emergency Leave,1,Approved,2025,11,November
4848,1055,2025-03-21,Sick Leave,1,Approved,2025,3,March
4849,1400,2025-04-25,Emergency Leave,1,Pending,2025,4,April
4850,1049,2025-07-13,Emergency Leave,1,Approved,2025,7,July
4851,1210,2025-11-30,Earned Leave,1,Approved,2025,11,November
4852,1485,2025-12-11,Earned Leave,1,Approved,2025,12,December
4853,1335,2025-02-25,Emergency Leave,2,Approved,2025,2,February
4854,1253,2025-04-13,Sick Leave,3,Approved,2025,4,April
4855,1240,2025-10-21,Emergency Leave,1,Approved,2025,10,October
4856,1461,2025-01-10,Sick Leave,1,Rejected,2025,1,January
4857,1281,2025-10-15,Sick Leave,2,Approved,2025,10,October
4858,1107,2025-05-29,Earned Leave,1,Approved,2025,5,May
4859,1161,2025-11-10,Emergency Leave,1,Approved,2025,11,November
4860,1140,2025-12-27,Emergency Leave,1,Approved,2025,12,December
4861,1321,2025-12-09,Emergency Leave,2,Approved,2025,12,December
4862,1221,2025-06-20,Casual Leave,1,Approved,2025,6,June
4863,1498,2025-12-25,Sick Leave,2,Pending,2025,12,December
4864,1173,2025-08-28,Sick Leave,2,Approved,2025,8,August
4865,1163,2025-12-05,Casual Leave,1,Approved,2025,12,December
4866,1465,2025-06-19,Earned Leave,1,Approved,2025,6,June
4867,1150,2025-07-30,Earned Leave,1,Approved,2025,7,July
4868,1267,2025-04-03,Emergency Leave,1,Approved,2025,4,April
4869,1159,2025-02-24,Earned Leave,1,Approved,2025,2,February
4870,1411,2025-08-27,Casual Leave,2,Approved,2025,8,August
4871,1001,2025-02-27,Casual Leave,1,Approved,2025,2,February
4872,1496,2025-09-28,Earned Leave,1,Approved,2025,9,September
4873,1104,2025-07-30,Earned Leave,1,Approved,2025,7,July
4874,1356,2025-11-09,Sick Leave,1,Approved,2025,11,November
4875,1368,2025-01-21,Emergency Leave,1,Approved,2025,1,January
4876,1451,2025-03-02,Earned Leave,2,Approved,2025,3,March
4877,1294,2025-10-26,Earned Leave,1,Rejected,2025,10,October
4878,1236,2025-09-29,Emergency Leave,1,Approved,2025,9,September
4879,1344,2025-12-20,Earned Leave,1,Approved,2025,12,December
4880,1023,2025-06-30,Earned Leave,1,Approved,2025,6,June
4881,1030,2025-11-15,Emergency Leave,1,Approved,2025,11,November
4882,1410,2025-08-18,Emergency Leave,1,Approved,2025,8,August
4883,1500,2025-11-26,Sick Leave,1,Approved,2025,11,November
4884,1150,2025-11-21,Sick Leave,1,Pending,2025,11,November
4885,1474,2025-03-31,Emergency Leave,1,Approved,2025,3,March
4886,1276,2025-02-28,Emergency Leave,1,Approved,2025,2,February
4887,1198,2025-06-30,Casual Leave,1,Rejected,2025,6,June
4888,1104,2025-08-14,Sick Leave,1,Approved,2025,8,August
4889,1027,2025-12-22,Emergency Leave,1,Approved,2025,12,December
4890,1495,2025-08-18,Sick Leave,1,Approved,2025,8,August
4891,1274,2025-05-14,Emergency Leave,1,Rejected,2025,5,May
4892,1176,2025-04-27,Casual Leave,2,Approved,2025,4,April
4893,1312,2025-12-17,Casual Leave,1,Approved,2025,12,December
4894,1392,2025-01-13,Emergency Leave,1,Rejected,2025,1,January
4895,1420,2025-01-04,Casual Leave,2,Approved,2025,1,January
4896,1103,2025-03-30,Earned Leave,2,Approved,2025,3,March
4897,1415,2025-02-11,Sick Leave,2,Approved,2025,2,February
4898,1031,2025-12-05,Sick Leave,1,Approved,2025,12,December
4899,1403,2025-04-12,Casual Leave,2,Approved,2025,4,April
4900,1205,2025-08-10,Earned Leave,2,Approved,2025,8,August
4901,1376,2025-10-14,Earned Leave,1,Approved,2025,10,October
4902,1319,2025-03-19,Sick Leave,1,Approved,2025,3,March
4903,1125,2025-04-15,Sick Leave,1,Approved,2025,4,April
4904,1308,2025-03-03,Emergency Leave,1,Rejected,2025,3,March
4905,1375,2025-01-02,Casual Leave,1,Pending,2025,1,January
4906,1375,2025-10-04,Earned Leave,1,Pending,2025,10,October
4907,1203,2025-11-19,Emergency Leave,1,Approved,2025,11,November
4908,1338,2025-12-20,Earned Leave,3,Pending,2025,12,December
4909,1443,2025-10-07,Earned Leave,1,Approved,2025,10,October
4910,1034,2025-06-02,Casual Leave,1,Approved,2025,6,June
4911,1402,2025-12-04,Casual Leave,1,Approved,2025,12,December
4912,1486,2025-05-24,Sick Leave,1,Approved,2025,5,May
4913,1231,2025-07-07,Emergency Leave,2,Approved,2025,7,July
4914,1049,2025-10-23,Emergency Leave,1,Approved,2025,10,October
4915,1176,2025-08-06,Emergency Leave,1,Approved,2025,8,August
4916,1480,2025-02-02,Sick Leave,1,Approved,2025,2,February
4917,1045,2025-02-16,Sick Leave,2,Rejected,2025,2,February
4918,1246,2025-03-22,Emergency Leave,1,Approved,2025,3,March
4919,1134,2025-11-29,Earned Leave,1,Rejected,2025,11,November
4920,1193,2025-12-29,Emergency Leave,1,Approved,2025,12,December
4921,1209,2025-07-20,Earned Leave,1,Pending,2025,7,July
4922,1294,2025-12-13,Earned Leave,1,Approved,2025,12,December
4923,1417,2025-11-12,Earned Leave,1,Approved,2025,11,November
4924,1294,2025-11-14,Emergency Leave,1,Approved,2025,11,November
4925,1304,2025-09-12,Emergency Leave,1,Approved,2025,9,September
4926,1390,2025-10-18,Earned Leave,1,Pending,2025,10,October
4927,1333,2025-05-20,Sick Leave,1,Rejected,2025,5,May
4928,1202,2025-06-03,Sick Leave,1,Approved,2025,6,June
4929,1031,2025-06-26,Emergency Leave,2,Approved,2025,6,June
4930,1011,2025-11-16,Casual Leave,2,Rejected,2025,11,November
4931,1330,2025-07-08,Emergency Leave,1,Approved,2025,7,July
4932,1468,2025-04-25,Emergency Leave,2,Rejected,2025,4,April
4933,1246,2025-03-14,Earned Leave,1,Approved,2025,3,March
4934,1415,2025-02-03,Casual Leave,1,Pending,2025,2,February
4935,1470,2025-02-20,Earned Leave,1,Rejected,2025,2,February
4936,1438,2025-09-21,Casual Leave,1,Approved,2025,9,September
4937,1473,2025-02-25,Emergency Leave,1,Pending,2025,2,February
4938,1041,2025-10-21,Casual Leave,1,Approved,2025,10,October
4939,1369,2025-04-08,Casual Leave,1,Approved,2025,4,April
4940,1029,2025-06-24,Casual Leave,2,Approved,2025,6,June
4941,1476,2025-01-06,Emergency Leave,1,Rejected,2025,1,January
4942,1102,2025-02-13,Sick Leave,2,Approved,2025,2,February
4943,1254,2025-03-19,Sick Leave,1,Approved,2025,3,March
4944,1487,2025-09-18,Casual Leave,1,Approved,2025,9,September
4945,1370,2025-10-16,Sick Leave,1,Pending,2025,10,October
4946,1360,2025-01-27,Emergency Leave,2,Pending,2025,1,January
4947,1058,2025-10-06,Emergency Leave,1,Pending,2025,10,October
4948,1055,2025-03-08,Sick Leave,1,Approved,2025,3,March
4949,1163,2025-04-14,Casual Leave,1,Pending,2025,4,April
4950,1277,2025-12-18,Emergency Leave,2,Approved,2025,12,December
4951,1222,2025-12-11,Emergency Leave,1,Approved,2025,12,December
4952,1046,2025-04-16,Emergency Leave,1,Approved,2025,4,April
4953,1487,2025-12-20,Earned Leave,2,Approved,2025,12,December
4954,1156,2025-01-07,Sick Leave,1,Pending,2025,1,January
4955,1487,2025-01-01,Earned Leave,1,Rejected,2025,1,January
4956,1489,2025-08-15,Sick Leave,1,Approved,2025,8,August
4957,1428,2025-01-19,Casual Leave,1,Approved,2025,1,January
4958,1071,2025-01-06,Earned Leave,1,Approved,2025,1,January
4959,1347,2025-03-19,Casual Leave,2,Approved,2025,3,March
4960,1320,2025-12-21,Casual Leave,2,Approved,2025,12,December
4961,1325,2025-01-03,Casual Leave,2,Approved,2025,1,January
4962,1026,2025-12-31,Sick Leave,1,Approved,2025,12,December
4963,1307,2025-09-23,Earned Leave,1,Approved,2025,9,September
4964,1290,2025-11-24,Emergency Leave,1,Rejected,2025,11,November
4965,1498,2025-08-28,Earned Leave,1,Approved,2025,8,August
4966,1157,2025-02-07,Earned Leave,1,Approved,2025,2,February
4967,1069,2025-10-26,Sick Leave,1,Pending,2025,10,October
4968,1377,2025-11-06,Sick Leave,1,Approved,2025,11,November
4969,1347,2025-12-04,Sick Leave,1,Approved,2025,12,December
4970,1012,2025-01-20,Sick Leave,1,Approved,2025,1,January
4971,1293,2025-09-11,Emergency Leave,1,Approved,2025,9,September
4972,1187,2025-08-12,Emergency Leave,3,Approved,2025,8,August
4973,1188,2025-05-06,Sick Leave,1,Pending,2025,5,May
4974,1468,2025-12-20,Casual Leave,1,Approved,2025,12,December
4975,1171,2025-03-02,Earned Leave,1,Approved,2025,3,March
4976,1044,2025-06-10,Sick Leave,1,Rejected,2025,6,June
4977,1085,2025-02-17,Emergency Leave,1,Approved,2025,2,February
4978,1118,2025-11-11,Sick Leave,1,Approved,2025,11,November
4979,1188,2025-08-16,Emergency Leave,1,Approved,2025,8,August
4980,1035,2025-08-27,Earned Leave,1,Approved,2025,8,August
4981,1017,2025-07-31,Emergency Leave,1,Approved,2025,7,July
4982,1092,2025-05-14,Emergency Leave,1,Approved,2025,5,May
4983,1454,2025-08-20,Emergency Leave,2,Approved,2025,8,August
4984,1400,2025-11-05,Casual Leave,2,Approved,2025,11,November
4985,1359,2025-01-18,Sick Leave,1,Rejected,2025,1,January
4986,1279,2025-02-23,Emergency Leave,1,Approved,2025,2,February
4987,1351,2025-12-27,Sick Leave,1,Approved,2025,12,December
4988,1389,2025-09-15,Emergency Leave,1,Approved,2025,9,September
4989,1074,2025-01-07,Emergency Leave,2,Approved,2025,1,January
4990,1265,2025-06-07,Earned Leave,2,Approved,2025,6,June
4991,1435,2025-01-11,Emergency Leave,1,Approved,2025,1,January
4992,1038,2025-08-04,Sick Leave,1,Rejected,2025,8,August
4993,1429,2025-09-28,Sick Leave,1,Approved,2025,9,September
4994,1102,2025-03-05,Emergency Leave,1,Approved,2025,3,March
4995,1204,2025-10-29,Casual Leave,2,Approved,2025,10,October
4996,1088,2025-10-13,Sick Leave,1,Approved,2025,10,October
4997,1399,2025-06-07,Emergency Leave,2,Pending,2025,6,June
4998,1449,2025-08-07,Emergency Leave,1,Rejected,2025,8,August
4999,1234,2025-02-20,Emergency Leave,1,Rejected,2025,2,February
5000,1080,2025-01-04,Emergency Leave,1,Approved,2025,1,January
